timestep,source_node,destination_node,bandwidth_capacity,bandwidth_utilization,delay,packet_loss,jitter,throughput,queue_length,packet_rate
0,0,1,953.4,0.5573,2.17,0.0,1.15,531.35,0.0,44279.54
0,0,2,1029.61,0.4276,2.04,0.0,0.77,440.25,0.0,36687.53
0,0,3,934.23,0.4804,2.09,0.0,0.92,448.79,0.0,37398.93
0,0,5,932.68,0.4694,1.95,0.0,0.89,437.84,0.0,36486.45
0,0,7,1097.9,0.5778,2.06,0.0,1.21,634.39,0.0,52865.46
0,0,9,1011.39,0.5652,2.07,0.0,1.17,571.63,0.0,47636.15
0,0,10,1068.57,0.6107,2.11,0.0,1.32,652.57,0.0,54380.93
0,0,11,945.81,0.4407,1.81,0.0,0.81,416.79,0.0,34732.18
0,0,13,963.09,0.5114,1.91,0.0,1.01,492.52,0.0,41043.59
0,0,14,942.2,0.4286,2.18,0.0,0.78,403.83,0.0,33652.25
0,1,0,1075.27,0.4685,1.93,0.0,0.88,503.74,0.0,41978.06
0,1,3,1031.09,0.529,1.96,0.0,1.06,545.46,0.0,45455.27
0,1,4,1082.91,0.4279,1.98,0.0,0.77,463.39,0.0,38615.8
0,1,6,952.98,0.4643,1.9,0.0,0.87,442.46,0.0,36871.88
0,1,7,1012.27,0.5595,1.91,0.0,1.15,566.4,0.0,47199.96
0,1,8,1016.92,0.5374,2.16,0.0,1.08,546.47,0.0,45538.94
0,2,0,979.88,0.4689,1.89,0.0,0.89,459.42,0.0,38285.16
0,2,4,1099.51,0.5467,2.0,0.0,1.11,601.14,0.0,50094.97
0,3,0,918.18,0.5932,1.82,0.0,1.26,544.69,0.0,45390.45
0,3,1,921.93,0.4237,2.05,0.0,0.76,390.6,0.0,32550.32
0,3,8,1058.42,0.5925,1.97,0.0,1.26,627.07,0.0,52255.99
0,4,1,912.71,0.5697,1.95,0.0,1.18,519.99,0.0,43332.68
0,4,2,1099.22,0.4942,2.01,0.0,0.96,543.18,0.0,45265.29
0,4,5,1094.22,0.4551,2.14,0.0,0.85,498.02,0.0,41501.8
0,4,6,902.3,0.6244,2.09,0.0,1.36,563.42,0.0,46951.77
0,4,12,1036.34,0.4934,2.01,0.0,0.95,511.31,0.0,42609.26
0,4,13,953.37,0.4419,2.06,0.0,0.81,421.29,0.0,35107.21
0,5,0,922.31,0.4427,1.97,0.0,0.81,408.33,0.0,34027.89
0,5,4,990.74,0.6013,2.18,0.0,1.29,595.69,0.0,49641.05
0,5,11,1075.17,0.5498,1.91,0.0,1.12,591.12,0.0,49259.59
0,5,12,1000.12,0.5927,1.87,0.0,1.26,592.81,0.0,49400.66
0,6,1,1082.53,0.5764,2.15,0.0,1.21,623.96,0.0,51997.0
0,6,4,959.69,0.5355,2.06,0.0,1.08,513.95,0.0,42828.97
0,6,9,1021.79,0.6278,1.86,0.0,1.37,641.47,0.0,53455.43
0,7,0,1052.5,0.5022,2.02,0.0,0.98,528.6,0.0,44050.4
0,7,1,1055.73,0.5389,2.01,0.0,1.09,568.91,0.0,47408.78
0,8,1,900.11,0.5974,1.93,0.0,1.27,537.76,0.0,44813.52
0,8,3,903.9,0.5529,2.17,0.0,1.13,499.78,0.0,41648.04
0,8,10,1075.74,0.6043,2.13,0.0,1.3,650.03,0.0,54169.0
0,8,14,961.5,0.5442,1.82,0.0,1.11,523.27,0.0,43605.51
0,9,0,1075.6,0.5711,2.18,0.0,1.19,614.26,0.0,51187.94
0,9,6,917.13,0.432,1.99,0.0,0.79,396.19,0.0,33015.48
0,10,0,913.84,0.4704,2.1,0.0,0.89,429.9,0.0,35824.81
0,10,8,1053.17,0.4834,1.85,0.0,0.93,509.12,0.0,42426.41
0,11,0,995.06,0.4392,2.02,0.0,0.8,436.99,0.0,36415.61
0,11,5,953.01,0.4715,2.15,0.0,0.89,449.31,0.0,37442.42
0,12,4,984.63,0.4436,1.88,0.0,0.82,436.82,0.0,36401.37
0,12,5,1007.86,0.481,2.09,0.0,0.92,484.78,0.0,40398.69
0,13,0,940.23,0.5565,1.92,0.0,1.14,523.27,0.0,43605.96
0,13,4,1099.03,0.4993,2.06,0.0,0.97,548.79,0.0,45732.85
0,14,0,987.62,0.5005,2.01,0.0,0.97,494.28,0.0,41189.81
0,14,8,924.2,0.4665,1.89,0.0,0.88,431.18,0.0,35931.86
1,0,1,953.4,0.3669,2.17,0.0,0.67,349.76,0.0,29146.99
1,0,2,1029.61,0.3841,2.04,0.0,0.8,395.46,0.0,32955.2
1,0,3,934.23,0.4787,2.09,0.0,0.89,447.19,0.0,37265.73
1,0,5,932.68,0.4704,1.95,0.0,0.93,438.77,0.0,36564.28
1,0,7,1097.9,0.406,2.06,0.0,0.84,445.71,0.0,37142.42
1,0,9,1011.39,0.4888,2.07,0.0,1.03,494.34,0.0,41195.07
1,0,10,1068.57,0.45,2.11,0.0,0.89,480.86,0.0,40071.7
1,0,11,945.81,0.4046,1.81,0.0,0.81,382.7,0.0,31891.55
1,0,13,963.09,0.3541,1.91,0.0,0.64,341.05,0.0,28420.84
1,0,14,942.2,0.4283,2.18,0.0,0.85,403.54,0.0,33628.1
1,1,0,1075.27,0.4465,1.93,0.0,0.87,480.06,0.0,40005.4
1,1,3,1031.09,0.4695,1.96,0.0,1.01,484.14,0.0,40345.28
1,1,4,1082.91,0.3719,1.98,0.0,0.75,402.77,0.0,33564.42
1,1,6,952.98,0.4687,1.9,0.0,0.99,446.62,0.0,37218.01
1,1,7,1012.27,0.3845,1.91,0.0,0.76,389.19,0.0,32432.28
1,1,8,1016.92,0.4507,2.16,0.0,0.84,458.32,0.0,38193.06
1,2,0,979.88,0.4646,1.89,0.0,0.99,455.27,0.0,37939.07
1,2,4,1099.51,0.4427,2.0,0.0,0.94,486.73,0.0,40560.83
1,3,0,918.18,0.4799,1.82,0.0,0.94,440.62,0.0,36718.5
1,3,1,921.93,0.4105,2.05,0.0,0.75,378.42,0.0,31535.23
1,3,8,1058.42,0.4506,1.97,0.0,0.9,476.88,0.0,39739.83
1,4,1,912.71,0.3593,1.95,0.0,0.72,327.94,0.0,27328.6
1,4,2,1099.22,0.3432,2.01,0.0,0.72,377.27,0.0,31439.43
1,4,5,1094.22,0.3304,2.14,0.0,0.67,361.55,0.0,30129.45
1,4,6,902.3,0.4851,2.09,0.0,0.97,437.68,0.0,36473.72
1,4,12,1036.34,0.4147,2.01,0.0,0.84,429.79,0.0,35815.82
1,4,13,953.37,0.4128,2.06,0.0,0.81,393.56,0.0,32796.57
1,5,0,922.31,0.3546,1.97,0.0,0.65,327.04,0.0,27253.0
1,5,4,990.74,0.4845,2.18,0.0,0.88,479.99,0.0,39999.2
1,5,11,1075.17,0.4769,1.91,0.0,1.04,512.73,0.0,42727.44
1,5,12,1000.12,0.3941,1.87,0.0,0.84,394.18,0.0,32848.34
1,6,1,1082.53,0.3302,2.15,0.0,0.63,357.47,0.0,29789.37
1,6,4,959.69,0.3338,2.06,0.0,0.72,320.33,0.0,26693.89
1,6,9,1021.79,0.439,1.86,0.0,0.88,448.62,0.0,37384.68
1,7,0,1052.5,0.4777,2.02,0.0,0.88,502.77,0.0,41897.64
1,7,1,1055.73,0.3869,2.01,0.0,0.83,408.42,0.0,34035.35
1,8,1,900.11,0.4259,1.93,0.0,0.87,383.35,0.0,31945.69
1,8,3,903.9,0.3465,2.17,0.0,0.75,313.18,0.0,26098.56
1,8,10,1075.74,0.4587,2.13,0.0,0.95,493.4,0.0,41116.84
1,8,14,961.5,0.3306,1.82,0.0,0.61,317.83,0.0,26485.84
1,9,0,1075.6,0.4413,2.18,0.0,0.9,474.67,0.0,39555.92
1,9,6,917.13,0.3341,1.99,0.0,0.71,306.39,0.0,25532.62
1,10,0,913.84,0.4493,2.1,0.0,0.97,410.55,0.0,34212.13
1,10,8,1053.17,0.3599,1.85,0.0,0.7,379.06,0.0,31588.57
1,11,0,995.06,0.4381,2.02,0.0,0.88,435.89,0.0,36323.99
1,11,5,953.01,0.4143,2.15,0.0,0.86,394.8,0.0,32900.34
1,12,4,984.63,0.4764,1.88,0.0,0.89,469.06,0.0,39088.3
1,12,5,1007.86,0.3577,2.09,0.0,0.77,360.54,0.0,30045.1
1,13,0,940.23,0.4501,1.92,0.0,0.95,423.15,0.0,35262.8
1,13,4,1099.03,0.4003,2.06,0.0,0.73,439.93,0.0,36661.11
1,14,0,987.62,0.4428,2.01,0.0,0.9,437.3,0.0,36441.8
1,14,8,924.2,0.479,1.89,0.0,0.93,442.7,0.0,36891.87
2,0,1,953.4,0.5356,2.17,0.0,1.05,510.69,0.0,42557.38
2,0,2,1029.61,0.5015,2.04,0.0,1.01,516.32,0.0,43026.59
2,0,3,934.23,0.4304,2.09,0.0,0.92,402.11,0.0,33508.99
2,0,5,932.68,0.4144,1.95,0.0,0.78,386.52,0.0,32210.05
2,0,7,1097.9,0.4049,2.06,0.0,0.77,444.53,0.0,37044.0
2,0,9,1011.39,0.5653,2.07,0.0,1.02,571.75,0.0,47646.09
2,0,10,1068.57,0.4665,2.11,0.0,0.86,498.54,0.0,41544.64
2,0,11,945.81,0.5592,1.81,0.0,1.01,528.88,0.0,44073.36
2,0,13,963.09,0.5185,1.91,0.0,0.97,499.32,0.0,41609.88
2,0,14,942.2,0.433,2.18,0.0,0.87,407.98,0.0,33998.18
2,1,0,1075.27,0.4798,1.93,0.0,1.05,515.95,0.0,42995.82
2,1,3,1031.09,0.472,1.96,0.0,0.98,486.68,0.0,40556.55
2,1,4,1082.91,0.4874,1.98,0.0,0.95,527.86,0.0,43988.46
2,1,6,952.98,0.5136,1.9,0.0,1.01,489.44,0.0,40786.35
2,1,7,1012.27,0.4522,1.91,0.0,0.94,457.72,0.0,38143.18
2,1,8,1016.92,0.4839,2.16,0.0,0.93,492.13,0.0,41010.69
2,2,0,979.88,0.4375,1.89,0.0,0.8,428.69,0.0,35723.85
2,2,4,1099.51,0.4963,2.0,0.0,1.06,545.7,0.0,45475.14
2,3,0,918.18,0.4449,1.82,0.0,0.91,408.51,0.0,34042.86
2,3,1,921.93,0.5643,2.05,0.0,1.04,520.2,0.0,43350.29
2,3,8,1058.42,0.3969,1.97,0.0,0.73,420.05,0.0,35003.94
2,4,1,912.71,0.5518,1.95,0.0,1.01,503.6,0.0,41966.93
2,4,2,1099.22,0.5655,2.01,0.0,1.23,621.58,0.0,51798.53
2,4,5,1094.22,0.5767,2.14,0.0,1.06,631.01,0.0,52583.91
2,4,6,902.3,0.4823,2.09,0.0,0.99,435.19,0.0,36265.68
2,4,12,1036.34,0.4061,2.01,0.0,0.89,420.84,0.0,35070.28
2,4,13,953.37,0.5089,2.06,0.0,0.92,485.19,0.0,40432.54
2,5,0,922.31,0.3914,1.97,0.0,0.76,360.99,0.0,30082.36
2,5,4,990.74,0.4903,2.18,0.0,0.98,485.76,0.0,40480.19
2,5,11,1075.17,0.4345,1.91,0.0,0.94,467.13,0.0,38927.64
2,5,12,1000.12,0.4251,1.87,0.0,0.8,425.16,0.0,35430.08
2,6,1,1082.53,0.454,2.15,0.0,0.86,491.49,0.0,40957.77
2,6,4,959.69,0.4096,2.06,0.0,0.78,393.09,0.0,32757.47
2,6,9,1021.79,0.477,1.86,0.0,0.87,487.41,0.0,40617.59
2,7,0,1052.5,0.4332,2.02,0.0,0.9,455.95,0.0,37996.09
2,7,1,1055.73,0.4618,2.01,0.0,0.98,487.54,0.0,40628.56
2,8,1,900.11,0.4621,1.93,0.0,0.91,415.92,0.0,34660.37
2,8,3,903.9,0.4255,2.17,0.0,0.77,384.64,0.0,32053.09
2,8,10,1075.74,0.447,2.13,0.0,0.93,480.88,0.0,40073.18
2,8,14,961.5,0.4659,1.82,0.0,0.98,447.97,0.0,37330.98
2,9,0,1075.6,0.5599,2.18,0.0,1.15,602.18,0.0,50181.72
2,9,6,917.13,0.5606,1.99,0.0,1.08,514.19,0.0,42848.89
2,10,0,913.84,0.4615,2.1,0.0,0.98,421.71,0.0,35142.89
2,10,8,1053.17,0.416,1.85,0.0,0.85,438.13,0.0,36510.65
2,11,0,995.06,0.4943,2.02,0.0,1.01,491.83,0.0,40986.2
2,11,5,953.01,0.5054,2.15,0.0,1.02,481.69,0.0,40141.19
2,12,4,984.63,0.4955,1.88,0.0,0.94,487.84,0.0,40653.09
2,12,5,1007.86,0.5496,2.09,0.0,1.09,553.95,0.0,46162.64
2,13,0,940.23,0.4414,1.92,0.0,0.93,415.04,0.0,34586.67
2,13,4,1099.03,0.4083,2.06,0.0,0.85,448.78,0.0,37398.06
2,14,0,987.62,0.4185,2.01,0.0,0.81,413.31,0.0,34442.11
2,14,8,924.2,0.4004,1.89,0.0,0.85,370.06,0.0,30837.93
3,0,1,953.4,0.4488,2.17,0.0,0.86,427.87,0.0,35655.78
3,0,2,1029.61,0.4481,2.04,0.0,0.89,461.34,0.0,38444.67
3,0,3,934.23,0.4265,2.09,0.0,0.78,398.45,0.0,33204.01
3,0,5,932.68,0.4548,1.95,0.0,0.88,424.23,0.0,35352.31
3,0,7,1097.9,0.447,2.06,0.0,0.82,490.77,0.0,40897.48
3,0,9,1011.39,0.4639,2.07,0.0,0.84,469.19,0.0,39099.24
3,0,10,1068.57,0.5062,2.11,0.0,0.97,540.91,0.0,45076.19
3,0,11,945.81,0.498,1.81,0.0,0.92,471.03,0.0,39252.39
3,0,13,963.09,0.3665,1.91,0.0,0.71,352.97,0.0,29414.2
3,0,14,942.2,0.5061,2.18,0.0,1.06,476.88,0.0,39739.61
3,1,0,1075.27,0.5354,1.93,0.0,0.97,575.7,0.0,47974.72
3,1,3,1031.09,0.4446,1.96,0.0,0.91,458.44,0.0,38203.52
3,1,4,1082.91,0.509,1.98,0.0,0.94,551.21,0.0,45934.56
3,1,6,952.98,0.4694,1.9,0.0,0.99,447.3,0.0,37275.19
3,1,7,1012.27,0.5225,1.91,0.0,1.09,528.86,0.0,44072.06
3,1,8,1016.92,0.4654,2.16,0.0,0.88,473.25,0.0,39437.52
3,2,0,979.88,0.4775,1.89,0.0,1.02,467.89,0.0,38991.21
3,2,4,1099.51,0.4869,2.0,0.0,1.02,535.39,0.0,44615.86
3,3,0,918.18,0.4658,1.82,0.0,0.85,427.72,0.0,35643.61
3,3,1,921.93,0.5144,2.05,0.0,1.01,474.28,0.0,39523.47
3,3,8,1058.42,0.4339,1.97,0.0,0.9,459.21,0.0,38267.8
3,4,1,912.71,0.5028,1.95,0.0,1.09,458.94,0.0,38244.63
3,4,2,1099.22,0.4973,2.01,0.0,0.93,546.59,0.0,45549.48
3,4,5,1094.22,0.4301,2.14,0.0,0.82,470.65,0.0,39220.98
3,4,6,902.3,0.387,2.09,0.0,0.82,349.23,0.0,29102.72
3,4,12,1036.34,0.5138,2.01,0.0,1.12,532.5,0.0,44375.31
3,4,13,953.37,0.52,2.06,0.0,0.96,495.78,0.0,41314.93
3,5,0,922.31,0.4489,1.97,0.0,0.82,414.0,0.0,34500.26
3,5,4,990.74,0.3988,2.18,0.0,0.84,395.11,0.0,32925.58
3,5,11,1075.17,0.4465,1.91,0.0,0.86,480.08,0.0,40006.74
3,5,12,1000.12,0.4215,1.87,0.0,0.82,421.54,0.0,35128.64
3,6,1,1082.53,0.4326,2.15,0.0,0.93,468.27,0.0,39022.54
3,6,4,959.69,0.4933,2.06,0.0,1.04,473.38,0.0,39448.46
3,6,9,1021.79,0.4744,1.86,0.0,0.98,484.71,0.0,40392.92
3,7,0,1052.5,0.5345,2.02,0.0,1.15,562.59,0.0,46882.83
3,7,1,1055.73,0.4628,2.01,0.0,0.97,488.61,0.0,40717.41
3,8,1,900.11,0.4858,1.93,0.0,1.03,437.23,0.0,36435.95
3,8,3,903.9,0.4043,2.17,0.0,0.83,365.43,0.0,30452.9
3,8,10,1075.74,0.4896,2.13,0.0,1.0,526.69,0.0,43891.06
3,8,14,961.5,0.5368,1.82,0.0,0.98,516.1,0.0,43008.47
3,9,0,1075.6,0.5066,2.18,0.0,1.1,544.94,0.0,45412.04
3,9,6,917.13,0.5069,1.99,0.0,1.1,464.86,0.0,38738.07
3,10,0,913.84,0.408,2.1,0.0,0.79,372.85,0.0,31070.54
3,10,8,1053.17,0.4122,1.85,0.0,0.85,434.08,0.0,36173.17
3,11,0,995.06,0.4417,2.02,0.0,0.8,439.49,0.0,36623.81
3,11,5,953.01,0.5101,2.15,0.0,1.02,486.16,0.0,40513.22
3,12,4,984.63,0.417,1.88,0.0,0.85,410.62,0.0,34218.02
3,12,5,1007.86,0.393,2.09,0.0,0.75,396.11,0.0,33008.94
3,13,0,940.23,0.4155,1.92,0.0,0.82,390.7,0.0,32558.56
3,13,4,1099.03,0.4763,2.06,0.0,1.02,523.43,0.0,43619.26
3,14,0,987.62,0.439,2.01,0.0,0.82,433.52,0.0,36126.37
3,14,8,924.2,0.399,1.89,0.0,0.79,368.76,0.0,30730.06
4,0,1,953.4,0.593,2.17,0.0,1.28,565.32,0.0,47110.25
4,0,2,1029.61,0.5784,2.04,0.0,1.13,595.54,0.0,49628.47
4,0,3,934.23,0.6668,2.09,0.0,1.36,622.92,0.0,51909.84
4,0,5,932.68,0.6787,1.95,0.0,1.45,632.97,0.0,52747.55
4,0,7,1097.9,0.6123,2.06,0.0,1.16,672.3,0.0,56024.71
4,0,9,1011.39,0.5044,2.07,0.0,1.01,510.16,0.0,42513.23
4,0,10,1068.57,0.4633,2.11,0.0,0.94,495.05,0.0,41253.87
4,0,11,945.81,0.5934,1.81,0.0,1.29,561.21,0.0,46767.88
4,0,13,963.09,0.559,1.91,0.0,1.01,538.37,0.0,44863.85
4,0,14,942.2,0.6448,2.18,0.0,1.18,607.55,0.0,50628.98
4,1,0,1075.27,0.5236,1.93,0.0,1.01,563.02,0.0,46917.99
4,1,3,1031.09,0.5801,1.96,0.0,1.24,598.11,0.0,49842.26
4,1,4,1082.91,0.6862,1.98,0.0,1.47,743.05,0.0,61921.18
4,1,6,952.98,0.521,1.9,0.0,0.97,496.47,0.0,41372.72
4,1,7,1012.27,0.6507,1.91,0.0,1.41,658.68,0.0,54889.7
4,1,8,1016.92,0.5243,2.16,0.0,1.05,533.15,0.0,44429.31
4,2,0,979.88,0.5287,1.89,0.0,1.16,518.02,0.0,43168.33
4,2,4,1099.51,0.4658,2.0,0.0,1.01,512.2,0.0,42683.33
4,3,0,918.18,0.6074,1.82,0.0,1.12,557.67,0.0,46472.15
4,3,1,921.93,0.6438,2.05,0.0,1.41,593.5,0.0,49458.14
4,3,8,1058.42,0.6247,1.97,0.0,1.24,661.22,0.0,55101.8
4,4,1,912.71,0.6046,1.95,0.0,1.13,551.79,0.0,45982.37
4,4,2,1099.22,0.619,2.01,0.0,1.23,680.41,0.0,56700.48
4,4,5,1094.22,0.5278,2.14,0.0,0.97,577.51,0.0,48125.68
4,4,6,902.3,0.5888,2.09,0.0,1.24,531.25,0.0,44271.23
4,4,12,1036.34,0.5218,2.01,0.0,1.05,540.76,0.0,45063.0
4,4,13,953.37,0.5084,2.06,0.0,0.94,484.66,0.0,40387.99
4,5,0,922.31,0.6595,1.97,0.0,1.25,608.23,0.0,50686.04
4,5,4,990.74,0.6138,2.18,0.0,1.23,608.15,0.0,50678.87
4,5,11,1075.17,0.5627,1.91,0.0,1.19,605.05,0.0,50420.69
4,5,12,1000.12,0.6914,1.87,0.0,1.32,691.52,0.0,57626.54
4,6,1,1082.53,0.5354,2.15,0.0,0.99,579.53,0.0,48294.46
4,6,4,959.69,0.5237,2.06,0.0,1.02,502.56,0.0,41880.03
4,6,9,1021.79,0.6814,1.86,0.0,1.25,696.2,0.0,58017.06
4,7,0,1052.5,0.6617,2.02,0.0,1.28,696.39,0.0,58032.48
4,7,1,1055.73,0.6887,2.01,0.0,1.48,727.09,0.0,60590.42
4,8,1,900.11,0.5726,1.93,0.0,1.07,515.38,0.0,42948.01
4,8,3,903.9,0.5011,2.17,0.0,0.96,452.92,0.0,37743.38
4,8,10,1075.74,0.5852,2.13,0.0,1.23,629.49,0.0,52457.69
4,8,14,961.5,0.5748,1.82,0.0,1.08,552.68,0.0,46056.73
4,9,0,1075.6,0.4721,2.18,0.0,0.87,507.82,0.0,42318.61
4,9,6,917.13,0.4794,1.99,0.0,0.91,439.72,0.0,36643.07
4,10,0,913.84,0.515,2.1,0.0,1.05,470.63,0.0,39218.86
4,10,8,1053.17,0.5427,1.85,0.0,1.13,571.56,0.0,47629.81
4,11,0,995.06,0.5947,2.02,0.0,1.23,591.75,0.0,49312.55
4,11,5,953.01,0.532,2.15,0.0,0.97,507.04,0.0,42253.12
4,12,4,984.63,0.5438,1.88,0.0,1.04,535.47,0.0,44622.62
4,12,5,1007.86,0.6064,2.09,0.0,1.12,611.22,0.0,50934.62
4,13,0,940.23,0.6115,1.92,0.0,1.24,574.92,0.0,47909.82
4,13,4,1099.03,0.6685,2.06,0.0,1.3,734.74,0.0,61228.17
4,14,0,987.62,0.5215,2.01,0.0,1.1,515.04,0.0,42919.8
4,14,8,924.2,0.5918,1.89,0.0,1.2,546.91,0.0,45576.01
5,0,1,953.4,0.4167,2.17,0.0,0.81,397.25,0.0,33104.48
5,0,2,1029.61,0.5547,2.04,0.0,1.09,571.15,0.0,47595.42
5,0,3,934.23,0.4759,2.09,0.0,0.94,444.63,0.0,37052.87
5,0,5,932.68,0.4024,1.95,0.0,0.78,375.35,0.0,31279.48
5,0,7,1097.9,0.5158,2.06,0.0,1.03,566.25,0.0,47187.4
5,0,9,1011.39,0.5421,2.07,0.0,1.06,548.26,0.0,45688.58
5,0,10,1068.57,0.3776,2.11,0.0,0.69,403.52,0.0,33626.46
5,0,11,945.81,0.4261,1.81,0.0,0.84,403.05,0.0,33587.5
5,0,13,963.09,0.5224,1.91,0.0,0.95,503.08,0.0,41923.01
5,0,14,942.2,0.5318,2.18,0.0,0.98,501.04,0.0,41753.75
5,1,0,1075.27,0.5492,1.93,0.0,1.05,590.58,0.0,49214.62
5,1,3,1031.09,0.5261,1.96,0.0,1.15,542.47,0.0,45205.91
5,1,4,1082.91,0.4984,1.98,0.0,0.99,539.71,0.0,44975.69
5,1,6,952.98,0.4178,1.9,0.0,0.84,398.13,0.0,33177.56
5,1,7,1012.27,0.5101,1.91,0.0,1.11,516.39,0.0,43032.14
5,1,8,1016.92,0.5462,2.16,0.0,1.18,555.43,0.0,46285.56
5,2,0,979.88,0.5145,1.89,0.0,1.04,504.17,0.0,42014.24
5,2,4,1099.51,0.4263,2.0,0.0,0.81,468.67,0.0,39056.14
5,3,0,918.18,0.5639,1.82,0.0,1.13,517.8,0.0,43150.31
5,3,1,921.93,0.4705,2.05,0.0,0.91,433.81,0.0,36150.46
5,3,8,1058.42,0.4065,1.97,0.0,0.89,430.23,0.0,35852.55
5,4,1,912.71,0.4938,1.95,0.0,0.9,450.7,0.0,37558.19
5,4,2,1099.22,0.5095,2.01,0.0,0.99,560.02,0.0,46668.28
5,4,5,1094.22,0.4905,2.14,0.0,1.02,536.77,0.0,44730.6
5,4,6,902.3,0.5074,2.09,0.0,1.04,457.86,0.0,38154.85
5,4,12,1036.34,0.4065,2.01,0.0,0.82,421.28,0.0,35106.71
5,4,13,953.37,0.4426,2.06,0.0,0.93,422.0,0.0,35166.54
5,5,0,922.31,0.4427,1.97,0.0,0.84,408.28,0.0,34023.38
5,5,4,990.74,0.476,2.18,0.0,1.02,471.64,0.0,39303.22
5,5,11,1075.17,0.4503,1.91,0.0,0.98,484.12,0.0,40343.4
5,5,12,1000.12,0.4445,1.87,0.0,0.81,444.54,0.0,37044.95
5,6,1,1082.53,0.5474,2.15,0.0,1.06,592.56,0.0,49379.88
5,6,4,959.69,0.4646,2.06,0.0,0.9,445.9,0.0,37158.71
5,6,9,1021.79,0.3939,1.86,0.0,0.77,402.53,0.0,33544.09
5,7,0,1052.5,0.5512,2.02,0.0,1.11,580.17,0.0,48347.09
5,7,1,1055.73,0.52,2.01,0.0,0.99,548.97,0.0,45747.15
5,8,1,900.11,0.4524,1.93,0.0,0.93,407.22,0.0,33935.29
5,8,3,903.9,0.4257,2.17,0.0,0.92,384.82,0.0,32067.92
5,8,10,1075.74,0.533,2.13,0.0,1.16,573.37,0.0,47781.24
5,8,14,961.5,0.4364,1.82,0.0,0.93,419.62,0.0,34968.39
5,9,0,1075.6,0.4146,2.18,0.0,0.78,445.99,0.0,37165.42
5,9,6,917.13,0.5606,1.99,0.0,1.18,514.14,0.0,42845.25
5,10,0,913.84,0.4995,2.1,0.0,1.05,456.49,0.0,38040.87
5,10,8,1053.17,0.5539,1.85,0.0,1.13,583.36,0.0,48613.64
5,11,0,995.06,0.4286,2.02,0.0,0.89,426.52,0.0,35543.35
5,11,5,953.01,0.4934,2.15,0.0,0.94,470.17,0.0,39181.0
5,12,4,984.63,0.555,1.88,0.0,1.17,546.45,0.0,45537.82
5,12,5,1007.86,0.4412,2.09,0.0,0.84,444.72,0.0,37059.65
5,13,0,940.23,0.3934,1.92,0.0,0.8,369.88,0.0,30823.34
5,13,4,1099.03,0.4508,2.06,0.0,0.86,495.5,0.0,41291.34
5,14,0,987.62,0.3947,2.01,0.0,0.79,389.83,0.0,32485.59
5,14,8,924.2,0.4606,1.89,0.0,0.84,425.67,0.0,35472.63
6,0,1,953.4,0.5647,2.17,0.0,1.14,538.36,0.0,44863.26
6,0,2,1029.61,0.4435,2.04,0.0,0.82,456.64,0.0,38053.49
6,0,3,934.23,0.5097,2.09,0.0,1.06,476.21,0.0,39684.26
6,0,5,932.68,0.5029,1.95,0.0,0.97,469.01,0.0,39084.06
6,0,7,1097.9,0.4292,2.06,0.0,0.93,471.18,0.0,39265.12
6,0,9,1011.39,0.584,2.07,0.0,1.1,590.69,0.0,49224.12
6,0,10,1068.57,0.556,2.11,0.0,1.17,594.18,0.0,49514.77
6,0,11,945.81,0.5729,1.81,0.0,1.07,541.83,0.0,45152.64
6,0,13,963.09,0.4874,1.91,0.0,1.07,469.42,0.0,39118.06
6,0,14,942.2,0.5371,2.18,0.0,1.15,506.04,0.0,42170.04
6,1,0,1075.27,0.419,1.93,0.0,0.77,450.5,0.0,37541.45
6,1,3,1031.09,0.5516,1.96,0.0,1.14,568.73,0.0,47394.54
6,1,4,1082.91,0.5452,1.98,0.0,1.03,590.42,0.0,49201.6
6,1,6,952.98,0.4563,1.9,0.0,0.91,434.81,0.0,36234.18
6,1,7,1012.27,0.5722,1.91,0.0,1.22,579.2,0.0,48266.87
6,1,8,1016.92,0.5513,2.16,0.0,1.03,560.6,0.0,46717.07
6,2,0,979.88,0.5981,1.89,0.0,1.13,586.11,0.0,48842.15
6,2,4,1099.51,0.556,2.0,0.0,1.02,611.33,0.0,50943.93
6,3,0,918.18,0.5001,1.82,0.0,0.91,459.17,0.0,38263.83
6,3,1,921.93,0.4128,2.05,0.0,0.83,380.55,0.0,31712.83
6,3,8,1058.42,0.5359,1.97,0.0,1.0,567.18,0.0,47264.9
6,4,1,912.71,0.4536,1.95,0.0,0.84,413.97,0.0,34497.76
6,4,2,1099.22,0.4966,2.01,0.0,1.03,545.92,0.0,45493.4
6,4,5,1094.22,0.4489,2.14,0.0,0.86,491.15,0.0,40929.26
6,4,6,902.3,0.4386,2.09,0.0,0.85,395.73,0.0,32977.78
6,4,12,1036.34,0.4221,2.01,0.0,0.82,437.42,0.0,36451.96
6,4,13,953.37,0.4537,2.06,0.0,0.97,432.58,0.0,36048.19
6,5,0,922.31,0.4258,1.97,0.0,0.81,392.72,0.0,32726.64
6,5,4,990.74,0.4106,2.18,0.0,0.85,406.76,0.0,33896.66
6,5,11,1075.17,0.5999,1.91,0.0,1.3,645.04,0.0,53753.48
6,5,12,1000.12,0.4884,1.87,0.0,0.99,488.43,0.0,40702.49
6,6,1,1082.53,0.5618,2.15,0.0,1.07,608.16,0.0,50680.23
6,6,4,959.69,0.5272,2.06,0.0,0.98,505.97,0.0,42164.58
6,6,9,1021.79,0.5715,1.86,0.0,1.18,583.92,0.0,48659.87
6,7,0,1052.5,0.5929,2.02,0.0,1.11,624.04,0.0,52003.66
6,7,1,1055.73,0.4938,2.01,0.0,0.97,521.3,0.0,43441.92
6,8,1,900.11,0.4165,1.93,0.0,0.89,374.88,0.0,31239.75
6,8,3,903.9,0.415,2.17,0.0,0.88,375.08,0.0,31256.93
6,8,10,1075.74,0.5002,2.13,0.0,0.96,538.11,0.0,44842.6
6,8,14,961.5,0.6029,1.82,0.0,1.17,579.7,0.0,48307.95
6,9,0,1075.6,0.4891,2.18,0.0,0.94,526.11,0.0,43842.36
6,9,6,917.13,0.59,1.99,0.0,1.13,541.1,0.0,45091.25
6,10,0,913.84,0.5366,2.1,0.0,1.07,490.39,0.0,40865.43
6,10,8,1053.17,0.573,1.85,0.0,1.06,603.5,0.0,50291.78
6,11,0,995.06,0.5901,2.02,0.0,1.09,587.21,0.0,48933.81
6,11,5,953.01,0.5917,2.15,0.0,1.1,563.88,0.0,46990.11
6,12,4,984.63,0.5122,1.88,0.0,0.99,504.38,0.0,42031.26
6,12,5,1007.86,0.5161,2.09,0.0,1.04,520.14,0.0,43345.29
6,13,0,940.23,0.5479,1.92,0.0,1.06,515.15,0.0,42928.84
6,13,4,1099.03,0.4347,2.06,0.0,0.86,477.74,0.0,39811.68
6,14,0,987.62,0.5368,2.01,0.0,1.13,530.18,0.0,44181.61
6,14,8,924.2,0.418,1.89,0.0,0.88,386.3,0.0,32191.57
7,0,1,953.4,0.4457,2.17,0.0,0.81,424.93,0.0,35410.59
7,0,2,1029.61,0.3365,2.04,0.0,0.66,346.49,0.0,28873.88
7,0,3,934.23,0.3869,2.09,0.0,0.71,361.47,0.0,30122.35
7,0,5,932.68,0.4796,1.95,0.0,1.01,447.35,0.0,37279.11
7,0,7,1097.9,0.4459,2.06,0.0,0.89,489.5,0.0,40791.92
7,0,9,1011.39,0.3843,2.07,0.0,0.7,388.64,0.0,32386.96
7,0,10,1068.57,0.3853,2.11,0.0,0.7,411.77,0.0,34314.03
7,0,11,945.81,0.4675,1.81,0.0,0.98,442.17,0.0,36847.77
7,0,13,963.09,0.3516,1.91,0.0,0.65,338.63,0.0,28219.23
7,0,14,942.2,0.355,2.18,0.0,0.74,334.45,0.0,27870.64
7,1,0,1075.27,0.361,1.93,0.0,0.74,388.19,0.0,32349.24
7,1,3,1031.09,0.4096,1.96,0.0,0.82,422.3,0.0,35191.78
7,1,4,1082.91,0.4278,1.98,0.0,0.92,463.3,0.0,38608.12
7,1,6,952.98,0.3782,1.9,0.0,0.77,360.38,0.0,30031.97
7,1,7,1012.27,0.4711,1.91,0.0,0.96,476.85,0.0,39737.1
7,1,8,1016.92,0.3838,2.16,0.0,0.75,390.28,0.0,32523.5
7,2,0,979.88,0.3867,1.89,0.0,0.73,378.89,0.0,31573.76
7,2,4,1099.51,0.3516,2.0,0.0,0.65,386.59,0.0,32216.15
7,3,0,918.18,0.3587,1.82,0.0,0.71,329.36,0.0,27446.45
7,3,1,921.93,0.4615,2.05,0.0,0.9,425.47,0.0,35455.58
7,3,8,1058.42,0.3811,1.97,0.0,0.8,403.33,0.0,33610.99
7,4,1,912.71,0.4485,1.95,0.0,0.86,409.37,0.0,34114.32
7,4,2,1099.22,0.3824,2.01,0.0,0.75,420.33,0.0,35027.37
7,4,5,1094.22,0.3952,2.14,0.0,0.86,432.44,0.0,36036.51
7,4,6,902.3,0.3461,2.09,0.0,0.71,312.26,0.0,26021.33
7,4,12,1036.34,0.3691,2.01,0.0,0.76,382.48,0.0,31873.22
7,4,13,953.37,0.3604,2.06,0.0,0.75,343.63,0.0,28636.18
7,5,0,922.31,0.3379,1.97,0.0,0.73,311.61,0.0,25967.34
7,5,4,990.74,0.4897,2.18,0.0,0.92,485.15,0.0,40429.24
7,5,11,1075.17,0.4253,1.91,0.0,0.9,457.25,0.0,38104.0
7,5,12,1000.12,0.413,1.87,0.0,0.75,413.08,0.0,34423.48
7,6,1,1082.53,0.4327,2.15,0.0,0.82,468.39,0.0,39032.88
7,6,4,959.69,0.4145,2.06,0.0,0.84,397.75,0.0,33145.55
7,6,9,1021.79,0.431,1.86,0.0,0.83,440.43,0.0,36702.37
7,7,0,1052.5,0.3486,2.02,0.0,0.7,366.92,0.0,30576.95
7,7,1,1055.73,0.4388,2.01,0.0,0.83,463.25,0.0,38604.19
7,8,1,900.11,0.3941,1.93,0.0,0.75,354.75,0.0,29562.18
7,8,3,903.9,0.4285,2.17,0.0,0.85,387.32,0.0,32276.5
7,8,10,1075.74,0.3344,2.13,0.0,0.68,359.74,0.0,29978.49
7,8,14,961.5,0.395,1.82,0.0,0.82,379.76,0.0,31646.91
7,9,0,1075.6,0.406,2.18,0.0,0.81,436.65,0.0,36387.2
7,9,6,917.13,0.4545,1.99,0.0,0.89,416.83,0.0,34735.44
7,10,0,913.84,0.3932,2.1,0.0,0.86,359.3,0.0,29941.96
7,10,8,1053.17,0.4547,1.85,0.0,0.96,478.88,0.0,39907.04
7,11,0,995.06,0.4299,2.02,0.0,0.87,427.77,0.0,35647.16
7,11,5,953.01,0.4775,2.15,0.0,0.96,455.1,0.0,37924.86
7,12,4,984.63,0.4221,1.88,0.0,0.78,415.63,0.0,34635.72
7,12,5,1007.86,0.3591,2.09,0.0,0.68,361.97,0.0,30164.39
7,13,0,940.23,0.4257,1.92,0.0,0.78,400.25,0.0,33353.86
7,13,4,1099.03,0.3357,2.06,0.0,0.73,368.94,0.0,30744.66
7,14,0,987.62,0.4831,2.01,0.0,1.03,477.11,0.0,39759.47
7,14,8,924.2,0.3446,1.89,0.0,0.63,318.51,0.0,26542.13
8,0,1,953.4,0.4664,2.17,0.0,0.93,444.7,0.0,37058.69
8,0,2,1029.61,0.5506,2.04,0.0,1.05,566.89,0.0,47240.56
8,0,3,934.23,0.4875,2.09,0.0,1.0,455.44,0.0,37953.27
8,0,5,932.68,0.5452,1.95,0.0,1.03,508.46,0.0,42371.85
8,0,7,1097.9,0.5958,2.06,0.0,1.19,654.18,0.0,54515.22
8,0,9,1011.39,0.4803,2.07,0.0,1.05,485.75,0.0,40479.24
8,0,10,1068.57,0.427,2.11,0.0,0.78,456.32,0.0,38026.49
8,0,11,945.81,0.4348,1.81,0.0,0.84,411.28,0.0,34272.98
8,0,13,963.09,0.4697,1.91,0.0,0.97,452.41,0.0,37700.55
8,0,14,942.2,0.4889,2.18,0.0,0.9,460.66,0.0,38388.7
8,1,0,1075.27,0.5528,1.93,0.0,1.03,594.41,0.0,49534.36
8,1,3,1031.09,0.4928,1.96,0.0,1.05,508.17,0.0,42347.14
8,1,4,1082.91,0.4525,1.98,0.0,0.99,490.0,0.0,40833.11
8,1,6,952.98,0.5592,1.9,0.0,1.08,532.92,0.0,44410.0
8,1,7,1012.27,0.5159,1.91,0.0,0.97,522.24,0.0,43520.28
8,1,8,1016.92,0.5291,2.16,0.0,1.16,538.1,0.0,44841.85
8,2,0,979.88,0.549,1.89,0.0,1.06,538.0,0.0,44833.45
8,2,4,1099.51,0.5761,2.0,0.0,1.18,633.38,0.0,52781.37
8,3,0,918.18,0.3998,1.82,0.0,0.82,367.11,0.0,30592.92
8,3,1,921.93,0.4057,2.05,0.0,0.83,374.06,0.0,31171.86
8,3,8,1058.42,0.4288,1.97,0.0,0.93,453.86,0.0,37822.01
8,4,1,912.71,0.5191,1.95,0.0,1.13,473.8,0.0,39482.93
8,4,2,1099.22,0.4851,2.01,0.0,1.01,533.25,0.0,44437.37
8,4,5,1094.22,0.463,2.14,0.0,0.99,506.65,0.0,42220.53
8,4,6,902.3,0.5272,2.09,0.0,1.12,475.68,0.0,39639.85
8,4,12,1036.34,0.4305,2.01,0.0,0.89,446.12,0.0,37176.32
8,4,13,953.37,0.4175,2.06,0.0,0.82,398.0,0.0,33166.31
8,5,0,922.31,0.5293,1.97,0.0,1.0,488.21,0.0,40684.46
8,5,4,990.74,0.5053,2.18,0.0,0.96,500.61,0.0,41717.66
8,5,11,1075.17,0.5066,1.91,0.0,1.1,544.63,0.0,45385.89
8,5,12,1000.12,0.415,1.87,0.0,0.86,415.08,0.0,34590.34
8,6,1,1082.53,0.4427,2.15,0.0,0.82,479.24,0.0,39936.27
8,6,4,959.69,0.5726,2.06,0.0,1.24,549.54,0.0,45794.8
8,6,9,1021.79,0.4977,1.86,0.0,0.95,508.56,0.0,42380.29
8,7,0,1052.5,0.5577,2.02,0.0,1.16,586.95,0.0,48912.71
8,7,1,1055.73,0.5818,2.01,0.0,1.15,614.27,0.0,51188.79
8,8,1,900.11,0.5256,1.93,0.0,1.0,473.06,0.0,39422.08
8,8,3,903.9,0.4025,2.17,0.0,0.76,363.82,0.0,30318.08
8,8,10,1075.74,0.4356,2.13,0.0,0.88,468.6,0.0,39049.79
8,8,14,961.5,0.4213,1.82,0.0,0.83,405.09,0.0,33757.81
8,9,0,1075.6,0.5305,2.18,0.0,1.09,570.62,0.0,47551.69
8,9,6,917.13,0.5149,1.99,0.0,1.07,472.24,0.0,39353.14
8,10,0,913.84,0.4073,2.1,0.0,0.87,372.2,0.0,31016.7
8,10,8,1053.17,0.4218,1.85,0.0,0.9,444.26,0.0,37021.71
8,11,0,995.06,0.5622,2.02,0.0,1.15,559.4,0.0,46616.71
8,11,5,953.01,0.5306,2.15,0.0,1.16,505.62,0.0,42135.41
8,12,4,984.63,0.4438,1.88,0.0,0.89,436.95,0.0,36412.33
8,12,5,1007.86,0.5432,2.09,0.0,1.17,547.47,0.0,45622.75
8,13,0,940.23,0.5351,1.92,0.0,1.14,503.1,0.0,41924.98
8,13,4,1099.03,0.5017,2.06,0.0,1.07,551.36,0.0,45946.26
8,14,0,987.62,0.4324,2.01,0.0,0.8,427.03,0.0,35586.09
8,14,8,924.2,0.4303,1.89,0.0,0.87,397.69,0.0,33140.84
9,0,1,953.4,0.4043,2.17,0.0,0.77,385.47,0.0,32122.52
9,0,2,1029.61,0.4168,2.04,0.0,0.83,429.12,0.0,35759.95
9,0,3,934.23,0.4423,2.09,0.0,0.82,413.25,0.0,34437.48
9,0,5,932.68,0.4797,1.95,0.0,1.02,447.38,0.0,37281.85
9,0,7,1097.9,0.4554,2.06,0.0,0.86,500.02,0.0,41668.29
9,0,9,1011.39,0.3668,2.07,0.0,0.74,371.0,0.0,30916.9
9,0,10,1068.57,0.4628,2.11,0.0,1.0,494.56,0.0,41213.53
9,0,11,945.81,0.5345,1.81,0.0,1.05,505.55,0.0,42128.89
9,0,13,963.09,0.4053,1.91,0.0,0.89,390.32,0.0,32526.57
9,0,14,942.2,0.434,2.18,0.0,0.91,408.96,0.0,34079.92
9,1,0,1075.27,0.3595,1.93,0.0,0.73,386.58,0.0,32215.02
9,1,3,1031.09,0.5014,1.96,0.0,1.03,517.02,0.0,43085.13
9,1,4,1082.91,0.4,1.98,0.0,0.81,433.14,0.0,36094.9
9,1,6,952.98,0.454,1.9,0.0,0.88,432.67,0.0,36055.78
9,1,7,1012.27,0.468,1.91,0.0,1.03,473.71,0.0,39475.78
9,1,8,1016.92,0.421,2.16,0.0,0.83,428.14,0.0,35678.3
9,2,0,979.88,0.3761,1.89,0.0,0.83,368.57,0.0,30714.13
9,2,4,1099.51,0.4684,2.0,0.0,1.0,515.05,0.0,42920.96
9,3,0,918.18,0.4354,1.82,0.0,0.79,399.79,0.0,33315.84
9,3,1,921.93,0.4985,2.05,0.0,0.95,459.58,0.0,38298.3
9,3,8,1058.42,0.4204,1.97,0.0,0.84,444.92,0.0,37076.4
9,4,1,912.71,0.4159,1.95,0.0,0.88,379.63,0.0,31635.44
9,4,2,1099.22,0.4756,2.01,0.0,0.89,522.77,0.0,43563.93
9,4,5,1094.22,0.4097,2.14,0.0,0.84,448.27,0.0,37355.77
9,4,6,902.3,0.4252,2.09,0.0,0.83,383.7,0.0,31974.91
9,4,12,1036.34,0.3638,2.01,0.0,0.77,376.99,0.0,31415.76
9,4,13,953.37,0.4143,2.06,0.0,0.9,394.98,0.0,32914.6
9,5,0,922.31,0.4473,1.97,0.0,0.94,412.58,0.0,34381.31
9,5,4,990.74,0.5191,2.18,0.0,0.97,514.25,0.0,42853.97
9,5,11,1075.17,0.4818,1.91,0.0,1.01,518.01,0.0,43167.26
9,5,12,1000.12,0.4378,1.87,0.0,0.86,437.86,0.0,36488.3
9,6,1,1082.53,0.5354,2.15,0.0,1.14,579.61,0.0,48300.88
9,6,4,959.69,0.474,2.06,0.0,0.94,454.89,0.0,37907.22
9,6,9,1021.79,0.4067,1.86,0.0,0.88,415.6,0.0,34633.48
9,7,0,1052.5,0.5027,2.02,0.0,1.1,529.07,0.0,44089.04
9,7,1,1055.73,0.3772,2.01,0.0,0.8,398.2,0.0,33183.26
9,8,1,900.11,0.427,1.93,0.0,0.91,384.39,0.0,32032.45
9,8,3,903.9,0.4969,2.17,0.0,1.06,449.13,0.0,37427.59
9,8,10,1075.74,0.4426,2.13,0.0,0.9,476.08,0.0,39673.22
9,8,14,961.5,0.4512,1.82,0.0,0.84,433.79,0.0,36149.35
9,9,0,1075.6,0.5149,2.18,0.0,1.13,553.82,0.0,46151.33
9,9,6,917.13,0.4486,1.99,0.0,0.89,411.45,0.0,34287.8
9,10,0,913.84,0.4261,2.1,0.0,0.77,389.39,0.0,32449.39
9,10,8,1053.17,0.4285,1.85,0.0,0.85,451.28,0.0,37606.91
9,11,0,995.06,0.4248,2.02,0.0,0.84,422.69,0.0,35224.32
9,11,5,953.01,0.4234,2.15,0.0,0.8,403.53,0.0,33627.11
9,12,4,984.63,0.4534,1.88,0.0,0.99,446.43,0.0,37202.51
9,12,5,1007.86,0.4603,2.09,0.0,0.85,463.93,0.0,38661.02
9,13,0,940.23,0.4663,1.92,0.0,1.01,438.42,0.0,36534.68
9,13,4,1099.03,0.4938,2.06,0.0,1.0,542.66,0.0,45221.92
9,14,0,987.62,0.467,2.01,0.0,0.87,461.18,0.0,38431.8
9,14,8,924.2,0.4078,1.89,0.0,0.79,376.86,0.0,31405.28
10,0,1,953.4,0.5623,2.17,0.0,1.23,536.12,0.0,44676.48
10,0,2,1029.61,0.5681,2.04,0.0,1.03,584.89,0.0,48741.0
10,0,3,934.23,0.5352,2.09,0.0,1.12,500.0,0.0,41666.71
10,0,5,932.68,0.7104,1.95,0.0,1.42,662.61,0.0,55217.71
10,0,7,1097.9,0.6264,2.06,0.0,1.36,687.7,0.0,57308.32
10,0,9,1011.39,0.5309,2.07,0.0,1.04,536.91,0.0,44742.42
10,0,10,1068.57,0.6165,2.11,0.0,1.34,658.82,0.0,54901.46
10,0,11,945.81,0.6487,1.81,0.0,1.21,613.57,0.0,51130.98
10,0,13,963.09,0.5974,1.91,0.0,1.31,575.31,0.0,47942.56
10,0,14,942.2,0.6271,2.18,0.0,1.23,590.82,0.0,49234.94
10,1,0,1075.27,0.4859,1.93,0.0,0.91,522.49,0.0,43540.79
10,1,3,1031.09,0.5833,1.96,0.0,1.13,601.4,0.0,50116.6
10,1,4,1082.91,0.5172,1.98,0.0,1.06,560.09,0.0,46673.85
10,1,6,952.98,0.6289,1.9,0.0,1.14,599.3,0.0,49941.54
10,1,7,1012.27,0.6345,1.91,0.0,1.24,642.31,0.0,53525.75
10,1,8,1016.92,0.5939,2.16,0.0,1.07,603.98,0.0,50331.88
10,2,0,979.88,0.52,1.89,0.0,0.95,509.57,0.0,42463.87
10,2,4,1099.51,0.6414,2.0,0.0,1.2,705.22,0.0,58768.48
10,3,0,918.18,0.7027,1.82,0.0,1.33,645.17,0.0,53764.34
10,3,1,921.93,0.5487,2.05,0.0,1.05,505.89,0.0,42157.18
10,3,8,1058.42,0.5486,1.97,0.0,1.16,580.6,0.0,48383.64
10,4,1,912.71,0.5707,1.95,0.0,1.12,520.87,0.0,43405.72
10,4,2,1099.22,0.5576,2.01,0.0,1.19,612.93,0.0,51077.86
10,4,5,1094.22,0.6985,2.14,0.0,1.51,764.28,0.0,63690.24
10,4,6,902.3,0.524,2.09,0.0,1.13,472.82,0.0,39401.59
10,4,12,1036.34,0.5633,2.01,0.0,1.23,583.81,0.0,48650.7
10,4,13,953.37,0.6506,2.06,0.0,1.32,620.25,0.0,51687.63
10,5,0,922.31,0.5686,1.97,0.0,1.18,524.39,0.0,43698.9
10,5,4,990.74,0.5496,2.18,0.0,1.18,544.49,0.0,45373.89
10,5,11,1075.17,0.6603,1.91,0.0,1.33,709.98,0.0,59164.79
10,5,12,1000.12,0.6759,1.87,0.0,1.26,675.97,0.0,56331.21
10,6,1,1082.53,0.5169,2.15,0.0,1.04,559.51,0.0,46625.91
10,6,4,959.69,0.4799,2.06,0.0,0.97,460.52,0.0,38376.72
10,6,9,1021.79,0.6023,1.86,0.0,1.13,615.46,0.0,51288.67
10,7,0,1052.5,0.5892,2.02,0.0,1.08,620.14,0.0,51678.33
10,7,1,1055.73,0.5935,2.01,0.0,1.11,626.6,0.0,52216.78
10,8,1,900.11,0.5326,1.93,0.0,1.11,479.4,0.0,39949.64
10,8,3,903.9,0.5347,2.17,0.0,1.14,483.32,0.0,40276.35
10,8,10,1075.74,0.4845,2.13,0.0,1.0,521.19,0.0,43432.79
10,8,14,961.5,0.4795,1.82,0.0,0.94,461.01,0.0,38417.18
10,9,0,1075.6,0.5982,2.18,0.0,1.08,643.43,0.0,53619.13
10,9,6,917.13,0.6948,1.99,0.0,1.25,637.18,0.0,53098.39
10,10,0,913.84,0.4921,2.1,0.0,1.01,449.71,0.0,37476.01
10,10,8,1053.17,0.5962,1.85,0.0,1.2,627.9,0.0,52324.73
10,11,0,995.06,0.6412,2.02,0.0,1.27,638.0,0.0,53166.52
10,11,5,953.01,0.5606,2.15,0.0,1.05,534.24,0.0,44519.87
10,12,4,984.63,0.5868,1.88,0.0,1.09,577.76,0.0,48146.28
10,12,5,1007.86,0.5632,2.09,0.0,1.05,567.67,0.0,47305.64
10,13,0,940.23,0.5302,1.92,0.0,0.98,498.48,0.0,41539.76
10,13,4,1099.03,0.5683,2.06,0.0,1.16,624.62,0.0,52051.62
10,14,0,987.62,0.5698,2.01,0.0,1.1,562.78,0.0,46898.55
10,14,8,924.2,0.6457,1.89,0.0,1.31,596.78,0.0,49731.83
11,0,1,953.4,0.5169,2.17,0.0,1.06,492.8,0.0,41066.77
11,0,2,1029.61,0.5875,2.04,0.0,1.27,604.95,0.0,50412.23
11,0,3,934.23,0.4506,2.09,0.0,0.89,421.0,0.0,35083.53
11,0,5,932.68,0.4669,1.95,0.0,0.97,435.51,0.0,36292.64
11,0,7,1097.9,0.557,2.06,0.0,1.21,611.5,0.0,50958.24
11,0,9,1011.39,0.5803,2.07,0.0,1.17,586.86,0.0,48905.36
11,0,10,1068.57,0.5285,2.11,0.0,1.11,564.76,0.0,47063.5
11,0,11,945.81,0.4518,1.81,0.0,0.94,427.34,0.0,35611.64
11,0,13,963.09,0.6061,1.91,0.0,1.3,583.71,0.0,48642.26
11,0,14,942.2,0.4493,2.18,0.0,0.82,423.33,0.0,35277.85
11,1,0,1075.27,0.4482,1.93,0.0,0.84,481.93,0.0,40161.18
11,1,3,1031.09,0.5524,1.96,0.0,1.21,569.6,0.0,47466.29
11,1,4,1082.91,0.5039,1.98,0.0,1.06,545.68,0.0,45473.48
11,1,6,952.98,0.5079,1.9,0.0,0.97,484.03,0.0,40335.56
11,1,7,1012.27,0.5551,1.91,0.0,1.16,561.89,0.0,46824.11
11,1,8,1016.92,0.5317,2.16,0.0,0.99,540.72,0.0,45059.63
11,2,0,979.88,0.485,1.89,0.0,0.94,475.27,0.0,39605.85
11,2,4,1099.51,0.6063,2.0,0.0,1.2,666.65,0.0,55554.18
11,3,0,918.18,0.4355,1.82,0.0,0.82,399.91,0.0,33325.72
11,3,1,921.93,0.4663,2.05,0.0,0.87,429.88,0.0,35823.56
11,3,8,1058.42,0.5605,1.97,0.0,1.12,593.2,0.0,49433.18
11,4,1,912.71,0.4456,1.95,0.0,0.92,406.68,0.0,33890.02
11,4,2,1099.22,0.522,2.01,0.0,1.01,573.81,0.0,47817.31
11,4,5,1094.22,0.5413,2.14,0.0,1.12,592.31,0.0,49359.36
11,4,6,902.3,0.6068,2.09,0.0,1.33,547.49,0.0,45624.18
11,4,12,1036.34,0.5673,2.01,0.0,1.03,587.94,0.0,48994.98
11,4,13,953.37,0.572,2.06,0.0,1.09,545.36,0.0,45446.41
11,5,0,922.31,0.4982,1.97,0.0,0.91,459.46,0.0,38288.28
11,5,4,990.74,0.6113,2.18,0.0,1.27,605.6,0.0,50466.89
11,5,11,1075.17,0.5633,1.91,0.0,1.11,605.6,0.0,50466.29
11,5,12,1000.12,0.5844,1.87,0.0,1.15,584.46,0.0,48705.24
11,6,1,1082.53,0.5039,2.15,0.0,0.96,545.5,0.0,45457.99
11,6,4,959.69,0.4667,2.06,0.0,0.99,447.85,0.0,37320.53
11,6,9,1021.79,0.429,1.86,0.0,0.9,438.36,0.0,36529.84
11,7,0,1052.5,0.5241,2.02,0.0,1.04,551.66,0.0,45972.02
11,7,1,1055.73,0.6222,2.01,0.0,1.33,656.84,0.0,54736.52
11,8,1,900.11,0.5423,1.93,0.0,1.03,488.15,0.0,40679.57
11,8,3,903.9,0.423,2.17,0.0,0.82,382.35,0.0,31862.31
11,8,10,1075.74,0.6107,2.13,0.0,1.33,656.94,0.0,54744.81
11,8,14,961.5,0.5895,1.82,0.0,1.11,566.82,0.0,47235.04
11,9,0,1075.6,0.4721,2.18,0.0,0.88,507.74,0.0,42311.42
11,9,6,917.13,0.5879,1.99,0.0,1.07,539.22,0.0,44934.82
11,10,0,913.84,0.6213,2.1,0.0,1.29,567.76,0.0,47313.43
11,10,8,1053.17,0.5035,1.85,0.0,1.07,530.31,0.0,44192.4
11,11,0,995.06,0.4407,2.02,0.0,0.8,438.56,0.0,36546.4
11,11,5,953.01,0.5523,2.15,0.0,1.1,526.31,0.0,43858.93
11,12,4,984.63,0.4562,1.88,0.0,0.89,449.23,0.0,37435.51
11,12,5,1007.86,0.5501,2.09,0.0,1.06,554.44,0.0,46203.51
11,13,0,940.23,0.5959,1.92,0.0,1.13,560.32,0.0,46693.06
11,13,4,1099.03,0.5174,2.06,0.0,1.01,568.63,0.0,47385.53
11,14,0,987.62,0.5682,2.01,0.0,1.05,561.2,0.0,46766.77
11,14,8,924.2,0.4286,1.89,0.0,0.93,396.12,0.0,33009.94
12,0,1,953.4,0.5043,2.17,0.0,1.09,480.78,0.0,40064.62
12,0,2,1029.61,0.6527,2.04,0.0,1.21,672.03,0.0,56002.31
12,0,3,934.23,0.5903,2.09,0.0,1.19,551.48,0.0,45956.87
12,0,5,932.68,0.5737,1.95,0.0,1.14,535.04,0.0,44586.56
12,0,7,1097.9,0.5918,2.06,0.0,1.29,649.7,0.0,54141.3
12,0,9,1011.39,0.6806,2.07,0.0,1.33,688.33,0.0,57360.61
12,0,10,1068.57,0.5736,2.11,0.0,1.13,612.88,0.0,51073.71
12,0,11,945.81,0.6611,1.81,0.0,1.34,625.28,0.0,52106.82
12,0,13,963.09,0.5407,1.91,0.0,1.06,520.74,0.0,43395.25
12,0,14,942.2,0.6129,2.18,0.0,1.33,577.5,0.0,48125.41
12,1,0,1075.27,0.5224,1.93,0.0,1.12,561.68,0.0,46806.81
12,1,3,1031.09,0.5233,1.96,0.0,1.09,539.57,0.0,44963.93
12,1,4,1082.91,0.5856,1.98,0.0,1.07,634.13,0.0,52844.11
12,1,6,952.98,0.4953,1.9,0.0,1.09,471.96,0.0,39330.34
12,1,7,1012.27,0.4821,1.91,0.0,0.97,487.97,0.0,40664.27
12,1,8,1016.92,0.5728,2.16,0.0,1.17,582.51,0.0,48542.45
12,2,0,979.88,0.6009,1.89,0.0,1.21,588.8,0.0,49066.8
12,2,4,1099.51,0.547,2.0,0.0,1.1,601.38,0.0,50114.86
12,3,0,918.18,0.5221,1.82,0.0,1.13,479.42,0.0,39951.98
12,3,1,921.93,0.4741,2.05,0.0,0.91,437.05,0.0,36420.65
12,3,8,1058.42,0.4828,1.97,0.0,0.9,511.03,0.0,42585.78
12,4,1,912.71,0.6673,1.95,0.0,1.47,609.01,0.0,50751.22
12,4,2,1099.22,0.4859,2.01,0.0,0.93,534.16,0.0,44512.94
12,4,5,1094.22,0.6046,2.14,0.0,1.16,661.62,0.0,55134.73
12,4,6,902.3,0.6302,2.09,0.0,1.24,568.59,0.0,47382.1
12,4,12,1036.34,0.5929,2.01,0.0,1.28,614.42,0.0,51201.9
12,4,13,953.37,0.6894,2.06,0.0,1.34,657.29,0.0,54773.99
12,5,0,922.31,0.5933,1.97,0.0,1.07,547.18,0.0,45597.94
12,5,4,990.74,0.4893,2.18,0.0,0.93,484.82,0.0,40401.37
12,5,11,1075.17,0.6895,1.91,0.0,1.3,741.32,0.0,61777.06
12,5,12,1000.12,0.6096,1.87,0.0,1.1,609.68,0.0,50806.98
12,6,1,1082.53,0.638,2.15,0.0,1.38,690.66,0.0,57555.17
12,6,4,959.69,0.6889,2.06,0.0,1.44,661.17,0.0,55097.42
12,6,9,1021.79,0.4796,1.86,0.0,0.89,490.01,0.0,40834.21
12,7,0,1052.5,0.6436,2.02,0.0,1.22,677.42,0.0,56451.49
12,7,1,1055.73,0.4887,2.01,0.0,1.07,515.98,0.0,42998.73
12,8,1,900.11,0.4688,1.93,0.0,0.98,421.95,0.0,35162.71
12,8,3,903.9,0.5738,2.17,0.0,1.14,518.69,0.0,43223.9
12,8,10,1075.74,0.5931,2.13,0.0,1.21,638.07,0.0,53172.26
12,8,14,961.5,0.4766,1.82,0.0,1.05,458.27,0.0,38188.98
12,9,0,1075.6,0.4809,2.18,0.0,0.91,517.26,0.0,43105.17
12,9,6,917.13,0.4937,1.99,0.0,1.01,452.75,0.0,37729.24
12,10,0,913.84,0.6407,2.1,0.0,1.16,585.5,0.0,48791.93
12,10,8,1053.17,0.6287,1.85,0.0,1.25,662.08,0.0,55173.03
12,11,0,995.06,0.5114,2.02,0.0,0.97,508.83,0.0,42402.39
12,11,5,953.01,0.4794,2.15,0.0,0.93,456.84,0.0,38069.99
12,12,4,984.63,0.4812,1.88,0.0,0.94,473.84,0.0,39486.8
12,12,5,1007.86,0.5128,2.09,0.0,1.01,516.85,0.0,43070.83
12,13,0,940.23,0.5283,1.92,0.0,1.14,496.71,0.0,41392.25
12,13,4,1099.03,0.482,2.06,0.0,0.94,529.76,0.0,44146.7
12,14,0,987.62,0.4686,2.01,0.0,0.85,462.79,0.0,38565.96
12,14,8,924.2,0.5215,1.89,0.0,1.11,481.92,0.0,40160.36
13,0,1,953.4,0.3903,2.17,0.0,0.72,372.09,0.0,31007.79
13,0,2,1029.61,0.3372,2.04,0.0,0.74,347.2,0.0,28933.22
13,0,3,934.23,0.3539,2.09,0.0,0.66,330.6,0.0,27549.84
13,0,5,932.68,0.4074,1.95,0.0,0.85,380.02,0.0,31667.97
13,0,7,1097.9,0.4249,2.06,0.0,0.91,466.48,0.0,38873.52
13,0,9,1011.39,0.4252,2.07,0.0,0.89,429.99,0.0,35832.85
13,0,10,1068.57,0.4012,2.11,0.0,0.77,428.72,0.0,35726.38
13,0,11,945.81,0.4644,1.81,0.0,0.9,439.19,0.0,36599.16
13,0,13,963.09,0.4803,1.91,0.0,1.0,462.56,0.0,38546.54
13,0,14,942.2,0.4768,2.18,0.0,1.04,449.2,0.0,37433.68
13,1,0,1075.27,0.3992,1.93,0.0,0.82,429.29,0.0,35774.28
13,1,3,1031.09,0.4684,1.96,0.0,0.94,482.95,0.0,40245.91
13,1,4,1082.91,0.492,1.98,0.0,0.96,532.79,0.0,44398.88
13,1,6,952.98,0.3838,1.9,0.0,0.75,365.74,0.0,30478.08
13,1,7,1012.27,0.4299,1.91,0.0,0.9,435.19,0.0,36265.8
13,1,8,1016.92,0.4311,2.16,0.0,0.85,438.44,0.0,36536.39
13,2,0,979.88,0.4819,1.89,0.0,0.97,472.18,0.0,39348.35
13,2,4,1099.51,0.3596,2.0,0.0,0.74,395.39,0.0,32949.0
13,3,0,918.18,0.3963,1.82,0.0,0.81,363.84,0.0,30320.41
13,3,1,921.93,0.459,2.05,0.0,0.83,423.21,0.0,35267.6
13,3,8,1058.42,0.4931,1.97,0.0,0.93,521.9,0.0,43491.6
13,4,1,912.71,0.3732,1.95,0.0,0.78,340.64,0.0,28386.84
13,4,2,1099.22,0.423,2.01,0.0,0.86,465.02,0.0,38751.7
13,4,5,1094.22,0.3875,2.14,0.0,0.83,423.97,0.0,35330.74
13,4,6,902.3,0.4835,2.09,0.0,0.88,436.24,0.0,36353.66
13,4,12,1036.34,0.4719,2.01,0.0,0.89,489.05,0.0,40753.83
13,4,13,953.37,0.3354,2.06,0.0,0.67,319.73,0.0,26643.93
13,5,0,922.31,0.4343,1.97,0.0,0.91,400.53,0.0,33377.11
13,5,4,990.74,0.3633,2.18,0.0,0.68,359.96,0.0,29996.71
13,5,11,1075.17,0.366,1.91,0.0,0.77,393.55,0.0,32795.61
13,5,12,1000.12,0.4224,1.87,0.0,0.83,422.46,0.0,35204.99
13,6,1,1082.53,0.4969,2.15,0.0,0.96,537.89,0.0,44823.97
13,6,4,959.69,0.3532,2.06,0.0,0.75,338.92,0.0,28243.4
13,6,9,1021.79,0.3463,1.86,0.0,0.64,353.81,0.0,29484.41
13,7,0,1052.5,0.4,2.02,0.0,0.87,421.01,0.0,35084.27
13,7,1,1055.73,0.3915,2.01,0.0,0.75,413.37,0.0,34447.35
13,8,1,900.11,0.4331,1.93,0.0,0.84,389.8,0.0,32483.06
13,8,3,903.9,0.3453,2.17,0.0,0.65,312.12,0.0,26009.67
13,8,10,1075.74,0.3735,2.13,0.0,0.74,401.83,0.0,33485.99
13,8,14,961.5,0.3817,1.82,0.0,0.82,366.97,0.0,30580.86
13,9,0,1075.6,0.437,2.18,0.0,0.83,470.02,0.0,39167.92
13,9,6,917.13,0.4717,1.99,0.0,0.95,432.64,0.0,36053.35
13,10,0,913.84,0.4694,2.1,0.0,0.93,428.95,0.0,35745.77
13,10,8,1053.17,0.389,1.85,0.0,0.75,409.69,0.0,34141.23
13,11,0,995.06,0.4876,2.02,0.0,0.9,485.16,0.0,40430.01
13,11,5,953.01,0.4788,2.15,0.0,1.0,456.27,0.0,38022.75
13,12,4,984.63,0.3996,1.88,0.0,0.79,393.46,0.0,32788.68
13,12,5,1007.86,0.4525,2.09,0.0,0.9,456.01,0.0,38000.78
13,13,0,940.23,0.482,1.92,0.0,0.98,453.16,0.0,37763.09
13,13,4,1099.03,0.4998,2.06,0.0,0.92,549.33,0.0,45777.68
13,14,0,987.62,0.3818,2.01,0.0,0.81,377.04,0.0,31420.13
13,14,8,924.2,0.461,1.89,0.0,0.99,426.05,0.0,35504.32
14,0,1,953.4,0.5499,2.17,0.0,1.2,524.26,0.0,43688.56
14,0,2,1029.61,0.6091,2.04,0.0,1.23,627.1,0.0,52258.24
14,0,3,934.23,0.6346,2.09,0.0,1.26,592.85,0.0,49404.28
14,0,5,932.68,0.4958,1.95,0.0,1.0,462.44,0.0,38536.91
14,0,7,1097.9,0.5305,2.06,0.0,1.12,582.47,0.0,48539.57
14,0,9,1011.39,0.5032,2.07,0.0,1.1,508.91,0.0,42409.53
14,0,10,1068.57,0.6762,2.11,0.0,1.33,722.54,0.0,60212.04
14,0,11,945.81,0.689,1.81,0.0,1.3,651.66,0.0,54305.38
14,0,13,963.09,0.5575,1.91,0.0,1.09,536.91,0.0,44742.75
14,0,14,942.2,0.5589,2.18,0.0,1.02,526.55,0.0,43879.44
14,1,0,1075.27,0.592,1.93,0.0,1.22,636.57,0.0,53047.73
14,1,3,1031.09,0.5718,1.96,0.0,1.26,589.55,0.0,49128.76
14,1,4,1082.91,0.706,1.98,0.0,1.33,764.54,0.0,63711.54
14,1,6,952.98,0.5353,1.9,0.0,1.13,510.13,0.0,42510.7
14,1,7,1012.27,0.5762,1.91,0.0,1.09,583.3,0.0,48608.68
14,1,8,1016.92,0.6569,2.16,0.0,1.43,667.97,0.0,55664.21
14,2,0,979.88,0.6582,1.89,0.0,1.33,644.91,0.0,53742.77
14,2,4,1099.51,0.5682,2.0,0.0,1.11,624.69,0.0,52057.44
14,3,0,918.18,0.5544,1.82,0.0,1.0,509.01,0.0,42417.45
14,3,1,921.93,0.646,2.05,0.0,1.2,595.56,0.0,49629.93
14,3,8,1058.42,0.5644,1.97,0.0,1.22,597.32,0.0,49777.0
14,4,1,912.71,0.5447,1.95,0.0,1.02,497.14,0.0,41428.64
14,4,2,1099.22,0.6235,2.01,0.0,1.28,685.33,0.0,57110.91
14,4,5,1094.22,0.492,2.14,0.0,1.0,538.32,0.0,44860.38
14,4,6,902.3,0.653,2.09,0.0,1.29,589.2,0.0,49100.29
14,4,12,1036.34,0.5825,2.01,0.0,1.21,603.62,0.0,50301.8
14,4,13,953.37,0.5662,2.06,0.0,1.05,539.76,0.0,44979.74
14,5,0,922.31,0.6168,1.97,0.0,1.28,568.92,0.0,47410.03
14,5,4,990.74,0.6455,2.18,0.0,1.18,639.52,0.0,53293.41
14,5,11,1075.17,0.5965,1.91,0.0,1.12,641.33,0.0,53444.5
14,5,12,1000.12,0.6585,1.87,0.0,1.36,658.59,0.0,54882.18
14,6,1,1082.53,0.5774,2.15,0.0,1.08,625.03,0.0,52085.56
14,6,4,959.69,0.625,2.06,0.0,1.16,599.79,0.0,49982.84
14,6,9,1021.79,0.5924,1.86,0.0,1.18,605.32,0.0,50443.72
14,7,0,1052.5,0.4881,2.02,0.0,1.0,513.76,0.0,42813.66
14,7,1,1055.73,0.5296,2.01,0.0,0.95,559.1,0.0,46591.78
14,8,1,900.11,0.5677,1.93,0.0,1.17,510.96,0.0,42580.3
14,8,3,903.9,0.6896,2.17,0.0,1.4,623.29,0.0,51940.93
14,8,10,1075.74,0.6723,2.13,0.0,1.21,723.19,0.0,60265.76
14,8,14,961.5,0.5663,1.82,0.0,1.15,544.5,0.0,45375.33
14,9,0,1075.6,0.5723,2.18,0.0,1.03,615.58,0.0,51298.35
14,9,6,917.13,0.542,1.99,0.0,1.1,497.05,0.0,41421.15
14,10,0,913.84,0.5468,2.1,0.0,1.12,499.69,0.0,41640.68
14,10,8,1053.17,0.5444,1.85,0.0,1.06,573.32,0.0,47776.64
14,11,0,995.06,0.7054,2.02,0.0,1.37,701.87,0.0,58489.21
14,11,5,953.01,0.6926,2.15,0.0,1.47,660.07,0.0,55005.59
14,12,4,984.63,0.4757,1.88,0.0,0.89,468.44,0.0,39036.39
14,12,5,1007.86,0.5036,2.09,0.0,1.0,507.56,0.0,42297.04
14,13,0,940.23,0.5702,1.92,0.0,1.14,536.14,0.0,44678.56
14,13,4,1099.03,0.4883,2.06,0.0,0.89,536.65,0.0,44720.78
14,14,0,987.62,0.5856,2.01,0.0,1.26,578.3,0.0,48191.81
14,14,8,924.2,0.5853,1.89,0.0,1.1,540.9,0.0,45074.7
15,0,1,953.4,0.3795,2.17,0.0,0.69,361.83,0.0,30152.46
15,0,2,1029.61,0.3893,2.04,0.0,0.79,400.81,0.0,33400.79
15,0,3,934.23,0.3666,2.09,0.0,0.66,342.52,0.0,28542.99
15,0,5,932.68,0.3929,1.95,0.0,0.79,366.47,0.0,30539.33
15,0,7,1097.9,0.413,2.06,0.0,0.9,453.49,0.0,37790.46
15,0,9,1011.39,0.369,2.07,0.0,0.71,373.25,0.0,31104.38
15,0,10,1068.57,0.489,2.11,0.0,1.07,522.57,0.0,43547.58
15,0,11,945.81,0.3492,1.81,0.0,0.72,330.25,0.0,27520.64
15,0,13,963.09,0.3839,1.91,0.0,0.83,369.7,0.0,30808.17
15,0,14,942.2,0.3692,2.18,0.0,0.67,347.87,0.0,28989.13
15,1,0,1075.27,0.3891,1.93,0.0,0.81,418.36,0.0,34862.95
15,1,3,1031.09,0.3399,1.96,0.0,0.68,350.44,0.0,29203.68
15,1,4,1082.91,0.4789,1.98,0.0,0.98,518.61,0.0,43217.74
15,1,6,952.98,0.3799,1.9,0.0,0.74,362.01,0.0,30167.64
15,1,7,1012.27,0.4785,1.91,0.0,1.05,484.41,0.0,40367.82
15,1,8,1016.92,0.3467,2.16,0.0,0.71,352.59,0.0,29382.74
15,2,0,979.88,0.4443,1.89,0.0,0.93,435.32,0.0,36276.61
15,2,4,1099.51,0.4809,2.0,0.0,1.0,528.81,0.0,44067.19
15,3,0,918.18,0.3698,1.82,0.0,0.75,339.53,0.0,28294.08
15,3,1,921.93,0.3759,2.05,0.0,0.8,346.51,0.0,28875.68
15,3,8,1058.42,0.4182,1.97,0.0,0.86,442.59,0.0,36882.83
15,4,1,912.71,0.4835,1.95,0.0,0.98,441.26,0.0,36771.68
15,4,2,1099.22,0.4435,2.01,0.0,0.82,487.46,0.0,40621.41
15,4,5,1094.22,0.389,2.14,0.0,0.79,425.67,0.0,35472.17
15,4,6,902.3,0.3639,2.09,0.0,0.68,328.36,0.0,27363.27
15,4,12,1036.34,0.4403,2.01,0.0,0.9,456.3,0.0,38025.4
15,4,13,953.37,0.3713,2.06,0.0,0.73,353.95,0.0,29495.56
15,5,0,922.31,0.3594,1.97,0.0,0.76,331.46,0.0,27621.27
15,5,4,990.74,0.4262,2.18,0.0,0.87,422.22,0.0,35184.88
15,5,11,1075.17,0.3325,1.91,0.0,0.65,357.49,0.0,29790.83
15,5,12,1000.12,0.4362,1.87,0.0,0.88,436.27,0.0,36355.78
15,6,1,1082.53,0.4616,2.15,0.0,0.87,499.67,0.0,41639.18
15,6,4,959.69,0.436,2.06,0.0,0.96,418.42,0.0,34868.4
15,6,9,1021.79,0.473,1.86,0.0,1.01,483.29,0.0,40274.11
15,7,0,1052.5,0.409,2.02,0.0,0.8,430.46,0.0,35871.84
15,7,1,1055.73,0.4655,2.01,0.0,0.88,491.44,0.0,40953.71
15,8,1,900.11,0.3762,1.93,0.0,0.74,338.66,0.0,28221.68
15,8,3,903.9,0.4592,2.17,0.0,0.94,415.1,0.0,34591.95
15,8,10,1075.74,0.4202,2.13,0.0,0.83,451.99,0.0,37665.75
15,8,14,961.5,0.3687,1.82,0.0,0.8,354.47,0.0,29539.56
15,9,0,1075.6,0.4187,2.18,0.0,0.76,450.38,0.0,37531.76
15,9,6,917.13,0.4124,1.99,0.0,0.8,378.26,0.0,31521.49
15,10,0,913.84,0.4156,2.1,0.0,0.83,379.79,0.0,31648.93
15,10,8,1053.17,0.418,1.85,0.0,0.76,440.19,0.0,36682.09
15,11,0,995.06,0.4389,2.02,0.0,0.87,436.78,0.0,36397.95
15,11,5,953.01,0.4151,2.15,0.0,0.84,395.62,0.0,32968.39
15,12,4,984.63,0.3435,1.88,0.0,0.66,338.25,0.0,28187.23
15,12,5,1007.86,0.3548,2.09,0.0,0.78,357.6,0.0,29800.08
15,13,0,940.23,0.3463,1.92,0.0,0.67,325.62,0.0,27134.63
15,13,4,1099.03,0.3638,2.06,0.0,0.71,399.79,0.0,33315.77
15,14,0,987.62,0.4621,2.01,0.0,0.94,456.4,0.0,38033.51
15,14,8,924.2,0.4343,1.89,0.0,0.83,401.36,0.0,33446.46
16,0,1,953.4,0.5023,2.17,0.0,1.02,478.89,0.0,39907.39
16,0,2,1029.61,0.4444,2.04,0.0,0.84,457.59,0.0,38132.43
16,0,3,934.23,0.5879,2.09,0.0,1.21,549.25,0.0,45771.05
16,0,5,932.68,0.5831,1.95,0.0,1.27,543.88,0.0,45323.35
16,0,7,1097.9,0.5251,2.06,0.0,0.95,576.55,0.0,48046.13
16,0,9,1011.39,0.6036,2.07,0.0,1.19,610.47,0.0,50872.79
16,0,10,1068.57,0.5282,2.11,0.0,1.03,564.42,0.0,47034.82
16,0,11,945.81,0.5379,1.81,0.0,1.03,508.75,0.0,42396.02
16,0,13,963.09,0.5658,1.91,0.0,1.22,544.89,0.0,45407.18
16,0,14,942.2,0.4662,2.18,0.0,1.02,439.3,0.0,36608.04
16,1,0,1075.27,0.4232,1.93,0.0,0.9,455.04,0.0,37919.76
16,1,3,1031.09,0.4729,1.96,0.0,0.93,487.61,0.0,40633.89
16,1,4,1082.91,0.4554,1.98,0.0,0.98,493.11,0.0,41092.49
16,1,6,952.98,0.472,1.9,0.0,0.87,449.83,0.0,37485.51
16,1,7,1012.27,0.4725,1.91,0.0,0.94,478.33,0.0,39861.11
16,1,8,1016.92,0.5511,2.16,0.0,1.1,560.44,0.0,46703.39
16,2,0,979.88,0.5695,1.89,0.0,1.04,558.07,0.0,46505.93
16,2,4,1099.51,0.4985,2.0,0.0,1.01,548.08,0.0,45673.36
16,3,0,918.18,0.4139,1.82,0.0,0.81,380.01,0.0,31667.49
16,3,1,921.93,0.4707,2.05,0.0,0.92,433.93,0.0,36160.81
16,3,8,1058.42,0.5966,1.97,0.0,1.1,631.42,0.0,52618.69
16,4,1,912.71,0.4837,1.95,0.0,1.0,441.52,0.0,36792.99
16,4,2,1099.22,0.4854,2.01,0.0,0.9,533.54,0.0,44461.33
16,4,5,1094.22,0.4295,2.14,0.0,0.78,469.94,0.0,39161.66
16,4,6,902.3,0.5983,2.09,0.0,1.28,539.88,0.0,44990.41
16,4,12,1036.34,0.5028,2.01,0.0,0.97,521.02,0.0,43418.39
16,4,13,953.37,0.5932,2.06,0.0,1.21,565.49,0.0,47124.4
16,5,0,922.31,0.5075,1.97,0.0,1.06,468.06,0.0,39005.41
16,5,4,990.74,0.5684,2.18,0.0,1.2,563.16,0.0,46930.33
16,5,11,1075.17,0.4733,1.91,0.0,1.02,508.86,0.0,42404.85
16,5,12,1000.12,0.4445,1.87,0.0,0.83,444.57,0.0,37047.92
16,6,1,1082.53,0.4365,2.15,0.0,0.86,472.53,0.0,39377.6
16,6,4,959.69,0.4869,2.06,0.0,0.9,467.28,0.0,38939.82
16,6,9,1021.79,0.5568,1.86,0.0,1.16,568.98,0.0,47414.74
16,7,0,1052.5,0.6179,2.02,0.0,1.17,650.36,0.0,54196.95
16,7,1,1055.73,0.5023,2.01,0.0,0.96,530.26,0.0,44188.55
16,8,1,900.11,0.5064,1.93,0.0,0.96,455.82,0.0,37984.99
16,8,3,903.9,0.4419,2.17,0.0,0.92,399.44,0.0,33286.6
16,8,10,1075.74,0.5092,2.13,0.0,1.01,547.79,0.0,45649.14
16,8,14,961.5,0.483,1.82,0.0,1.03,464.36,0.0,38697.0
16,9,0,1075.6,0.5997,2.18,0.0,1.22,645.0,0.0,53750.23
16,9,6,917.13,0.5156,1.99,0.0,1.05,472.87,0.0,39405.69
16,10,0,913.84,0.4363,2.1,0.0,0.9,398.74,0.0,33228.62
16,10,8,1053.17,0.4189,1.85,0.0,0.81,441.13,0.0,36761.21
16,11,0,995.06,0.5895,2.02,0.0,1.16,586.61,0.0,48884.37
16,11,5,953.01,0.4516,2.15,0.0,0.86,430.42,0.0,35868.11
16,12,4,984.63,0.5214,1.88,0.0,0.98,513.41,0.0,42783.9
16,12,5,1007.86,0.5131,2.09,0.0,1.11,517.08,0.0,43090.25
16,13,0,940.23,0.4358,1.92,0.0,0.89,409.75,0.0,34145.92
16,13,4,1099.03,0.5452,2.06,0.0,1.08,599.16,0.0,49930.14
16,14,0,987.62,0.5097,2.01,0.0,1.04,503.39,0.0,41949.22
16,14,8,924.2,0.5057,1.89,0.0,0.95,467.35,0.0,38946.14
17,0,1,953.4,0.3819,2.17,0.0,0.72,364.13,0.0,30344.1
17,0,2,1029.61,0.5183,2.04,0.0,1.13,533.64,0.0,44469.98
17,0,3,934.23,0.3763,2.09,0.0,0.82,351.52,0.0,29293.67
17,0,5,932.68,0.488,1.95,0.0,0.88,455.19,0.0,37932.31
17,0,7,1097.9,0.5064,2.06,0.0,1.08,555.98,0.0,46331.39
17,0,9,1011.39,0.3984,2.07,0.0,0.83,402.96,0.0,33580.2
17,0,10,1068.57,0.4682,2.11,0.0,0.97,500.31,0.0,41692.37
17,0,11,945.81,0.4996,1.81,0.0,0.9,472.52,0.0,39376.44
17,0,13,963.09,0.4028,1.91,0.0,0.86,387.89,0.0,32323.76
17,0,14,942.2,0.5021,2.18,0.0,0.98,473.12,0.0,39426.37
17,1,0,1075.27,0.4912,1.93,0.0,1.04,528.12,0.0,44010.27
17,1,3,1031.09,0.4887,1.96,0.0,0.98,503.88,0.0,41990.06
17,1,4,1082.91,0.4775,1.98,0.0,1.0,517.04,0.0,43086.54
17,1,6,952.98,0.4581,1.9,0.0,0.96,436.56,0.0,36379.96
17,1,7,1012.27,0.5059,1.91,0.0,0.98,512.15,0.0,42679.39
17,1,8,1016.92,0.3631,2.16,0.0,0.75,369.27,0.0,30772.31
17,2,0,979.88,0.5272,1.89,0.0,1.15,516.61,0.0,43050.55
17,2,4,1099.51,0.3976,2.0,0.0,0.86,437.14,0.0,36428.4
17,3,0,918.18,0.4661,1.82,0.0,1.01,427.95,0.0,35662.42
17,3,1,921.93,0.4837,2.05,0.0,0.89,445.89,0.0,37157.91
17,3,8,1058.42,0.3889,1.97,0.0,0.8,411.61,0.0,34300.86
17,4,1,912.71,0.5134,1.95,0.0,1.1,468.62,0.0,39051.44
17,4,2,1099.22,0.5024,2.01,0.0,0.97,552.22,0.0,46017.99
17,4,5,1094.22,0.4018,2.14,0.0,0.73,439.68,0.0,36640.35
17,4,6,902.3,0.4981,2.09,0.0,1.05,449.4,0.0,37449.95
17,4,12,1036.34,0.4107,2.01,0.0,0.83,425.61,0.0,35467.13
17,4,13,953.37,0.3651,2.06,0.0,0.8,348.03,0.0,29002.79
17,5,0,922.31,0.4828,1.97,0.0,0.92,445.26,0.0,37105.34
17,5,4,990.74,0.3965,2.18,0.0,0.73,392.87,0.0,32738.93
17,5,11,1075.17,0.4195,1.91,0.0,0.85,451.05,0.0,37587.39
17,5,12,1000.12,0.4739,1.87,0.0,1.01,473.97,0.0,39497.54
17,6,1,1082.53,0.3926,2.15,0.0,0.81,425.04,0.0,35419.98
17,6,4,959.69,0.4561,2.06,0.0,0.84,437.75,0.0,36479.02
17,6,9,1021.79,0.5171,1.86,0.0,1.0,528.41,0.0,44034.26
17,7,0,1052.5,0.5243,2.02,0.0,0.97,551.87,0.0,45989.13
17,7,1,1055.73,0.4108,2.01,0.0,0.81,433.73,0.0,36144.56
17,8,1,900.11,0.3581,1.93,0.0,0.76,322.33,0.0,26860.48
17,8,3,903.9,0.3691,2.17,0.0,0.73,333.6,0.0,27799.67
17,8,10,1075.74,0.5299,2.13,0.0,1.07,570.05,0.0,47504.03
17,8,14,961.5,0.4081,1.82,0.0,0.77,392.41,0.0,32700.85
17,9,0,1075.6,0.5281,2.18,0.0,1.06,567.99,0.0,47332.27
17,9,6,917.13,0.3931,1.99,0.0,0.86,360.54,0.0,30044.59
17,10,0,913.84,0.5108,2.1,0.0,1.0,466.78,0.0,38897.99
17,10,8,1053.17,0.5199,1.85,0.0,1.0,547.52,0.0,45626.35
17,11,0,995.06,0.4397,2.02,0.0,0.91,437.51,0.0,36459.2
17,11,5,953.01,0.4257,2.15,0.0,0.92,405.66,0.0,33804.95
17,12,4,984.63,0.4524,1.88,0.0,0.82,445.45,0.0,37121.18
17,12,5,1007.86,0.4233,2.09,0.0,0.87,426.61,0.0,35551.2
17,13,0,940.23,0.3665,1.92,0.0,0.75,344.63,0.0,28718.86
17,13,4,1099.03,0.4759,2.06,0.0,0.97,523.08,0.0,43589.86
17,14,0,987.62,0.465,2.01,0.0,0.93,459.28,0.0,38273.19
17,14,8,924.2,0.3856,1.89,0.0,0.8,356.41,0.0,29700.71
18,0,1,953.4,0.4588,2.17,0.0,0.88,437.39,0.0,36449.33
18,0,2,1029.61,0.4018,2.04,0.0,0.82,413.65,0.0,34470.82
18,0,3,934.23,0.3873,2.09,0.0,0.74,361.86,0.0,30154.76
18,0,5,932.68,0.4393,1.95,0.0,0.93,409.71,0.0,34142.81
18,0,7,1097.9,0.4127,2.06,0.0,0.82,453.08,0.0,37757.01
18,0,9,1011.39,0.5206,2.07,0.0,1.01,526.51,0.0,43875.7
18,0,10,1068.57,0.4881,2.11,0.0,1.05,521.57,0.0,43463.93
18,0,11,945.81,0.4931,1.81,0.0,1.04,466.34,0.0,38861.55
18,0,13,963.09,0.477,1.91,0.0,1.02,459.43,0.0,38285.97
18,0,14,942.2,0.4983,2.18,0.0,1.03,469.5,0.0,39125.1
18,1,0,1075.27,0.393,1.93,0.0,0.74,422.62,0.0,35218.19
18,1,3,1031.09,0.4717,1.96,0.0,0.92,486.38,0.0,40531.48
18,1,4,1082.91,0.3891,1.98,0.0,0.74,421.36,0.0,35113.44
18,1,6,952.98,0.4322,1.9,0.0,0.92,411.86,0.0,34321.94
18,1,7,1012.27,0.5474,1.91,0.0,0.99,554.09,0.0,46173.85
18,1,8,1016.92,0.4685,2.16,0.0,0.99,476.43,0.0,39702.65
18,2,0,979.88,0.479,1.89,0.0,0.89,469.4,0.0,39116.59
18,2,4,1099.51,0.3961,2.0,0.0,0.76,435.52,0.0,36293.55
18,3,0,918.18,0.4662,1.82,0.0,0.96,428.02,0.0,35668.42
18,3,1,921.93,0.4632,2.05,0.0,0.96,427.07,0.0,35589.51
18,3,8,1058.42,0.4745,1.97,0.0,0.95,502.25,0.0,41853.82
18,4,1,912.71,0.4057,1.95,0.0,0.82,370.26,0.0,30854.79
18,4,2,1099.22,0.4164,2.01,0.0,0.85,457.68,0.0,38140.32
18,4,5,1094.22,0.3817,2.14,0.0,0.78,417.68,0.0,34806.58
18,4,6,902.3,0.4853,2.09,0.0,0.89,437.87,0.0,36488.78
18,4,12,1036.34,0.4782,2.01,0.0,0.92,495.54,0.0,41294.81
18,4,13,953.37,0.3778,2.06,0.0,0.68,360.17,0.0,30013.95
18,5,0,922.31,0.3694,1.97,0.0,0.75,340.67,0.0,28389.26
18,5,4,990.74,0.3872,2.18,0.0,0.74,383.58,0.0,31964.99
18,5,11,1075.17,0.4067,1.91,0.0,0.77,437.29,0.0,36440.87
18,5,12,1000.12,0.5265,1.87,0.0,1.01,526.61,0.0,43884.34
18,6,1,1082.53,0.4097,2.15,0.0,0.89,443.48,0.0,36956.88
18,6,4,959.69,0.4609,2.06,0.0,0.85,442.28,0.0,36857.07
18,6,9,1021.79,0.3973,1.86,0.0,0.86,405.92,0.0,33827.02
18,7,0,1052.5,0.5147,2.02,0.0,1.11,541.74,0.0,45144.8
18,7,1,1055.73,0.4013,2.01,0.0,0.75,423.63,0.0,35302.11
18,8,1,900.11,0.5417,1.93,0.0,1.15,487.62,0.0,40635.05
18,8,3,903.9,0.5262,2.17,0.0,0.99,475.59,0.0,39632.72
18,8,10,1075.74,0.5006,2.13,0.0,1.03,538.54,0.0,44878.43
18,8,14,961.5,0.4695,1.82,0.0,0.87,451.42,0.0,37618.43
18,9,0,1075.6,0.4996,2.18,0.0,0.96,537.42,0.0,44784.89
18,9,6,917.13,0.5055,1.99,0.0,1.01,463.57,0.0,38630.99
18,10,0,913.84,0.465,2.1,0.0,0.91,424.93,0.0,35411.09
18,10,8,1053.17,0.4555,1.85,0.0,0.97,479.75,0.0,39979.18
18,11,0,995.06,0.5196,2.02,0.0,1.07,517.07,0.0,43089.07
18,11,5,953.01,0.3928,2.15,0.0,0.71,374.36,0.0,31196.68
18,12,4,984.63,0.5292,1.88,0.0,1.07,521.05,0.0,43420.65
18,12,5,1007.86,0.5472,2.09,0.0,1.0,551.49,0.0,45957.63
18,13,0,940.23,0.5135,1.92,0.0,0.96,482.79,0.0,40232.63
18,13,4,1099.03,0.4781,2.06,0.0,0.94,525.39,0.0,43782.69
18,14,0,987.62,0.5499,2.01,0.0,1.06,543.13,0.0,45260.67
18,14,8,924.2,0.5148,1.89,0.0,1.04,475.77,0.0,39647.13
19,0,1,953.4,0.5954,2.17,0.0,1.19,567.61,0.0,47300.85
19,0,2,1029.61,0.5111,2.04,0.0,1.03,526.25,0.0,43854.54
19,0,3,934.23,0.416,2.09,0.0,0.88,388.66,0.0,32388.42
19,0,5,932.68,0.5415,1.95,0.0,1.04,505.01,0.0,42083.8
19,0,7,1097.9,0.5846,2.06,0.0,1.13,641.78,0.0,53481.89
19,0,9,1011.39,0.5343,2.07,0.0,1.11,540.35,0.0,45029.52
19,0,10,1068.57,0.4912,2.11,0.0,0.98,524.83,0.0,43736.22
19,0,11,945.81,0.4362,1.81,0.0,0.85,412.55,0.0,34379.1
19,0,13,963.09,0.4745,1.91,0.0,0.93,457.02,0.0,38085.14
19,0,14,942.2,0.4205,2.18,0.0,0.81,396.21,0.0,33017.46
19,1,0,1075.27,0.5369,1.93,0.0,1.0,577.32,0.0,48110.25
19,1,3,1031.09,0.4946,1.96,0.0,1.02,510.03,0.0,42502.23
19,1,4,1082.91,0.4847,1.98,0.0,1.05,524.84,0.0,43736.75
19,1,6,952.98,0.5523,1.9,0.0,1.15,526.35,0.0,43862.87
19,1,7,1012.27,0.5428,1.91,0.0,1.11,549.49,0.0,45791.08
19,1,8,1016.92,0.4503,2.16,0.0,0.87,457.96,0.0,38162.93
19,2,0,979.88,0.5562,1.89,0.0,1.1,545.05,0.0,45420.62
19,2,4,1099.51,0.4105,2.0,0.0,0.76,451.4,0.0,37616.48
19,3,0,918.18,0.5431,1.82,0.0,1.14,498.68,0.0,41556.78
19,3,1,921.93,0.557,2.05,0.0,1.07,513.53,0.0,42793.89
19,3,8,1058.42,0.577,1.97,0.0,1.11,610.74,0.0,50895.23
19,4,1,912.71,0.5289,1.95,0.0,1.16,482.7,0.0,40225.3
19,4,2,1099.22,0.5947,2.01,0.0,1.15,653.7,0.0,54474.78
19,4,5,1094.22,0.511,2.14,0.0,1.12,559.19,0.0,46599.07
19,4,6,902.3,0.4042,2.09,0.0,0.83,364.75,0.0,30396.01
19,4,12,1036.34,0.4561,2.01,0.0,0.96,472.69,0.0,39391.12
19,4,13,953.37,0.4502,2.06,0.0,0.92,429.2,0.0,35766.99
19,5,0,922.31,0.5561,1.97,0.0,1.04,512.93,0.0,42743.82
19,5,4,990.74,0.5191,2.18,0.0,1.08,514.26,0.0,42855.36
19,5,11,1075.17,0.5279,1.91,0.0,1.0,567.6,0.0,47300.2
19,5,12,1000.12,0.4857,1.87,0.0,0.95,485.81,0.0,40483.76
19,6,1,1082.53,0.463,2.15,0.0,0.86,501.18,0.0,41765.29
19,6,4,959.69,0.4706,2.06,0.0,0.86,451.61,0.0,37634.43
19,6,9,1021.79,0.483,1.86,0.0,0.94,493.48,0.0,41123.53
19,7,0,1052.5,0.5519,2.02,0.0,1.0,580.91,0.0,48408.94
19,7,1,1055.73,0.5329,2.01,0.0,1.04,562.6,0.0,46883.06
19,8,1,900.11,0.4437,1.93,0.0,0.95,399.39,0.0,33282.57
19,8,3,903.9,0.4843,2.17,0.0,1.07,437.77,0.0,36481.23
19,8,10,1075.74,0.4239,2.13,0.0,0.83,456.0,0.0,38000.03
19,8,14,961.5,0.434,1.82,0.0,0.8,417.3,0.0,34774.89
19,9,0,1075.6,0.5597,2.18,0.0,1.09,602.05,0.0,50170.46
19,9,6,917.13,0.5206,1.99,0.0,0.95,477.47,0.0,39789.54
19,10,0,913.84,0.4767,2.1,0.0,0.9,435.62,0.0,36301.94
19,10,8,1053.17,0.5829,1.85,0.0,1.19,613.84,0.0,51153.57
19,11,0,995.06,0.4447,2.02,0.0,0.91,442.53,0.0,36877.8
19,11,5,953.01,0.5398,2.15,0.0,0.98,514.4,0.0,42866.76
19,12,4,984.63,0.5704,1.88,0.0,1.14,561.68,0.0,46806.49
19,12,5,1007.86,0.5802,2.09,0.0,1.14,584.74,0.0,48728.42
19,13,0,940.23,0.5306,1.92,0.0,1.04,498.91,0.0,41576.08
19,13,4,1099.03,0.4011,2.06,0.0,0.74,440.77,0.0,36730.55
19,14,0,987.62,0.5181,2.01,0.0,1.01,511.65,0.0,42637.51
19,14,8,924.2,0.4641,1.89,0.0,0.85,428.88,0.0,35739.85
20,0,1,953.4,0.4685,2.17,0.0,1.02,446.7,0.0,37224.86
20,0,2,1029.61,0.5675,2.04,0.0,1.06,584.26,0.0,48688.21
20,0,3,934.23,0.4689,2.09,0.0,1.03,438.03,0.0,36502.59
20,0,5,932.68,0.6457,1.95,0.0,1.22,602.27,0.0,50189.12
20,0,7,1097.9,0.4729,2.06,0.0,0.94,519.21,0.0,43267.7
20,0,9,1011.39,0.4833,2.07,0.0,1.04,488.79,0.0,40732.3
20,0,10,1068.57,0.6183,2.11,0.0,1.2,660.66,0.0,55055.04
20,0,11,945.81,0.5395,1.81,0.0,1.08,510.26,0.0,42521.97
20,0,13,963.09,0.5084,1.91,0.0,0.95,489.59,0.0,40799.32
20,0,14,942.2,0.4936,2.18,0.0,1.08,465.09,0.0,38757.73
20,1,0,1075.27,0.5991,1.93,0.0,1.31,644.17,0.0,53681.05
20,1,3,1031.09,0.5514,1.96,0.0,1.03,568.54,0.0,47378.61
20,1,4,1082.91,0.6436,1.98,0.0,1.19,696.96,0.0,58079.59
20,1,6,952.98,0.5406,1.9,0.0,1.08,515.22,0.0,42934.59
20,1,7,1012.27,0.5193,1.91,0.0,1.04,525.65,0.0,43804.1
20,1,8,1016.92,0.5226,2.16,0.0,1.1,531.44,0.0,44286.27
20,2,0,979.88,0.6376,1.89,0.0,1.24,624.78,0.0,52065.12
20,2,4,1099.51,0.4792,2.0,0.0,0.98,526.89,0.0,43907.69
20,3,0,918.18,0.5272,1.82,0.0,0.98,484.1,0.0,40341.87
20,3,1,921.93,0.5594,2.05,0.0,1.05,515.77,0.0,42981.0
20,3,8,1058.42,0.5462,1.97,0.0,1.0,578.14,0.0,48178.72
20,4,1,912.71,0.649,1.95,0.0,1.31,592.37,0.0,49364.44
20,4,2,1099.22,0.5249,2.01,0.0,1.06,576.94,0.0,48078.17
20,4,5,1094.22,0.6187,2.14,0.0,1.27,677.05,0.0,56420.61
20,4,6,902.3,0.6896,2.09,0.0,1.5,622.22,0.0,51851.46
20,4,12,1036.34,0.496,2.01,0.0,0.95,514.06,0.0,42838.32
20,4,13,953.37,0.47,2.06,0.0,0.91,448.07,0.0,37339.11
20,5,0,922.31,0.6234,1.97,0.0,1.24,574.93,0.0,47911.02
20,5,4,990.74,0.6931,2.18,0.0,1.51,686.71,0.0,57226.09
20,5,11,1075.17,0.5028,1.91,0.0,0.97,540.55,0.0,45046.03
20,5,12,1000.12,0.5039,1.87,0.0,0.97,503.99,0.0,41999.36
20,6,1,1082.53,0.4861,2.15,0.0,0.96,526.2,0.0,43849.87
20,6,4,959.69,0.555,2.06,0.0,1.15,532.62,0.0,44384.79
20,6,9,1021.79,0.7005,1.86,0.0,1.34,715.81,0.0,59650.72
20,7,0,1052.5,0.6182,2.02,0.0,1.16,650.66,0.0,54221.43
20,7,1,1055.73,0.662,2.01,0.0,1.39,698.85,0.0,58237.37
20,8,1,900.11,0.5374,1.93,0.0,1.09,483.71,0.0,40308.95
20,8,3,903.9,0.576,2.17,0.0,1.17,520.62,0.0,43385.05
20,8,10,1075.74,0.5034,2.13,0.0,0.91,541.5,0.0,45124.99
20,8,14,961.5,0.6738,1.82,0.0,1.28,647.9,0.0,53991.27
20,9,0,1075.6,0.4947,2.18,0.0,0.91,532.09,0.0,44341.18
20,9,6,917.13,0.5639,1.99,0.0,1.1,517.16,0.0,43096.38
20,10,0,913.84,0.5193,2.1,0.0,1.12,474.59,0.0,39548.82
20,10,8,1053.17,0.4753,1.85,0.0,1.04,500.6,0.0,41716.67
20,11,0,995.06,0.5285,2.02,0.0,1.13,525.91,0.0,43826.16
20,11,5,953.01,0.5637,2.15,0.0,1.1,537.19,0.0,44765.83
20,12,4,984.63,0.5835,1.88,0.0,1.18,574.54,0.0,47878.68
20,12,5,1007.86,0.6096,2.09,0.0,1.32,614.36,0.0,51196.41
20,13,0,940.23,0.5963,1.92,0.0,1.16,560.63,0.0,46719.18
20,13,4,1099.03,0.533,2.06,0.0,1.04,585.8,0.0,48816.93
20,14,0,987.62,0.5511,2.01,0.0,1.15,544.33,0.0,45360.51
20,14,8,924.2,0.6793,1.89,0.0,1.32,627.78,0.0,52315.3
21,0,1,953.4,0.4951,2.17,0.0,0.98,472.0,0.0,39333.59
21,0,2,1029.61,0.514,2.04,0.0,0.99,529.22,0.0,44101.69
21,0,3,934.23,0.524,2.09,0.0,1.13,489.49,0.0,40791.22
21,0,5,932.68,0.4272,1.95,0.0,0.85,398.41,0.0,33201.11
21,0,7,1097.9,0.4142,2.06,0.0,0.76,454.73,0.0,37894.23
21,0,9,1011.39,0.4202,2.07,0.0,0.88,424.96,0.0,35413.36
21,0,10,1068.57,0.5734,2.11,0.0,1.05,612.76,0.0,51063.08
21,0,11,945.81,0.3916,1.81,0.0,0.74,370.38,0.0,30864.6
21,0,13,963.09,0.4549,1.91,0.0,0.83,438.11,0.0,36509.19
21,0,14,942.2,0.5239,2.18,0.0,1.07,493.61,0.0,41133.75
21,1,0,1075.27,0.5285,1.93,0.0,1.13,568.24,0.0,47352.95
21,1,3,1031.09,0.5575,1.96,0.0,1.14,574.86,0.0,47905.22
21,1,4,1082.91,0.4135,1.98,0.0,0.78,447.82,0.0,37318.04
21,1,6,952.98,0.5799,1.9,0.0,1.24,552.64,0.0,46053.75
21,1,7,1012.27,0.4355,1.91,0.0,0.94,440.86,0.0,36738.54
21,1,8,1016.92,0.5632,2.16,0.0,1.09,572.72,0.0,47726.51
21,2,0,979.88,0.4906,1.89,0.0,0.94,480.76,0.0,40063.39
21,2,4,1099.51,0.5731,2.0,0.0,1.19,630.13,0.0,52511.1
21,3,0,918.18,0.5361,1.82,0.0,1.17,492.21,0.0,41017.39
21,3,1,921.93,0.4802,2.05,0.0,1.04,442.69,0.0,36890.54
21,3,8,1058.42,0.4663,1.97,0.0,1.0,493.56,0.0,41129.95
21,4,1,912.71,0.4972,1.95,0.0,1.04,453.78,0.0,37814.9
21,4,2,1099.22,0.528,2.01,0.0,1.0,580.42,0.0,48367.96
21,4,5,1094.22,0.452,2.14,0.0,0.92,494.56,0.0,41213.37
21,4,6,902.3,0.5593,2.09,0.0,1.1,504.66,0.0,42055.32
21,4,12,1036.34,0.4388,2.01,0.0,0.9,454.79,0.0,37899.35
21,4,13,953.37,0.5635,2.06,0.0,1.12,537.19,0.0,44765.7
21,5,0,922.31,0.4659,1.97,0.0,0.88,429.74,0.0,35811.57
21,5,4,990.74,0.5786,2.18,0.0,1.25,573.23,0.0,47769.19
21,5,11,1075.17,0.5842,1.91,0.0,1.06,628.08,0.0,52340.14
21,5,12,1000.12,0.5571,1.87,0.0,1.08,557.14,0.0,46427.93
21,6,1,1082.53,0.3969,2.15,0.0,0.77,429.64,0.0,35803.39
21,6,4,959.69,0.4762,2.06,0.0,1.04,456.96,0.0,38079.81
21,6,9,1021.79,0.4029,1.86,0.0,0.74,411.73,0.0,34310.83
21,7,0,1052.5,0.4519,2.02,0.0,0.92,475.59,0.0,39632.2
21,7,1,1055.73,0.4995,2.01,0.0,1.09,527.36,0.0,43946.65
21,8,1,900.11,0.4648,1.93,0.0,0.95,418.41,0.0,34867.11
21,8,3,903.9,0.4976,2.17,0.0,1.08,449.76,0.0,37479.74
21,8,10,1075.74,0.5053,2.13,0.0,0.99,543.55,0.0,45295.73
21,8,14,961.5,0.5467,1.82,0.0,1.08,525.7,0.0,43808.03
21,9,0,1075.6,0.4296,2.18,0.0,0.84,462.03,0.0,38502.76
21,9,6,917.13,0.553,1.99,0.0,1.08,507.15,0.0,42262.64
21,10,0,913.84,0.4187,2.1,0.0,0.81,382.62,0.0,31885.06
21,10,8,1053.17,0.4248,1.85,0.0,0.78,447.34,0.0,37278.01
21,11,0,995.06,0.5028,2.02,0.0,1.1,500.28,0.0,41689.97
21,11,5,953.01,0.5207,2.15,0.0,1.09,496.19,0.0,41349.51
21,12,4,984.63,0.4457,1.88,0.0,0.92,438.83,0.0,36569.27
21,12,5,1007.86,0.5845,2.09,0.0,1.18,589.09,0.0,49090.49
21,13,0,940.23,0.4171,1.92,0.0,0.78,392.19,0.0,32682.45
21,13,4,1099.03,0.3962,2.06,0.0,0.75,435.45,0.0,36287.67
21,14,0,987.62,0.498,2.01,0.0,1.09,491.8,0.0,40983.62
21,14,8,924.2,0.4227,1.89,0.0,0.9,390.67,0.0,32556.16
22,0,1,953.4,0.5533,2.17,0.0,1.1,527.52,0.0,43959.91
22,0,2,1029.61,0.3964,2.04,0.0,0.81,408.09,0.0,34007.91
22,0,3,934.23,0.416,2.09,0.0,0.82,388.62,0.0,32385.37
22,0,5,932.68,0.5536,1.95,0.0,1.2,516.36,0.0,43029.97
22,0,7,1097.9,0.5054,2.06,0.0,0.91,554.92,0.0,46243.65
22,0,9,1011.39,0.5296,2.07,0.0,1.16,535.65,0.0,44637.11
22,0,10,1068.57,0.5342,2.11,0.0,1.11,570.88,0.0,47573.39
22,0,11,945.81,0.4218,1.81,0.0,0.89,398.99,0.0,33248.89
22,0,13,963.09,0.5641,1.91,0.0,1.2,543.27,0.0,45272.9
22,0,14,942.2,0.4271,2.18,0.0,0.8,402.37,0.0,33530.58
22,1,0,1075.27,0.5893,1.93,0.0,1.25,633.62,0.0,52801.29
22,1,3,1031.09,0.4106,1.96,0.0,0.85,423.35,0.0,35279.06
22,1,4,1082.91,0.4939,1.98,0.0,0.92,534.82,0.0,44568.61
22,1,6,952.98,0.4586,1.9,0.0,0.98,437.08,0.0,36423.17
22,1,7,1012.27,0.5853,1.91,0.0,1.16,592.52,0.0,49376.64
22,1,8,1016.92,0.4081,2.16,0.0,0.85,414.95,0.0,34579.55
22,2,0,979.88,0.5072,1.89,0.0,0.93,496.97,0.0,41414.48
22,2,4,1099.51,0.4694,2.0,0.0,0.97,516.1,0.0,43008.42
22,3,0,918.18,0.4075,1.82,0.0,0.73,374.2,0.0,31183.37
22,3,1,921.93,0.4967,2.05,0.0,0.91,457.91,0.0,38159.05
22,3,8,1058.42,0.4138,1.97,0.0,0.76,437.93,0.0,36494.14
22,4,1,912.71,0.5266,1.95,0.0,0.96,480.6,0.0,40049.63
22,4,2,1099.22,0.4961,2.01,0.0,1.01,545.29,0.0,45441.14
22,4,5,1094.22,0.4947,2.14,0.0,0.93,541.26,0.0,45104.83
22,4,6,902.3,0.5746,2.09,0.0,1.08,518.42,0.0,43201.74
22,4,12,1036.34,0.4718,2.01,0.0,1.0,488.95,0.0,40745.62
22,4,13,953.37,0.4354,2.06,0.0,0.92,415.12,0.0,34593.21
22,5,0,922.31,0.542,1.97,0.0,1.06,499.88,0.0,41656.54
22,5,4,990.74,0.4241,2.18,0.0,0.8,420.13,0.0,35011.16
22,5,11,1075.17,0.503,1.91,0.0,1.05,540.77,0.0,45063.82
22,5,12,1000.12,0.5399,1.87,0.0,1.09,539.99,0.0,44998.87
22,6,1,1082.53,0.5914,2.15,0.0,1.15,640.26,0.0,53354.78
22,6,4,959.69,0.439,2.06,0.0,0.84,421.28,0.0,35106.65
22,6,9,1021.79,0.4943,1.86,0.0,0.96,505.04,0.0,42086.98
22,7,0,1052.5,0.45,2.02,0.0,0.9,473.64,0.0,39469.63
22,7,1,1055.73,0.4858,2.01,0.0,0.91,512.9,0.0,42742.03
22,8,1,900.11,0.4259,1.93,0.0,0.77,383.32,0.0,31943.52
22,8,3,903.9,0.4509,2.17,0.0,0.9,407.52,0.0,33960.41
22,8,10,1075.74,0.4682,2.13,0.0,0.88,503.68,0.0,41972.97
22,8,14,961.5,0.5758,1.82,0.0,1.05,553.65,0.0,46137.76
22,9,0,1075.6,0.4144,2.18,0.0,0.79,445.74,0.0,37145.31
22,9,6,917.13,0.5851,1.99,0.0,1.21,536.58,0.0,44715.0
22,10,0,913.84,0.5114,2.1,0.0,1.09,467.34,0.0,38945.15
22,10,8,1053.17,0.5421,1.85,0.0,0.98,570.94,0.0,47578.1
22,11,0,995.06,0.5138,2.02,0.0,1.09,511.28,0.0,42607.03
22,11,5,953.01,0.4228,2.15,0.0,0.81,402.95,0.0,33578.89
22,12,4,984.63,0.5706,1.88,0.0,1.22,561.84,0.0,46819.62
22,12,5,1007.86,0.4966,2.09,0.0,1.07,500.52,0.0,41710.06
22,13,0,940.23,0.562,1.92,0.0,1.08,528.38,0.0,44031.76
22,13,4,1099.03,0.4537,2.06,0.0,0.93,498.63,0.0,41552.47
22,14,0,987.62,0.4006,2.01,0.0,0.81,395.68,0.0,32973.06
22,14,8,924.2,0.5548,1.89,0.0,1.05,512.73,0.0,42727.18
23,0,1,953.4,0.4695,2.17,0.0,0.92,447.58,0.0,37298.05
23,0,2,1029.61,0.3889,2.04,0.0,0.74,400.44,0.0,33369.91
23,0,3,934.23,0.3921,2.09,0.0,0.84,366.35,0.0,30528.95
23,0,5,932.68,0.4063,1.95,0.0,0.8,378.98,0.0,31581.68
23,0,7,1097.9,0.3976,2.06,0.0,0.8,436.57,0.0,36380.47
23,0,9,1011.39,0.4717,2.07,0.0,0.95,477.05,0.0,39753.92
23,0,10,1068.57,0.5299,2.11,0.0,1.03,566.23,0.0,47185.44
23,0,11,945.81,0.56,1.81,0.0,1.15,529.68,0.0,44139.78
23,0,13,963.09,0.4827,1.91,0.0,1.04,464.86,0.0,38738.41
23,0,14,942.2,0.4998,2.18,0.0,0.91,470.92,0.0,39243.67
23,1,0,1075.27,0.5433,1.93,0.0,1.1,584.19,0.0,48682.62
23,1,3,1031.09,0.5196,1.96,0.0,0.99,535.78,0.0,44648.44
23,1,4,1082.91,0.518,1.98,0.0,1.07,560.9,0.0,46741.41
23,1,6,952.98,0.3939,1.9,0.0,0.81,375.38,0.0,31281.99
23,1,7,1012.27,0.4154,1.91,0.0,0.76,420.52,0.0,35043.32
23,1,8,1016.92,0.5382,2.16,0.0,0.99,547.29,0.0,45607.12
23,2,0,979.88,0.5257,1.89,0.0,1.06,515.13,0.0,42927.45
23,2,4,1099.51,0.4571,2.0,0.0,0.98,502.63,0.0,41885.46
23,3,0,918.18,0.5613,1.82,0.0,1.19,515.38,0.0,42948.07
23,3,1,921.93,0.4526,2.05,0.0,0.96,417.26,0.0,34771.25
23,3,8,1058.42,0.4555,1.97,0.0,0.84,482.12,0.0,40176.51
23,4,1,912.71,0.4584,1.95,0.0,0.89,418.37,0.0,34863.77
23,4,2,1099.22,0.493,2.01,0.0,1.0,541.96,0.0,45163.62
23,4,5,1094.22,0.4486,2.14,0.0,0.87,490.84,0.0,40903.34
23,4,6,902.3,0.4593,2.09,0.0,0.87,414.4,0.0,34533.32
23,4,12,1036.34,0.5306,2.01,0.0,1.15,549.92,0.0,45826.58
23,4,13,953.37,0.4822,2.06,0.0,0.99,459.69,0.0,38307.71
23,5,0,922.31,0.427,1.97,0.0,0.84,393.83,0.0,32818.76
23,5,4,990.74,0.5443,2.18,0.0,1.08,539.23,0.0,44936.22
23,5,11,1075.17,0.4658,1.91,0.0,0.97,500.86,0.0,41738.71
23,5,12,1000.12,0.5783,1.87,0.0,1.22,578.4,0.0,48199.65
23,6,1,1082.53,0.4553,2.15,0.0,0.96,492.9,0.0,41074.81
23,6,4,959.69,0.4168,2.06,0.0,0.81,400.01,0.0,33334.04
23,6,9,1021.79,0.5393,1.86,0.0,1.18,551.06,0.0,45921.48
23,7,0,1052.5,0.5061,2.02,0.0,1.07,532.68,0.0,44390.13
23,7,1,1055.73,0.4888,2.01,0.0,0.93,516.06,0.0,43005.06
23,8,1,900.11,0.4279,1.93,0.0,0.8,385.14,0.0,32094.78
23,8,3,903.9,0.4074,2.17,0.0,0.8,368.25,0.0,30687.29
23,8,10,1075.74,0.5745,2.13,0.0,1.09,618.04,0.0,51503.08
23,8,14,961.5,0.5431,1.82,0.0,1.17,522.18,0.0,43514.95
23,9,0,1075.6,0.5015,2.18,0.0,0.9,539.46,0.0,44954.85
23,9,6,917.13,0.4965,1.99,0.0,1.06,455.33,0.0,37943.85
23,10,0,913.84,0.5668,2.1,0.0,1.06,517.92,0.0,43160.0
23,10,8,1053.17,0.4377,1.85,0.0,0.93,460.95,0.0,38412.43
23,11,0,995.06,0.5293,2.02,0.0,1.04,526.68,0.0,43889.64
23,11,5,953.01,0.56,2.15,0.0,1.04,533.7,0.0,44475.1
23,12,4,984.63,0.4153,1.88,0.0,0.91,408.96,0.0,34080.06
23,12,5,1007.86,0.5513,2.09,0.0,1.08,555.61,0.0,46300.5
23,13,0,940.23,0.5652,1.92,0.0,1.24,531.37,0.0,44281.18
23,13,4,1099.03,0.5443,2.06,0.0,1.05,598.19,0.0,49848.85
23,14,0,987.62,0.5729,2.01,0.0,1.09,565.81,0.0,47151.15
23,14,8,924.2,0.4908,1.89,0.0,0.99,453.61,0.0,37800.55
24,0,1,953.4,0.4184,2.17,0.0,0.76,398.88,0.0,33239.67
24,0,2,1029.61,0.4018,2.04,0.0,0.79,413.71,0.0,34476.22
24,0,3,934.23,0.4385,2.09,0.0,0.83,409.62,0.0,34135.11
24,0,5,932.68,0.4617,1.95,0.0,0.91,430.64,0.0,35886.52
24,0,7,1097.9,0.3434,2.06,0.0,0.65,377.03,0.0,31418.75
24,0,9,1011.39,0.3965,2.07,0.0,0.85,400.98,0.0,33415.34
24,0,10,1068.57,0.3356,2.11,0.0,0.68,358.64,0.0,29886.6
24,0,11,945.81,0.3678,1.81,0.0,0.77,347.88,0.0,28990.38
24,0,13,963.09,0.3374,1.91,0.0,0.73,324.98,0.0,27081.41
24,0,14,942.2,0.4362,2.18,0.0,0.87,411.0,0.0,34250.11
24,1,0,1075.27,0.3515,1.93,0.0,0.7,377.92,0.0,31493.69
24,1,3,1031.09,0.3652,1.96,0.0,0.68,376.58,0.0,31381.61
24,1,4,1082.91,0.4358,1.98,0.0,0.92,471.98,0.0,39331.66
24,1,6,952.98,0.4093,1.9,0.0,0.75,390.03,0.0,32502.71
24,1,7,1012.27,0.3372,1.91,0.0,0.66,341.38,0.0,28448.5
24,1,8,1016.92,0.3475,2.16,0.0,0.65,353.41,0.0,29450.97
24,2,0,979.88,0.3381,1.89,0.0,0.71,331.3,0.0,27608.12
24,2,4,1099.51,0.3549,2.0,0.0,0.7,390.19,0.0,32515.99
24,3,0,918.18,0.3446,1.82,0.0,0.69,316.44,0.0,26369.6
24,3,1,921.93,0.443,2.05,0.0,0.89,408.45,0.0,34037.16
24,3,8,1058.42,0.4123,1.97,0.0,0.88,436.41,0.0,36367.67
24,4,1,912.71,0.3726,1.95,0.0,0.82,340.06,0.0,28338.34
24,4,2,1099.22,0.466,2.01,0.0,0.91,512.23,0.0,42686.03
24,4,5,1094.22,0.4562,2.14,0.0,0.98,499.16,0.0,41597.05
24,4,6,902.3,0.4009,2.09,0.0,0.84,361.75,0.0,30145.76
24,4,12,1036.34,0.371,2.01,0.0,0.77,384.46,0.0,32037.95
24,4,13,953.37,0.3611,2.06,0.0,0.79,344.26,0.0,28688.14
24,5,0,922.31,0.3556,1.97,0.0,0.67,328.01,0.0,27334.44
24,5,4,990.74,0.3703,2.18,0.0,0.71,366.89,0.0,30574.09
24,5,11,1075.17,0.4402,1.91,0.0,0.88,473.26,0.0,39438.26
24,5,12,1000.12,0.3426,1.87,0.0,0.66,342.59,0.0,28549.31
24,6,1,1082.53,0.4327,2.15,0.0,0.83,468.38,0.0,39031.76
24,6,4,959.69,0.3731,2.06,0.0,0.7,358.05,0.0,29837.88
24,6,9,1021.79,0.3639,1.86,0.0,0.79,371.82,0.0,30985.21
24,7,0,1052.5,0.4366,2.02,0.0,0.96,459.53,0.0,38293.83
24,7,1,1055.73,0.4453,2.01,0.0,0.96,470.08,0.0,39173.33
24,8,1,900.11,0.4181,1.93,0.0,0.89,376.35,0.0,31362.13
24,8,3,903.9,0.3688,2.17,0.0,0.72,333.33,0.0,27777.18
24,8,10,1075.74,0.4174,2.13,0.0,0.8,448.97,0.0,37414.54
24,8,14,961.5,0.4049,1.82,0.0,0.79,389.35,0.0,32446.16
24,9,0,1075.6,0.4504,2.18,0.0,0.81,484.46,0.0,40371.9
24,9,6,917.13,0.3886,1.99,0.0,0.72,356.36,0.0,29696.7
24,10,0,913.84,0.4306,2.1,0.0,0.86,393.49,0.0,32790.5
24,10,8,1053.17,0.4512,1.85,0.0,0.89,475.21,0.0,39600.5
24,11,0,995.06,0.4134,2.02,0.0,0.85,411.39,0.0,34282.41
24,11,5,953.01,0.3537,2.15,0.0,0.72,337.04,0.0,28086.89
24,12,4,984.63,0.4047,1.88,0.0,0.74,398.48,0.0,33206.93
24,12,5,1007.86,0.3866,2.09,0.0,0.83,389.68,0.0,32473.51
24,13,0,940.23,0.4949,1.92,0.0,0.98,465.35,0.0,38778.92
24,13,4,1099.03,0.3694,2.06,0.0,0.74,405.97,0.0,33830.84
24,14,0,987.62,0.4656,2.01,0.0,0.91,459.83,0.0,38319.41
24,14,8,924.2,0.3935,1.89,0.0,0.77,363.63,0.0,30302.87
25,0,1,953.4,0.4555,2.17,0.0,0.83,434.28,0.0,36189.85
25,0,2,1029.61,0.3648,2.04,0.0,0.77,375.64,0.0,31303.7
25,0,3,934.23,0.4617,2.09,0.0,1.01,431.33,0.0,35944.04
25,0,5,932.68,0.3947,1.95,0.0,0.78,368.14,0.0,30678.04
25,0,7,1097.9,0.493,2.06,0.0,1.07,541.22,0.0,45101.88
25,0,9,1011.39,0.4046,2.07,0.0,0.8,409.18,0.0,34098.34
25,0,10,1068.57,0.4709,2.11,0.0,0.96,503.2,0.0,41932.98
25,0,11,945.81,0.3834,1.81,0.0,0.83,362.62,0.0,30217.98
25,0,13,963.09,0.4734,1.91,0.0,0.89,455.9,0.0,37991.68
25,0,14,942.2,0.4239,2.18,0.0,0.77,399.42,0.0,33284.89
25,1,0,1075.27,0.3705,1.93,0.0,0.69,398.4,0.0,33200.18
25,1,3,1031.09,0.3749,1.96,0.0,0.68,386.53,0.0,32210.87
25,1,4,1082.91,0.4059,1.98,0.0,0.8,439.56,0.0,36629.99
25,1,6,952.98,0.4439,1.9,0.0,0.82,423.0,0.0,35250.27
25,1,7,1012.27,0.3908,1.91,0.0,0.72,395.6,0.0,32966.4
25,1,8,1016.92,0.3435,2.16,0.0,0.66,349.34,0.0,29111.76
25,2,0,979.88,0.4242,1.89,0.0,0.83,415.64,0.0,34636.36
25,2,4,1099.51,0.3842,2.0,0.0,0.83,422.45,0.0,35204.35
25,3,0,918.18,0.3429,1.82,0.0,0.62,314.84,0.0,26236.84
25,3,1,921.93,0.3454,2.05,0.0,0.71,318.44,0.0,26536.32
25,3,8,1058.42,0.4877,1.97,0.0,1.05,516.22,0.0,43018.08
25,4,1,912.71,0.4795,1.95,0.0,1.0,437.62,0.0,36468.4
25,4,2,1099.22,0.4618,2.01,0.0,0.86,507.66,0.0,42304.83
25,4,5,1094.22,0.4186,2.14,0.0,0.78,458.02,0.0,38168.4
25,4,6,902.3,0.3955,2.09,0.0,0.77,356.87,0.0,29739.51
25,4,12,1036.34,0.4805,2.01,0.0,0.87,497.96,0.0,41496.59
25,4,13,953.37,0.3846,2.06,0.0,0.84,366.69,0.0,30557.21
25,5,0,922.31,0.4576,1.97,0.0,0.96,422.07,0.0,35172.44
25,5,4,990.74,0.4041,2.18,0.0,0.86,400.31,0.0,33359.52
25,5,11,1075.17,0.4543,1.91,0.0,0.94,488.49,0.0,40707.6
25,5,12,1000.12,0.4326,1.87,0.0,0.95,432.63,0.0,36052.46
25,6,1,1082.53,0.3442,2.15,0.0,0.67,372.6,0.0,31049.67
25,6,4,959.69,0.4131,2.06,0.0,0.75,396.45,0.0,33037.12
25,6,9,1021.79,0.4561,1.86,0.0,0.89,466.08,0.0,38840.39
25,7,0,1052.5,0.3323,2.02,0.0,0.66,349.75,0.0,29145.95
25,7,1,1055.73,0.439,2.01,0.0,0.93,463.46,0.0,38621.94
25,8,1,900.11,0.4514,1.93,0.0,0.81,406.34,0.0,33861.45
25,8,3,903.9,0.3797,2.17,0.0,0.81,343.24,0.0,28603.35
25,8,10,1075.74,0.3831,2.13,0.0,0.74,412.14,0.0,34345.04
25,8,14,961.5,0.4463,1.82,0.0,0.81,429.11,0.0,35758.81
25,9,0,1075.6,0.4824,2.18,0.0,0.99,518.91,0.0,43242.2
25,9,6,917.13,0.3894,1.99,0.0,0.84,357.12,0.0,29760.06
25,10,0,913.84,0.4288,2.1,0.0,0.88,391.84,0.0,32653.64
25,10,8,1053.17,0.3735,1.85,0.0,0.78,393.4,0.0,32783.16
25,11,0,995.06,0.4274,2.02,0.0,0.84,425.3,0.0,35441.75
25,11,5,953.01,0.4509,2.15,0.0,0.88,429.71,0.0,35809.13
25,12,4,984.63,0.4208,1.88,0.0,0.76,414.38,0.0,34531.39
25,12,5,1007.86,0.4309,2.09,0.0,0.93,434.32,0.0,36193.28
25,13,0,940.23,0.3469,1.92,0.0,0.7,326.2,0.0,27183.22
25,13,4,1099.03,0.4489,2.06,0.0,0.83,493.33,0.0,41110.52
25,14,0,987.62,0.4646,2.01,0.0,0.87,458.83,0.0,38235.96
25,14,8,924.2,0.3874,1.89,0.0,0.78,358.07,0.0,29839.2
26,0,1,953.4,0.6162,2.17,0.0,1.29,587.47,0.0,48955.6
26,0,2,1029.61,0.546,2.04,0.0,1.19,562.12,0.0,46843.23
26,0,3,934.23,0.5625,2.09,0.0,1.18,525.46,0.0,43788.35
26,0,5,932.68,0.6095,1.95,0.0,1.32,568.47,0.0,47372.35
26,0,7,1097.9,0.4533,2.06,0.0,0.84,497.66,0.0,41471.43
26,0,9,1011.39,0.5644,2.07,0.0,1.15,570.79,0.0,47565.49
26,0,10,1068.57,0.4879,2.11,0.0,0.96,521.33,0.0,43444.45
26,0,11,945.81,0.5321,1.81,0.0,1.01,503.23,0.0,41936.05
26,0,13,963.09,0.6051,1.91,0.0,1.3,582.79,0.0,48565.66
26,0,14,942.2,0.4908,2.18,0.0,0.95,462.46,0.0,38538.7
26,1,0,1075.27,0.4611,1.93,0.0,1.01,495.77,0.0,41313.99
26,1,3,1031.09,0.4742,1.96,0.0,0.92,488.93,0.0,40743.9
26,1,4,1082.91,0.5271,1.98,0.0,1.07,570.81,0.0,47567.26
26,1,6,952.98,0.5687,1.9,0.0,1.2,541.93,0.0,45160.57
26,1,7,1012.27,0.519,1.91,0.0,1.1,525.33,0.0,43777.2
26,1,8,1016.92,0.5379,2.16,0.0,0.98,547.04,0.0,45586.78
26,2,0,979.88,0.6072,1.89,0.0,1.27,595.03,0.0,49585.43
26,2,4,1099.51,0.5452,2.0,0.0,1.0,599.41,0.0,49950.54
26,3,0,918.18,0.5906,1.82,0.0,1.14,542.31,0.0,45192.75
26,3,1,921.93,0.5482,2.05,0.0,1.01,505.38,0.0,42114.78
26,3,8,1058.42,0.5248,1.97,0.0,1.07,555.44,0.0,46286.68
26,4,1,912.71,0.4582,1.95,0.0,0.86,418.22,0.0,34851.96
26,4,2,1099.22,0.5616,2.01,0.0,1.05,617.28,0.0,51440.3
26,4,5,1094.22,0.5887,2.14,0.0,1.18,644.15,0.0,53679.4
26,4,6,902.3,0.5877,2.09,0.0,1.16,530.29,0.0,44190.45
26,4,12,1036.34,0.5076,2.01,0.0,1.02,526.08,0.0,43839.62
26,4,13,953.37,0.5666,2.06,0.0,1.14,540.15,0.0,45012.88
26,5,0,922.31,0.5087,1.97,0.0,1.06,469.21,0.0,39101.07
26,5,4,990.74,0.4977,2.18,0.0,1.07,493.11,0.0,41092.23
26,5,11,1075.17,0.4992,1.91,0.0,1.09,536.71,0.0,44725.73
26,5,12,1000.12,0.5128,1.87,0.0,1.04,512.89,0.0,42740.91
26,6,1,1082.53,0.5827,2.15,0.0,1.19,630.82,0.0,52568.7
26,6,4,959.69,0.4688,2.06,0.0,0.95,449.92,0.0,37493.48
26,6,9,1021.79,0.591,1.86,0.0,1.15,603.88,0.0,50323.56
26,7,0,1052.5,0.4714,2.02,0.0,1.0,496.15,0.0,41346.0
26,7,1,1055.73,0.5357,2.01,0.0,0.99,565.6,0.0,47132.96
26,8,1,900.11,0.4609,1.93,0.0,1.0,414.9,0.0,34575.18
26,8,3,903.9,0.5747,2.17,0.0,1.14,519.48,0.0,43290.11
26,8,10,1075.74,0.5879,2.13,0.0,1.23,632.43,0.0,52702.63
26,8,14,961.5,0.6107,1.82,0.0,1.27,587.16,0.0,48930.31
26,9,0,1075.6,0.6074,2.18,0.0,1.11,653.28,0.0,54439.62
26,9,6,917.13,0.6536,1.99,0.0,1.29,599.43,0.0,49952.91
26,10,0,913.84,0.4401,2.1,0.0,0.86,402.17,0.0,33513.89
26,10,8,1053.17,0.6448,1.85,0.0,1.19,679.06,0.0,56588.22
26,11,0,995.06,0.4669,2.02,0.0,0.98,464.58,0.0,38715.33
26,11,5,953.01,0.6369,2.15,0.0,1.25,607.0,0.0,50582.94
26,12,4,984.63,0.635,1.88,0.0,1.31,625.25,0.0,52104.15
26,12,5,1007.86,0.5841,2.09,0.0,1.06,588.67,0.0,49055.95
26,13,0,940.23,0.6071,1.92,0.0,1.32,570.84,0.0,47570.15
26,13,4,1099.03,0.6177,2.06,0.0,1.21,678.88,0.0,56573.4
26,14,0,987.62,0.6068,2.01,0.0,1.29,599.33,0.0,49944.43
26,14,8,924.2,0.6186,1.89,0.0,1.3,571.74,0.0,47645.29
27,0,1,953.4,0.5931,2.17,0.0,1.23,565.44,0.0,47119.61
27,0,2,1029.61,0.6239,2.04,0.0,1.15,642.34,0.0,53528.22
27,0,3,934.23,0.4523,2.09,0.0,0.84,422.51,0.0,35209.3
27,0,5,932.68,0.5964,1.95,0.0,1.22,556.22,0.0,46352.04
27,0,7,1097.9,0.6122,2.06,0.0,1.18,672.18,0.0,56015.17
27,0,9,1011.39,0.4335,2.07,0.0,0.94,438.44,0.0,36536.63
27,0,10,1068.57,0.4716,2.11,0.0,1.0,503.96,0.0,41996.63
27,0,11,945.81,0.4552,1.81,0.0,0.98,430.54,0.0,35878.17
27,0,13,963.09,0.5484,1.91,0.0,1.08,528.15,0.0,44012.77
27,0,14,942.2,0.6407,2.18,0.0,1.37,603.65,0.0,50304.03
27,1,0,1075.27,0.4597,1.93,0.0,0.93,494.25,0.0,41187.51
27,1,3,1031.09,0.5103,1.96,0.0,1.09,526.19,0.0,43848.9
27,1,4,1082.91,0.6356,1.98,0.0,1.23,688.33,0.0,57360.97
27,1,6,952.98,0.5356,1.9,0.0,1.08,510.4,0.0,42533.7
27,1,7,1012.27,0.5328,1.91,0.0,1.05,539.36,0.0,44946.88
27,1,8,1016.92,0.6418,2.16,0.0,1.26,652.71,0.0,54392.26
27,2,0,979.88,0.5423,1.89,0.0,1.06,531.35,0.0,44279.41
27,2,4,1099.51,0.6391,2.0,0.0,1.26,702.73,0.0,58561.12
27,3,0,918.18,0.607,1.82,0.0,1.13,557.37,0.0,46447.24
27,3,1,921.93,0.4578,2.05,0.0,0.85,422.07,0.0,35172.23
27,3,8,1058.42,0.5094,1.97,0.0,0.98,539.18,0.0,44931.56
27,4,1,912.71,0.4684,1.95,0.0,0.97,427.5,0.0,35624.66
27,4,2,1099.22,0.5816,2.01,0.0,1.2,639.29,0.0,53274.01
27,4,5,1094.22,0.6071,2.14,0.0,1.28,664.3,0.0,55358.73
27,4,6,902.3,0.4463,2.09,0.0,0.93,402.72,0.0,33559.95
27,4,12,1036.34,0.4787,2.01,0.0,1.02,496.08,0.0,41340.13
27,4,13,953.37,0.4844,2.06,0.0,0.89,461.8,0.0,38483.06
27,5,0,922.31,0.5049,1.97,0.0,0.99,465.72,0.0,38809.59
27,5,4,990.74,0.4341,2.18,0.0,0.89,430.12,0.0,35843.38
27,5,11,1075.17,0.49,1.91,0.0,0.89,526.78,0.0,43898.68
27,5,12,1000.12,0.5007,1.87,0.0,1.08,500.76,0.0,41729.81
27,6,1,1082.53,0.6254,2.15,0.0,1.31,677.05,0.0,56420.51
27,6,4,959.69,0.537,2.06,0.0,1.05,515.31,0.0,42942.65
27,6,9,1021.79,0.5213,1.86,0.0,0.95,532.71,0.0,44392.5
27,7,0,1052.5,0.5772,2.02,0.0,1.06,607.45,0.0,50621.09
27,7,1,1055.73,0.4723,2.01,0.0,0.86,498.59,0.0,41549.36
27,8,1,900.11,0.5733,1.93,0.0,1.09,516.02,0.0,43001.39
27,8,3,903.9,0.575,2.17,0.0,1.09,519.76,0.0,43313.27
27,8,10,1075.74,0.4379,2.13,0.0,0.81,471.1,0.0,39258.43
27,8,14,961.5,0.5643,1.82,0.0,1.12,542.53,0.0,45211.18
27,9,0,1075.6,0.6282,2.18,0.0,1.33,675.65,0.0,56304.35
27,9,6,917.13,0.6359,1.99,0.0,1.32,583.18,0.0,48598.06
27,10,0,913.84,0.4547,2.1,0.0,0.93,415.5,0.0,34625.16
27,10,8,1053.17,0.5776,1.85,0.0,1.25,608.36,0.0,50696.35
27,11,0,995.06,0.6095,2.02,0.0,1.22,606.53,0.0,50543.91
27,11,5,953.01,0.5403,2.15,0.0,0.98,514.89,0.0,42907.15
27,12,4,984.63,0.4421,1.88,0.0,0.81,435.26,0.0,36271.96
27,12,5,1007.86,0.5451,2.09,0.0,1.01,549.39,0.0,45782.84
27,13,0,940.23,0.5921,1.92,0.0,1.16,556.69,0.0,46391.13
27,13,4,1099.03,0.4302,2.06,0.0,0.89,472.77,0.0,39397.41
27,14,0,987.62,0.5427,2.01,0.0,1.18,535.94,0.0,44661.75
27,14,8,924.2,0.4906,1.89,0.0,0.91,453.38,0.0,37782.02
28,0,1,953.4,0.6423,2.17,0.0,1.39,612.37,0.0,51031.03
28,0,2,1029.61,0.5254,2.04,0.0,1.01,540.95,0.0,45078.92
28,0,3,934.23,0.6126,2.09,0.0,1.22,572.31,0.0,47692.67
28,0,5,932.68,0.6059,1.95,0.0,1.12,565.08,0.0,47089.87
28,0,7,1097.9,0.5485,2.06,0.0,1.21,602.22,0.0,50184.73
28,0,9,1011.39,0.5324,2.07,0.0,0.99,538.51,0.0,44875.91
28,0,10,1068.57,0.6834,2.11,0.0,1.41,730.24,0.0,60853.0
28,0,11,945.81,0.5467,1.81,0.0,1.11,517.05,0.0,43087.33
28,0,13,963.09,0.5363,1.91,0.0,1.12,516.54,0.0,43044.66
28,0,14,942.2,0.6909,2.18,0.0,1.36,650.99,0.0,54249.06
28,1,0,1075.27,0.5866,1.93,0.0,1.15,630.75,0.0,52562.5
28,1,3,1031.09,0.6886,1.96,0.0,1.35,709.99,0.0,59165.46
28,1,4,1082.91,0.5013,1.98,0.0,0.92,542.82,0.0,45235.11
28,1,6,952.98,0.5271,1.9,0.0,1.02,502.29,0.0,41857.38
28,1,7,1012.27,0.6894,1.91,0.0,1.32,697.84,0.0,58153.17
28,1,8,1016.92,0.5732,2.16,0.0,1.21,582.88,0.0,48572.95
28,2,0,979.88,0.6612,1.89,0.0,1.31,647.89,0.0,53990.86
28,2,4,1099.51,0.6555,2.0,0.0,1.21,720.74,0.0,60061.26
28,3,0,918.18,0.5833,1.82,0.0,1.06,535.6,0.0,44633.4
28,3,1,921.93,0.6757,2.05,0.0,1.31,622.94,0.0,51911.95
28,3,8,1058.42,0.6788,1.97,0.0,1.49,718.47,0.0,59872.71
28,4,1,912.71,0.5301,1.95,0.0,0.96,483.79,0.0,40315.87
28,4,2,1099.22,0.5456,2.01,0.0,1.08,599.72,0.0,49976.53
28,4,5,1094.22,0.6644,2.14,0.0,1.4,726.99,0.0,60582.59
28,4,6,902.3,0.5253,2.09,0.0,0.97,473.94,0.0,39494.77
28,4,12,1036.34,0.6778,2.01,0.0,1.44,702.41,0.0,58533.97
28,4,13,953.37,0.6757,2.06,0.0,1.46,644.16,0.0,53679.87
28,5,0,922.31,0.5381,1.97,0.0,1.15,496.34,0.0,41361.25
28,5,4,990.74,0.5303,2.18,0.0,0.98,525.41,0.0,43784.06
28,5,11,1075.17,0.5299,1.91,0.0,1.15,569.78,0.0,47482.02
28,5,12,1000.12,0.5942,1.87,0.0,1.12,594.25,0.0,49521.24
28,6,1,1082.53,0.6263,2.15,0.0,1.33,677.99,0.0,56499.05
28,6,4,959.69,0.6644,2.06,0.0,1.41,637.66,0.0,53138.73
28,6,9,1021.79,0.5613,1.86,0.0,1.13,573.56,0.0,47796.37
28,7,0,1052.5,0.653,2.02,0.0,1.37,687.3,0.0,57274.84
28,7,1,1055.73,0.5414,2.01,0.0,1.14,571.61,0.0,47634.52
28,8,1,900.11,0.697,1.93,0.0,1.48,627.4,0.0,52283.69
28,8,3,903.9,0.6111,2.17,0.0,1.18,552.39,0.0,46032.38
28,8,10,1075.74,0.6031,2.13,0.0,1.32,648.74,0.0,54061.49
28,8,14,961.5,0.4954,1.82,0.0,1.01,476.3,0.0,39691.39
28,9,0,1075.6,0.6828,2.18,0.0,1.33,734.47,0.0,61205.65
28,9,6,917.13,0.6551,1.99,0.0,1.21,600.85,0.0,50071.19
28,10,0,913.84,0.681,2.1,0.0,1.45,622.29,0.0,51857.88
28,10,8,1053.17,0.474,1.85,0.0,1.04,499.24,0.0,41603.23
28,11,0,995.06,0.6581,2.02,0.0,1.41,654.85,0.0,54570.45
28,11,5,953.01,0.612,2.15,0.0,1.26,583.24,0.0,48603.52
28,12,4,984.63,0.5867,1.88,0.0,1.23,577.7,0.0,48141.86
28,12,5,1007.86,0.6139,2.09,0.0,1.2,618.68,0.0,51556.26
28,13,0,940.23,0.5491,1.92,0.0,1.02,516.31,0.0,43025.87
28,13,4,1099.03,0.6841,2.06,0.0,1.49,751.87,0.0,62655.72
28,14,0,987.62,0.5747,2.01,0.0,1.21,567.62,0.0,47301.83
28,14,8,924.2,0.4783,1.89,0.0,0.97,442.05,0.0,36837.13
29,0,1,953.4,0.3986,2.17,0.0,0.77,380.03,0.0,31668.76
29,0,2,1029.61,0.4871,2.04,0.0,1.0,501.54,0.0,41794.84
29,0,3,934.23,0.3761,2.09,0.0,0.68,351.4,0.0,29282.92
29,0,5,932.68,0.5202,1.95,0.0,1.14,485.22,0.0,40435.04
29,0,7,1097.9,0.4751,2.06,0.0,1.01,521.57,0.0,43464.53
29,0,9,1011.39,0.4955,2.07,0.0,1.09,501.14,0.0,41761.46
29,0,10,1068.57,0.4664,2.11,0.0,0.89,498.37,0.0,41530.81
29,0,11,945.81,0.4449,1.81,0.0,0.84,420.81,0.0,35067.14
29,0,13,963.09,0.4528,1.91,0.0,0.83,436.12,0.0,36343.11
29,0,14,942.2,0.5511,2.18,0.0,1.03,519.29,0.0,43273.91
29,1,0,1075.27,0.4798,1.93,0.0,0.87,515.93,0.0,42994.57
29,1,3,1031.09,0.5186,1.96,0.0,1.08,534.74,0.0,44561.29
29,1,4,1082.91,0.472,1.98,0.0,0.92,511.09,0.0,42590.62
29,1,6,952.98,0.5538,1.9,0.0,1.18,527.77,0.0,43981.22
29,1,7,1012.27,0.4852,1.91,0.0,1.02,491.19,0.0,40932.6
29,1,8,1016.92,0.5357,2.16,0.0,1.04,544.81,0.0,45401.04
29,2,0,979.88,0.4655,1.89,0.0,0.87,456.11,0.0,38008.76
29,2,4,1099.51,0.5489,2.0,0.0,1.06,603.57,0.0,50297.75
29,3,0,918.18,0.4766,1.82,0.0,0.86,437.57,0.0,36463.93
29,3,1,921.93,0.4317,2.05,0.0,0.89,398.02,0.0,33168.15
29,3,8,1058.42,0.5251,1.97,0.0,0.99,555.78,0.0,46314.83
29,4,1,912.71,0.5016,1.95,0.0,0.93,457.8,0.0,38150.26
29,4,2,1099.22,0.3735,2.01,0.0,0.8,410.53,0.0,34211.15
29,4,5,1094.22,0.4632,2.14,0.0,0.91,506.82,0.0,42234.93
29,4,6,902.3,0.5009,2.09,0.0,1.09,451.94,0.0,37661.55
29,4,12,1036.34,0.5565,2.01,0.0,1.22,576.72,0.0,48059.91
29,4,13,953.37,0.4265,2.06,0.0,0.88,406.57,0.0,33880.53
29,5,0,922.31,0.5177,1.97,0.0,0.98,477.52,0.0,39793.71
29,5,4,990.74,0.4563,2.18,0.0,0.85,452.06,0.0,37671.97
29,5,11,1075.17,0.557,1.91,0.0,1.06,598.9,0.0,49908.57
29,5,12,1000.12,0.527,1.87,0.0,1.1,527.05,0.0,43920.74
29,6,1,1082.53,0.5007,2.15,0.0,1.0,541.98,0.0,45165.13
29,6,4,959.69,0.4908,2.06,0.0,0.94,470.99,0.0,39248.77
29,6,9,1021.79,0.46,1.86,0.0,0.83,470.0,0.0,39166.25
29,7,0,1052.5,0.5489,2.02,0.0,1.07,577.74,0.0,48144.79
29,7,1,1055.73,0.3977,2.01,0.0,0.78,419.9,0.0,34991.85
29,8,1,900.11,0.5275,1.93,0.0,0.96,474.83,0.0,39568.96
29,8,3,903.9,0.5379,2.17,0.0,1.02,486.24,0.0,40519.77
29,8,10,1075.74,0.5006,2.13,0.0,0.96,538.49,0.0,44874.46
29,8,14,961.5,0.4237,1.82,0.0,0.83,407.39,0.0,33949.58
29,9,0,1075.6,0.5154,2.18,0.0,1.03,554.37,0.0,46197.77
29,9,6,917.13,0.5246,1.99,0.0,1.06,481.15,0.0,40095.61
29,10,0,913.84,0.4621,2.1,0.0,0.99,422.27,0.0,35189.37
29,10,8,1053.17,0.5056,1.85,0.0,0.97,532.45,0.0,44370.5
29,11,0,995.06,0.5268,2.02,0.0,0.97,524.16,0.0,43680.15
29,11,5,953.01,0.4327,2.15,0.0,0.83,412.39,0.0,34365.83
29,12,4,984.63,0.4052,1.88,0.0,0.76,399.02,0.0,33251.35
29,12,5,1007.86,0.3948,2.09,0.0,0.8,397.94,0.0,33161.25
29,13,0,940.23,0.457,1.92,0.0,0.91,429.73,0.0,35810.79
29,13,4,1099.03,0.4636,2.06,0.0,0.89,509.49,0.0,42457.26
29,14,0,987.62,0.4335,2.01,0.0,0.8,428.18,0.0,35681.66
29,14,8,924.2,0.4399,1.89,0.0,0.92,406.55,0.0,33878.8
30,0,1,953.4,0.4187,2.17,0.0,0.77,399.23,0.0,33269.48
30,0,2,1029.61,0.4309,2.04,0.0,0.88,443.69,0.0,36974.24
30,0,3,934.23,0.4036,2.09,0.0,0.89,377.1,0.0,31425.15
30,0,5,932.68,0.3467,1.95,0.0,0.67,323.36,0.0,26946.33
30,0,7,1097.9,0.4957,2.06,0.0,1.0,544.23,0.0,45352.88
30,0,9,1011.39,0.3401,2.07,0.0,0.66,343.95,0.0,28662.49
30,0,10,1068.57,0.3697,2.11,0.0,0.77,395.03,0.0,32919.26
30,0,11,945.81,0.3954,1.81,0.0,0.82,373.93,0.0,31160.63
30,0,13,963.09,0.3987,1.91,0.0,0.81,383.94,0.0,31995.1
30,0,14,942.2,0.4823,2.18,0.0,1.06,454.45,0.0,37870.45
30,1,0,1075.27,0.3956,1.93,0.0,0.82,425.34,0.0,35444.96
30,1,3,1031.09,0.3694,1.96,0.0,0.72,380.92,0.0,31743.75
30,1,4,1082.91,0.3478,1.98,0.0,0.68,376.63,0.0,31386.0
30,1,6,952.98,0.4154,1.9,0.0,0.85,395.85,0.0,32987.12
30,1,7,1012.27,0.4297,1.91,0.0,0.89,434.99,0.0,36248.78
30,1,8,1016.92,0.454,2.16,0.0,0.86,461.66,0.0,38471.57
30,2,0,979.88,0.4693,1.89,0.0,1.0,459.9,0.0,38325.39
30,2,4,1099.51,0.3626,2.0,0.0,0.72,398.66,0.0,33221.3
30,3,0,918.18,0.3414,1.82,0.0,0.72,313.48,0.0,26123.6
30,3,1,921.93,0.4845,2.05,0.0,0.89,446.64,0.0,37219.85
30,3,8,1058.42,0.3501,1.97,0.0,0.67,370.59,0.0,30882.14
30,4,1,912.71,0.4331,1.95,0.0,0.78,395.26,0.0,32937.95
30,4,2,1099.22,0.4338,2.01,0.0,0.85,476.81,0.0,39733.94
30,4,5,1094.22,0.3561,2.14,0.0,0.68,389.69,0.0,32474.55
30,4,6,902.3,0.3334,2.09,0.0,0.65,300.85,0.0,25070.84
30,4,12,1036.34,0.3671,2.01,0.0,0.69,380.49,0.0,31707.23
30,4,13,953.37,0.4711,2.06,0.0,1.01,449.12,0.0,37426.75
30,5,0,922.31,0.3903,1.97,0.0,0.8,359.97,0.0,29997.84
30,5,4,990.74,0.4108,2.18,0.0,0.8,407.02,0.0,33918.26
30,5,11,1075.17,0.4634,1.91,0.0,0.93,498.26,0.0,41521.5
30,5,12,1000.12,0.3377,1.87,0.0,0.63,337.75,0.0,28145.76
30,6,1,1082.53,0.4024,2.15,0.0,0.88,435.56,0.0,36296.86
30,6,4,959.69,0.3746,2.06,0.0,0.81,359.53,0.0,29961.07
30,6,9,1021.79,0.3757,1.86,0.0,0.76,383.88,0.0,31989.94
30,7,0,1052.5,0.3585,2.02,0.0,0.67,377.35,0.0,31445.67
30,7,1,1055.73,0.3577,2.01,0.0,0.78,377.64,0.0,31469.76
30,8,1,900.11,0.3951,1.93,0.0,0.75,355.65,0.0,29637.1
30,8,3,903.9,0.4182,2.17,0.0,0.76,378.0,0.0,31499.86
30,8,10,1075.74,0.3983,2.13,0.0,0.78,428.42,0.0,35701.36
30,8,14,961.5,0.351,1.82,0.0,0.68,337.53,0.0,28127.52
30,9,0,1075.6,0.4692,2.18,0.0,1.0,504.71,0.0,42059.53
30,9,6,917.13,0.4288,1.99,0.0,0.8,393.26,0.0,32771.53
30,10,0,913.84,0.3822,2.1,0.0,0.7,349.27,0.0,29106.13
30,10,8,1053.17,0.4616,1.85,0.0,0.91,486.14,0.0,40511.43
30,11,0,995.06,0.3743,2.02,0.0,0.68,372.42,0.0,31034.77
30,11,5,953.01,0.4707,2.15,0.0,0.97,448.6,0.0,37383.6
30,12,4,984.63,0.3777,1.88,0.0,0.75,371.89,0.0,30990.74
30,12,5,1007.86,0.3359,2.09,0.0,0.72,338.55,0.0,28212.34
30,13,0,940.23,0.3892,1.92,0.0,0.85,365.94,0.0,30494.74
30,13,4,1099.03,0.4488,2.06,0.0,0.85,493.28,0.0,41106.43
30,14,0,987.62,0.4818,2.01,0.0,1.02,475.79,0.0,39649.3
30,14,8,924.2,0.4264,1.89,0.0,0.85,394.1,0.0,32841.92
31,0,1,953.4,0.5323,2.17,0.0,1.02,507.46,0.0,42288.59
31,0,2,1029.61,0.4764,2.04,0.0,0.95,490.46,0.0,40871.97
31,0,3,934.23,0.5044,2.09,0.0,1.02,471.22,0.0,39268.51
31,0,5,932.68,0.5369,1.95,0.0,1.07,500.77,0.0,41730.93
31,0,7,1097.9,0.4908,2.06,0.0,1.0,538.81,0.0,44900.57
31,0,9,1011.39,0.3746,2.07,0.0,0.75,378.84,0.0,31570.2
31,0,10,1068.57,0.4252,2.11,0.0,0.85,454.34,0.0,37861.34
31,0,11,945.81,0.4777,1.81,0.0,0.9,451.85,0.0,37654.16
31,0,13,963.09,0.4216,1.91,0.0,0.78,406.07,0.0,33839.23
31,0,14,942.2,0.4041,2.18,0.0,0.77,380.74,0.0,31728.65
31,1,0,1075.27,0.4497,1.93,0.0,0.95,483.59,0.0,40299.45
31,1,3,1031.09,0.465,1.96,0.0,0.84,479.42,0.0,39951.46
31,1,4,1082.91,0.4368,1.98,0.0,0.85,472.97,0.0,39414.15
31,1,6,952.98,0.4167,1.9,0.0,0.82,397.07,0.0,33089.49
31,1,7,1012.27,0.3998,1.91,0.0,0.81,404.74,0.0,33728.5
31,1,8,1016.92,0.4176,2.16,0.0,0.82,424.62,0.0,35385.12
31,2,0,979.88,0.5374,1.89,0.0,1.15,526.55,0.0,43879.41
31,2,4,1099.51,0.469,2.0,0.0,1.02,515.7,0.0,42975.01
31,3,0,918.18,0.4562,1.82,0.0,0.92,418.87,0.0,34905.68
31,3,1,921.93,0.5385,2.05,0.0,1.01,496.44,0.0,41369.58
31,3,8,1058.42,0.4981,1.97,0.0,1.07,527.18,0.0,43932.03
31,4,1,912.71,0.3712,1.95,0.0,0.8,338.79,0.0,28232.91
31,4,2,1099.22,0.4781,2.01,0.0,0.95,525.58,0.0,43798.35
31,4,5,1094.22,0.5193,2.14,0.0,1.1,568.22,0.0,47351.68
31,4,6,902.3,0.5136,2.09,0.0,1.11,463.44,0.0,38620.16
31,4,12,1036.34,0.4022,2.01,0.0,0.88,416.78,0.0,34732.01
31,4,13,953.37,0.4131,2.06,0.0,0.78,393.82,0.0,32818.02
31,5,0,922.31,0.413,1.97,0.0,0.78,380.92,0.0,31742.94
31,5,4,990.74,0.488,2.18,0.0,1.03,483.43,0.0,40286.16
31,5,11,1075.17,0.5041,1.91,0.0,0.96,541.95,0.0,45162.8
31,5,12,1000.12,0.4351,1.87,0.0,0.83,435.17,0.0,36264.29
31,6,1,1082.53,0.4972,2.15,0.0,0.9,538.2,0.0,44849.97
31,6,4,959.69,0.3765,2.06,0.0,0.79,361.32,0.0,30109.95
31,6,9,1021.79,0.4837,1.86,0.0,0.92,494.23,0.0,41186.01
31,7,0,1052.5,0.4478,2.02,0.0,0.84,471.35,0.0,39279.32
31,7,1,1055.73,0.4965,2.01,0.0,1.02,524.19,0.0,43682.16
31,8,1,900.11,0.429,1.93,0.0,0.79,386.15,0.0,32179.09
31,8,3,903.9,0.4635,2.17,0.0,0.98,418.93,0.0,34910.8
31,8,10,1075.74,0.4785,2.13,0.0,0.88,514.78,0.0,42898.2
31,8,14,961.5,0.4989,1.82,0.0,1.09,479.71,0.0,39975.64
31,9,0,1075.6,0.4891,2.18,0.0,0.91,526.11,0.0,43842.16
31,9,6,917.13,0.4434,1.99,0.0,0.82,406.61,0.0,33884.27
31,10,0,913.84,0.4512,2.1,0.0,0.9,412.34,0.0,34362.06
31,10,8,1053.17,0.4806,1.85,0.0,1.01,506.18,0.0,42181.68
31,11,0,995.06,0.491,2.02,0.0,0.98,488.62,0.0,40718.26
31,11,5,953.01,0.3705,2.15,0.0,0.77,353.12,0.0,29426.41
31,12,4,984.63,0.5381,1.88,0.0,1.02,529.8,0.0,44150.31
31,12,5,1007.86,0.3763,2.09,0.0,0.81,379.27,0.0,31605.89
31,13,0,940.23,0.426,1.92,0.0,0.8,400.57,0.0,33381.21
31,13,4,1099.03,0.3752,2.06,0.0,0.74,412.41,0.0,34367.2
31,14,0,987.62,0.4455,2.01,0.0,0.95,439.97,0.0,36664.3
31,14,8,924.2,0.4325,1.89,0.0,0.85,399.71,0.0,33309.16
32,0,1,953.4,0.5593,2.17,0.0,1.2,533.28,0.0,44439.69
32,0,2,1029.61,0.6224,2.04,0.0,1.25,640.88,0.0,53406.37
32,0,3,934.23,0.675,2.09,0.0,1.25,630.61,0.0,52551.21
32,0,5,932.68,0.4716,1.95,0.0,0.87,439.89,0.0,36657.62
32,0,7,1097.9,0.6755,2.06,0.0,1.3,741.63,0.0,61802.44
32,0,9,1011.39,0.6315,2.07,0.0,1.36,638.67,0.0,53222.53
32,0,10,1068.57,0.5209,2.11,0.0,1.13,556.67,0.0,46388.91
32,0,11,945.81,0.4702,1.81,0.0,0.91,444.7,0.0,37058.26
32,0,13,963.09,0.4792,1.91,0.0,0.95,461.52,0.0,38460.15
32,0,14,942.2,0.5205,2.18,0.0,1.03,490.4,0.0,40866.75
32,1,0,1075.27,0.6072,1.93,0.0,1.32,652.9,0.0,54408.18
32,1,3,1031.09,0.5529,1.96,0.0,1.09,570.1,0.0,47508.6
32,1,4,1082.91,0.531,1.98,0.0,1.02,575.02,0.0,47918.09
32,1,6,952.98,0.6374,1.9,0.0,1.28,607.43,0.0,50618.82
32,1,7,1012.27,0.4591,1.91,0.0,0.83,464.7,0.0,38725.1
32,1,8,1016.92,0.6124,2.16,0.0,1.23,622.77,0.0,51897.89
32,2,0,979.88,0.5715,1.89,0.0,1.06,559.95,0.0,46662.77
32,2,4,1099.51,0.6362,2.0,0.0,1.35,699.5,0.0,58291.98
32,3,0,918.18,0.6249,1.82,0.0,1.23,573.76,0.0,47812.96
32,3,1,921.93,0.4966,2.05,0.0,1.08,457.87,0.0,38156.16
32,3,8,1058.42,0.6723,1.97,0.0,1.32,711.59,0.0,59299.51
32,4,1,912.71,0.6369,1.95,0.0,1.22,581.33,0.0,48444.16
32,4,2,1099.22,0.5848,2.01,0.0,1.29,642.77,0.0,53564.29
32,4,5,1094.22,0.5122,2.14,0.0,1.1,560.5,0.0,46708.71
32,4,6,902.3,0.4817,2.09,0.0,0.87,434.64,0.0,36220.11
32,4,12,1036.34,0.4799,2.01,0.0,1.05,497.34,0.0,41445.24
32,4,13,953.37,0.5089,2.06,0.0,1.09,485.15,0.0,40429.03
32,5,0,922.31,0.5062,1.97,0.0,1.1,466.91,0.0,38908.83
32,5,4,990.74,0.5851,2.18,0.0,1.19,579.7,0.0,48307.92
32,5,11,1075.17,0.6172,1.91,0.0,1.29,663.61,0.0,55300.6
32,5,12,1000.12,0.655,1.87,0.0,1.37,655.06,0.0,54588.23
32,6,1,1082.53,0.5368,2.15,0.0,1.04,581.09,0.0,48424.04
32,6,4,959.69,0.5412,2.06,0.0,0.98,519.34,0.0,43278.14
32,6,9,1021.79,0.5561,1.86,0.0,1.15,568.22,0.0,47351.61
32,7,0,1052.5,0.4591,2.02,0.0,1.0,483.17,0.0,40264.37
32,7,1,1055.73,0.5638,2.01,0.0,1.04,595.18,0.0,49598.57
32,8,1,900.11,0.6147,1.93,0.0,1.28,553.26,0.0,46105.18
32,8,3,903.9,0.5094,2.17,0.0,1.02,460.48,0.0,38373.34
32,8,10,1075.74,0.5116,2.13,0.0,1.0,550.3,0.0,45858.41
32,8,14,961.5,0.5181,1.82,0.0,1.08,498.16,0.0,41513.2
32,9,0,1075.6,0.644,2.18,0.0,1.31,692.71,0.0,57726.21
32,9,6,917.13,0.6207,1.99,0.0,1.31,569.22,0.0,47434.81
32,10,0,913.84,0.541,2.1,0.0,1.07,494.37,0.0,41197.74
32,10,8,1053.17,0.5153,1.85,0.0,1.02,542.67,0.0,45222.16
32,11,0,995.06,0.4848,2.02,0.0,0.99,482.4,0.0,40199.75
32,11,5,953.01,0.4815,2.15,0.0,0.91,458.86,0.0,38237.97
32,12,4,984.63,0.4651,1.88,0.0,1.01,457.91,0.0,38159.08
32,12,5,1007.86,0.6543,2.09,0.0,1.19,659.48,0.0,54956.83
32,13,0,940.23,0.4957,1.92,0.0,1.06,466.04,0.0,38836.85
32,13,4,1099.03,0.6363,2.06,0.0,1.18,699.27,0.0,58272.2
32,14,0,987.62,0.5966,2.01,0.0,1.11,589.19,0.0,49099.39
32,14,8,924.2,0.5207,1.89,0.0,1.15,481.26,0.0,40105.03
33,0,1,953.4,0.5586,2.17,0.0,1.11,532.56,0.0,44380.25
33,0,2,1029.61,0.4647,2.04,0.0,0.92,478.41,0.0,39867.55
33,0,3,934.23,0.4757,2.09,0.0,0.86,444.43,0.0,37035.85
33,0,5,932.68,0.5178,1.95,0.0,1.09,482.93,0.0,40244.38
33,0,7,1097.9,0.4423,2.06,0.0,0.92,485.61,0.0,40467.86
33,0,9,1011.39,0.4743,2.07,0.0,0.98,479.69,0.0,39973.87
33,0,10,1068.57,0.5582,2.11,0.0,1.11,596.48,0.0,49706.62
33,0,11,945.81,0.5875,1.81,0.0,1.22,555.67,0.0,46305.63
33,0,13,963.09,0.5359,1.91,0.0,1.15,516.14,0.0,43012.05
33,0,14,942.2,0.4609,2.18,0.0,0.96,434.26,0.0,36188.31
33,1,0,1075.27,0.5285,1.93,0.0,1.02,568.28,0.0,47356.56
33,1,3,1031.09,0.573,1.96,0.0,1.24,590.86,0.0,49238.62
33,1,4,1082.91,0.5013,1.98,0.0,0.97,542.82,0.0,45235.08
33,1,6,952.98,0.5665,1.9,0.0,1.04,539.9,0.0,44991.88
33,1,7,1012.27,0.5859,1.91,0.0,1.11,593.06,0.0,49421.85
33,1,8,1016.92,0.5685,2.16,0.0,1.14,578.11,0.0,48175.77
33,2,0,979.88,0.4645,1.89,0.0,1.0,455.19,0.0,37932.39
33,2,4,1099.51,0.4222,2.0,0.0,0.82,464.23,0.0,38685.45
33,3,0,918.18,0.4601,1.82,0.0,0.95,422.44,0.0,35203.22
33,3,1,921.93,0.5374,2.05,0.0,1.02,495.41,0.0,41284.35
33,3,8,1058.42,0.4621,1.97,0.0,0.84,489.06,0.0,40754.89
33,4,1,912.71,0.478,1.95,0.0,1.05,436.31,0.0,36359.33
33,4,2,1099.22,0.4191,2.01,0.0,0.85,460.71,0.0,38392.44
33,4,5,1094.22,0.5321,2.14,0.0,1.06,582.22,0.0,48518.1
33,4,6,902.3,0.432,2.09,0.0,0.89,389.78,0.0,32481.28
33,4,12,1036.34,0.5861,2.01,0.0,1.09,607.4,0.0,50616.3
33,4,13,953.37,0.5519,2.06,0.0,1.19,526.12,0.0,43843.59
33,5,0,922.31,0.5133,1.97,0.0,0.99,473.45,0.0,39454.12
33,5,4,990.74,0.5358,2.18,0.0,1.17,530.81,0.0,44234.11
33,5,11,1075.17,0.4232,1.91,0.0,0.79,455.06,0.0,37921.88
33,5,12,1000.12,0.4754,1.87,0.0,0.94,475.47,0.0,39622.39
33,6,1,1082.53,0.5223,2.15,0.0,1.0,565.43,0.0,47118.95
33,6,4,959.69,0.4071,2.06,0.0,0.83,390.69,0.0,32557.78
33,6,9,1021.79,0.5398,1.86,0.0,0.98,551.52,0.0,45959.62
33,7,0,1052.5,0.5042,2.02,0.0,0.92,530.65,0.0,44221.07
33,7,1,1055.73,0.5614,2.01,0.0,1.08,592.66,0.0,49388.53
33,8,1,900.11,0.5144,1.93,0.0,0.94,463.0,0.0,38583.41
33,8,3,903.9,0.4537,2.17,0.0,0.96,410.14,0.0,34178.67
33,8,10,1075.74,0.4954,2.13,0.0,0.92,532.93,0.0,44410.7
33,8,14,961.5,0.464,1.82,0.0,0.89,446.12,0.0,37176.87
33,9,0,1075.6,0.4996,2.18,0.0,1.0,537.34,0.0,44778.2
33,9,6,917.13,0.4474,1.99,0.0,0.83,410.33,0.0,34193.75
33,10,0,913.84,0.571,2.1,0.0,1.25,521.79,0.0,43482.87
33,10,8,1053.17,0.5708,1.85,0.0,1.09,601.15,0.0,50095.74
33,11,0,995.06,0.5847,2.02,0.0,1.18,581.8,0.0,48483.47
33,11,5,953.01,0.5872,2.15,0.0,1.11,559.63,0.0,46636.13
33,12,4,984.63,0.5307,1.88,0.0,1.01,522.54,0.0,43545.14
33,12,5,1007.86,0.5264,2.09,0.0,1.08,530.53,0.0,44210.44
33,13,0,940.23,0.5158,1.92,0.0,1.07,484.94,0.0,40411.51
33,13,4,1099.03,0.5215,2.06,0.0,1.1,573.17,0.0,47764.26
33,14,0,987.62,0.566,2.01,0.0,1.23,558.96,0.0,46580.26
33,14,8,924.2,0.398,1.89,0.0,0.86,367.79,0.0,30649.41
34,0,1,953.4,0.4696,2.17,0.0,0.91,447.71,0.0,37308.77
34,0,2,1029.61,0.5384,2.04,0.0,1.17,554.38,0.0,46197.97
34,0,3,934.23,0.3869,2.09,0.0,0.73,361.47,0.0,30122.83
34,0,5,932.68,0.3947,1.95,0.0,0.76,368.13,0.0,30677.24
34,0,7,1097.9,0.4457,2.06,0.0,0.88,489.31,0.0,40776.22
34,0,9,1011.39,0.4164,2.07,0.0,0.79,421.18,0.0,35098.66
34,0,10,1068.57,0.5601,2.11,0.0,1.08,598.48,0.0,49873.01
34,0,11,945.81,0.5064,1.81,0.0,1.08,478.98,0.0,39915.34
34,0,13,963.09,0.4609,1.91,0.0,0.92,443.86,0.0,36988.63
34,0,14,942.2,0.3904,2.18,0.0,0.72,367.87,0.0,30656.23
34,1,0,1075.27,0.5192,1.93,0.0,1.11,558.29,0.0,46524.0
34,1,3,1031.09,0.5258,1.96,0.0,0.99,542.1,0.0,45175.02
34,1,4,1082.91,0.5124,1.98,0.0,1.08,554.85,0.0,46237.78
34,1,6,952.98,0.5312,1.9,0.0,0.97,506.24,0.0,42186.85
34,1,7,1012.27,0.506,1.91,0.0,1.04,512.16,0.0,42680.24
34,1,8,1016.92,0.4982,2.16,0.0,1.01,506.65,0.0,42220.74
34,2,0,979.88,0.5215,1.89,0.0,1.07,511.04,0.0,42586.91
34,2,4,1099.51,0.5257,2.0,0.0,1.15,578.07,0.0,48172.09
34,3,0,918.18,0.4021,1.82,0.0,0.84,369.16,0.0,30763.44
34,3,1,921.93,0.4549,2.05,0.0,0.88,419.36,0.0,34946.25
34,3,8,1058.42,0.5513,1.97,0.0,1.09,583.47,0.0,48622.54
34,4,1,912.71,0.406,1.95,0.0,0.74,370.57,0.0,30880.93
34,4,2,1099.22,0.5181,2.01,0.0,1.06,569.5,0.0,47458.14
34,4,5,1094.22,0.5476,2.14,0.0,1.07,599.24,0.0,49936.88
34,4,6,902.3,0.513,2.09,0.0,0.94,462.89,0.0,38573.77
34,4,12,1036.34,0.5346,2.01,0.0,1.1,554.02,0.0,46168.73
34,4,13,953.37,0.4328,2.06,0.0,0.91,412.64,0.0,34386.59
34,5,0,922.31,0.4783,1.97,0.0,0.88,441.11,0.0,36758.91
34,5,4,990.74,0.4944,2.18,0.0,1.03,489.84,0.0,40819.7
34,5,11,1075.17,0.5191,1.91,0.0,1.08,558.12,0.0,46509.66
34,5,12,1000.12,0.4595,1.87,0.0,0.85,459.56,0.0,38296.64
34,6,1,1082.53,0.42,2.15,0.0,0.88,454.63,0.0,37885.47
34,6,4,959.69,0.4554,2.06,0.0,0.84,437.03,0.0,36419.15
34,6,9,1021.79,0.4914,1.86,0.0,0.89,502.12,0.0,41843.22
34,7,0,1052.5,0.5108,2.02,0.0,1.08,537.57,0.0,44797.13
34,7,1,1055.73,0.4905,2.01,0.0,1.06,517.78,0.0,43148.68
34,8,1,900.11,0.3972,1.93,0.0,0.79,357.5,0.0,29791.43
34,8,3,903.9,0.4186,2.17,0.0,0.92,378.39,0.0,31532.2
34,8,10,1075.74,0.4477,2.13,0.0,0.91,481.64,0.0,40136.58
34,8,14,961.5,0.532,1.82,0.0,1.15,511.54,0.0,42628.6
34,9,0,1075.6,0.4854,2.18,0.0,0.96,522.08,0.0,43506.56
34,9,6,917.13,0.5308,1.99,0.0,1.05,486.84,0.0,40569.72
34,10,0,913.84,0.5067,2.1,0.0,1.1,463.02,0.0,38585.05
34,10,8,1053.17,0.4947,1.85,0.0,1.0,521.0,0.0,43417.05
34,11,0,995.06,0.5427,2.02,0.0,1.08,540.06,0.0,45005.28
34,11,5,953.01,0.5104,2.15,0.0,1.1,486.46,0.0,40538.05
34,12,4,984.63,0.52,1.88,0.0,1.09,511.98,0.0,42664.71
34,12,5,1007.86,0.5422,2.09,0.0,1.14,546.5,0.0,45541.67
34,13,0,940.23,0.4705,1.92,0.0,0.91,442.37,0.0,36864.24
34,13,4,1099.03,0.5659,2.06,0.0,1.23,621.94,0.0,51828.66
34,14,0,987.62,0.4635,2.01,0.0,0.94,457.73,0.0,38144.31
34,14,8,924.2,0.4876,1.89,0.0,0.91,450.67,0.0,37555.96
35,0,1,953.4,0.5157,2.17,0.0,1.09,491.69,0.0,40974.15
35,0,2,1029.61,0.5877,2.04,0.0,1.13,605.09,0.0,50424.0
35,0,3,934.23,0.5072,2.09,0.0,0.96,473.84,0.0,39486.7
35,0,5,932.68,0.5291,1.95,0.0,1.13,493.47,0.0,41122.68
35,0,7,1097.9,0.5717,2.06,0.0,1.06,627.7,0.0,52308.62
35,0,9,1011.39,0.4809,2.07,0.0,0.96,486.34,0.0,40528.59
35,0,10,1068.57,0.5231,2.11,0.0,1.06,558.93,0.0,46577.37
35,0,11,945.81,0.5993,1.81,0.0,1.23,566.79,0.0,47232.89
35,0,13,963.09,0.4922,1.91,0.0,0.91,474.0,0.0,39500.01
35,0,14,942.2,0.6501,2.18,0.0,1.33,612.56,0.0,51046.71
35,1,0,1075.27,0.5979,1.93,0.0,1.2,642.86,0.0,53571.46
35,1,3,1031.09,0.6641,1.96,0.0,1.42,684.78,0.0,57064.92
35,1,4,1082.91,0.4616,1.98,0.0,0.84,499.87,0.0,41655.81
35,1,6,952.98,0.6623,1.9,0.0,1.45,631.11,0.0,52592.66
35,1,7,1012.27,0.5242,1.91,0.0,0.98,530.59,0.0,44215.9
35,1,8,1016.92,0.5042,2.16,0.0,1.07,512.73,0.0,42727.53
35,2,0,979.88,0.538,1.89,0.0,1.08,527.15,0.0,43928.98
35,2,4,1099.51,0.5528,2.0,0.0,1.18,607.85,0.0,50654.12
35,3,0,918.18,0.4926,1.82,0.0,0.92,452.3,0.0,37691.31
35,3,1,921.93,0.6291,2.05,0.0,1.21,579.94,0.0,48328.4
35,3,8,1058.42,0.5749,1.97,0.0,1.05,608.45,0.0,50704.58
35,4,1,912.71,0.6135,1.95,0.0,1.3,559.96,0.0,46663.37
35,4,2,1099.22,0.5745,2.01,0.0,1.16,631.55,0.0,52629.06
35,4,5,1094.22,0.6005,2.14,0.0,1.13,657.08,0.0,54757.04
35,4,6,902.3,0.5751,2.09,0.0,1.08,518.93,0.0,43244.43
35,4,12,1036.34,0.6482,2.01,0.0,1.19,671.78,0.0,55981.57
35,4,13,953.37,0.5343,2.06,0.0,1.0,509.4,0.0,42450.3
35,5,0,922.31,0.5367,1.97,0.0,1.09,495.03,0.0,41252.5
35,5,4,990.74,0.6524,2.18,0.0,1.29,646.39,0.0,53865.88
35,5,11,1075.17,0.4569,1.91,0.0,0.95,491.29,0.0,40940.69
35,5,12,1000.12,0.6712,1.87,0.0,1.23,671.23,0.0,55935.89
35,6,1,1082.53,0.5314,2.15,0.0,1.13,575.23,0.0,47935.67
35,6,4,959.69,0.5838,2.06,0.0,1.28,560.3,0.0,46691.31
35,6,9,1021.79,0.5954,1.86,0.0,1.25,608.34,0.0,50695.32
35,7,0,1052.5,0.5917,2.02,0.0,1.24,622.79,0.0,51899.35
35,7,1,1055.73,0.4773,2.01,0.0,1.02,503.87,0.0,41989.24
35,8,1,900.11,0.5546,1.93,0.0,1.02,499.2,0.0,41600.1
35,8,3,903.9,0.5579,2.17,0.0,1.11,504.25,0.0,42020.71
35,8,10,1075.74,0.524,2.13,0.0,0.96,563.68,0.0,46972.97
35,8,14,961.5,0.5764,1.82,0.0,1.22,554.23,0.0,46186.11
35,9,0,1075.6,0.5043,2.18,0.0,1.02,542.42,0.0,45201.74
35,9,6,917.13,0.6549,1.99,0.0,1.21,600.62,0.0,50051.89
35,10,0,913.84,0.5731,2.1,0.0,1.13,523.69,0.0,43640.73
35,10,8,1053.17,0.6053,1.85,0.0,1.28,637.45,0.0,53120.98
35,11,0,995.06,0.5351,2.02,0.0,1.08,532.42,0.0,44368.02
35,11,5,953.01,0.5655,2.15,0.0,1.05,538.97,0.0,44914.55
35,12,4,984.63,0.6247,1.88,0.0,1.36,615.11,0.0,51259.26
35,12,5,1007.86,0.6246,2.09,0.0,1.14,629.53,0.0,52460.93
35,13,0,940.23,0.4732,1.92,0.0,1.01,444.87,0.0,37072.74
35,13,4,1099.03,0.6456,2.06,0.0,1.41,709.53,0.0,59127.13
35,14,0,987.62,0.5575,2.01,0.0,1.17,550.63,0.0,45885.52
35,14,8,924.2,0.5731,1.89,0.0,1.25,529.68,0.0,44140.32
36,0,1,953.4,0.6103,2.17,0.0,1.3,581.83,0.0,48486.22
36,0,2,1029.61,0.4663,2.04,0.0,0.86,480.13,0.0,40010.92
36,0,3,934.23,0.6574,2.09,0.0,1.43,614.18,0.0,51181.97
36,0,5,932.68,0.5978,1.95,0.0,1.25,557.58,0.0,46464.93
36,0,7,1097.9,0.5354,2.06,0.0,1.02,587.86,0.0,48988.22
36,0,9,1011.39,0.4551,2.07,0.0,0.9,460.33,0.0,38360.58
36,0,10,1068.57,0.5288,2.11,0.0,0.96,565.03,0.0,47085.93
36,0,11,945.81,0.4621,1.81,0.0,0.86,437.06,0.0,36422.01
36,0,13,963.09,0.465,1.91,0.0,0.96,447.85,0.0,37320.79
36,0,14,942.2,0.6675,2.18,0.0,1.41,628.93,0.0,52410.97
36,1,0,1075.27,0.5279,1.93,0.0,0.99,567.63,0.0,47302.86
36,1,3,1031.09,0.6006,1.96,0.0,1.25,619.27,0.0,51606.04
36,1,4,1082.91,0.6508,1.98,0.0,1.27,704.71,0.0,58725.71
36,1,6,952.98,0.5665,1.9,0.0,1.14,539.9,0.0,44991.4
36,1,7,1012.27,0.4944,1.91,0.0,1.05,500.45,0.0,41704.22
36,1,8,1016.92,0.6314,2.16,0.0,1.2,642.08,0.0,53506.87
36,2,0,979.88,0.4839,1.89,0.0,0.9,474.16,0.0,39513.49
36,2,4,1099.51,0.6603,2.0,0.0,1.3,726.05,0.0,60504.13
36,3,0,918.18,0.6509,1.82,0.0,1.43,597.64,0.0,49803.19
36,3,1,921.93,0.661,2.05,0.0,1.3,609.43,0.0,50786.02
36,3,8,1058.42,0.5364,1.97,0.0,1.15,567.76,0.0,47313.21
36,4,1,912.71,0.5096,1.95,0.0,0.95,465.13,0.0,38760.92
36,4,2,1099.22,0.5463,2.01,0.0,1.15,600.5,0.0,50041.71
36,4,5,1094.22,0.5434,2.14,0.0,1.16,594.55,0.0,49545.66
36,4,6,902.3,0.6542,2.09,0.0,1.27,590.29,0.0,49190.72
36,4,12,1036.34,0.4997,2.01,0.0,0.94,517.89,0.0,43157.69
36,4,13,953.37,0.6604,2.06,0.0,1.22,629.63,0.0,52469.48
36,5,0,922.31,0.5398,1.97,0.0,1.0,497.89,0.0,41491.15
36,5,4,990.74,0.6606,2.18,0.0,1.27,654.51,0.0,54542.45
36,5,11,1075.17,0.5312,1.91,0.0,1.08,571.18,0.0,47598.49
36,5,12,1000.12,0.6064,1.87,0.0,1.3,606.52,0.0,50543.08
36,6,1,1082.53,0.6653,2.15,0.0,1.27,720.19,0.0,60015.76
36,6,4,959.69,0.6306,2.06,0.0,1.37,605.2,0.0,50432.95
36,6,9,1021.79,0.6716,1.86,0.0,1.25,686.27,0.0,57189.31
36,7,0,1052.5,0.4777,2.02,0.0,0.96,502.82,0.0,41901.8
36,7,1,1055.73,0.4644,2.01,0.0,0.97,490.31,0.0,40859.21
36,8,1,900.11,0.5871,1.93,0.0,1.27,528.46,0.0,44038.11
36,8,3,903.9,0.6313,2.17,0.0,1.37,570.6,0.0,47549.85
36,8,10,1075.74,0.5259,2.13,0.0,1.15,565.71,0.0,47142.85
36,8,14,961.5,0.6618,1.82,0.0,1.21,636.29,0.0,53024.19
36,9,0,1075.6,0.542,2.18,0.0,1.16,582.95,0.0,48579.57
36,9,6,917.13,0.5113,1.99,0.0,0.92,468.88,0.0,39073.61
36,10,0,913.84,0.5792,2.1,0.0,1.15,529.27,0.0,44105.61
36,10,8,1053.17,0.563,1.85,0.0,1.1,592.94,0.0,49411.74
36,11,0,995.06,0.5468,2.02,0.0,1.08,544.07,0.0,45339.53
36,11,5,953.01,0.5591,2.15,0.0,1.03,532.82,0.0,44401.31
36,12,4,984.63,0.462,1.88,0.0,0.91,454.88,0.0,37906.95
36,12,5,1007.86,0.5444,2.09,0.0,1.13,548.66,0.0,45721.3
36,13,0,940.23,0.6244,1.92,0.0,1.29,587.12,0.0,48926.99
36,13,4,1099.03,0.5787,2.06,0.0,1.04,636.06,0.0,53005.28
36,14,0,987.62,0.5189,2.01,0.0,1.1,512.44,0.0,42703.16
36,14,8,924.2,0.5185,1.89,0.0,1.0,479.21,0.0,39933.83
37,0,1,953.4,0.4958,2.17,0.0,0.92,472.71,0.0,39392.63
37,0,2,1029.61,0.473,2.04,0.0,0.92,487.0,0.0,40583.43
37,0,3,934.23,0.4225,2.09,0.0,0.79,394.7,0.0,32891.85
37,0,5,932.68,0.4577,1.95,0.0,0.87,426.85,0.0,35571.16
37,0,7,1097.9,0.4423,2.06,0.0,0.92,485.57,0.0,40464.52
37,0,9,1011.39,0.4278,2.07,0.0,0.8,432.63,0.0,36052.29
37,0,10,1068.57,0.3783,2.11,0.0,0.73,404.25,0.0,33687.44
37,0,11,945.81,0.4778,1.81,0.0,0.9,451.96,0.0,37662.92
37,0,13,963.09,0.3984,1.91,0.0,0.87,383.72,0.0,31976.78
37,0,14,942.2,0.476,2.18,0.0,0.95,448.49,0.0,37374.05
37,1,0,1075.27,0.4785,1.93,0.0,0.92,514.53,0.0,42877.56
37,1,3,1031.09,0.419,1.96,0.0,0.82,432.07,0.0,36005.87
37,1,4,1082.91,0.4868,1.98,0.0,1.04,527.17,0.0,43931.05
37,1,6,952.98,0.4352,1.9,0.0,0.85,414.77,0.0,34563.94
37,1,7,1012.27,0.4541,1.91,0.0,0.97,459.72,0.0,38309.97
37,1,8,1016.92,0.3585,2.16,0.0,0.7,364.59,0.0,30382.75
37,2,0,979.88,0.4742,1.89,0.0,0.9,464.62,0.0,38718.72
37,2,4,1099.51,0.476,2.0,0.0,1.03,523.42,0.0,43618.21
37,3,0,918.18,0.4039,1.82,0.0,0.73,370.83,0.0,30902.58
37,3,1,921.93,0.3835,2.05,0.0,0.83,353.58,0.0,29465.19
37,3,8,1058.42,0.5028,1.97,0.0,0.97,532.15,0.0,44346.11
37,4,1,912.71,0.3599,1.95,0.0,0.75,328.51,0.0,27375.9
37,4,2,1099.22,0.5034,2.01,0.0,1.0,553.39,0.0,46115.82
37,4,5,1094.22,0.4803,2.14,0.0,0.88,525.58,0.0,43798.55
37,4,6,902.3,0.3536,2.09,0.0,0.65,319.06,0.0,26588.31
37,4,12,1036.34,0.4556,2.01,0.0,0.84,472.2,0.0,39350.0
37,4,13,953.37,0.4213,2.06,0.0,0.78,401.64,0.0,33469.69
37,5,0,922.31,0.4345,1.97,0.0,0.81,400.76,0.0,33396.59
37,5,4,990.74,0.3972,2.18,0.0,0.76,393.56,0.0,32796.91
37,5,11,1075.17,0.5096,1.91,0.0,0.96,547.95,0.0,45662.87
37,5,12,1000.12,0.3829,1.87,0.0,0.8,382.95,0.0,31912.45
37,6,1,1082.53,0.3503,2.15,0.0,0.7,379.21,0.0,31600.67
37,6,4,959.69,0.4274,2.06,0.0,0.8,410.2,0.0,34182.97
37,6,9,1021.79,0.4396,1.86,0.0,0.8,449.19,0.0,37432.21
37,7,0,1052.5,0.3865,2.02,0.0,0.8,406.78,0.0,33898.46
37,7,1,1055.73,0.4945,2.01,0.0,1.0,522.08,0.0,43506.48
37,8,1,900.11,0.5063,1.93,0.0,1.1,455.76,0.0,37979.99
37,8,3,903.9,0.3632,2.17,0.0,0.68,328.25,0.0,27354.37
37,8,10,1075.74,0.4592,2.13,0.0,0.86,493.96,0.0,41163.6
37,8,14,961.5,0.4304,1.82,0.0,0.94,413.84,0.0,34486.29
37,9,0,1075.6,0.4047,2.18,0.0,0.77,435.32,0.0,36277.03
37,9,6,917.13,0.3991,1.99,0.0,0.87,366.07,0.0,30505.62
37,10,0,913.84,0.4031,2.1,0.0,0.89,368.38,0.0,30698.12
37,10,8,1053.17,0.4344,1.85,0.0,0.87,457.45,0.0,38121.08
37,11,0,995.06,0.3759,2.02,0.0,0.78,374.07,0.0,31172.82
37,11,5,953.01,0.3867,2.15,0.0,0.72,368.56,0.0,30713.57
37,12,4,984.63,0.4506,1.88,0.0,0.96,443.63,0.0,36969.47
37,12,5,1007.86,0.5079,2.09,0.0,1.04,511.9,0.0,42658.7
37,13,0,940.23,0.4053,1.92,0.0,0.81,381.1,0.0,31758.65
37,13,4,1099.03,0.4525,2.06,0.0,0.82,497.33,0.0,41443.93
37,14,0,987.62,0.3733,2.01,0.0,0.77,368.66,0.0,30722.04
37,14,8,924.2,0.4406,1.89,0.0,0.89,407.22,0.0,33934.92
38,0,1,953.4,0.4138,2.17,0.0,0.79,394.56,0.0,32880.22
38,0,2,1029.61,0.4699,2.04,0.0,0.95,483.82,0.0,40318.55
38,0,3,934.23,0.4752,2.09,0.0,0.99,443.97,0.0,36997.7
38,0,5,932.68,0.528,1.95,0.0,1.15,492.49,0.0,41040.63
38,0,7,1097.9,0.5247,2.06,0.0,1.02,576.06,0.0,48005.14
38,0,9,1011.39,0.3765,2.07,0.0,0.76,380.79,0.0,31732.19
38,0,10,1068.57,0.5018,2.11,0.0,0.98,536.19,0.0,44682.3
38,0,11,945.81,0.4952,1.81,0.0,1.0,468.33,0.0,39027.42
38,0,13,963.09,0.4874,1.91,0.0,1.04,469.41,0.0,39117.33
38,0,14,942.2,0.5272,2.18,0.0,1.16,496.69,0.0,41390.54
38,1,0,1075.27,0.4849,1.93,0.0,1.05,521.36,0.0,43446.73
38,1,3,1031.09,0.3937,1.96,0.0,0.86,405.92,0.0,33827.01
38,1,4,1082.91,0.4423,1.98,0.0,0.81,478.99,0.0,39916.08
38,1,6,952.98,0.5203,1.9,0.0,0.99,495.8,0.0,41316.49
38,1,7,1012.27,0.5038,1.91,0.0,1.1,509.97,0.0,42497.49
38,1,8,1016.92,0.5374,2.16,0.0,1.09,546.51,0.0,45542.42
38,2,0,979.88,0.374,1.89,0.0,0.69,366.47,0.0,30539.32
38,2,4,1099.51,0.4396,2.0,0.0,0.9,483.32,0.0,40276.44
38,3,0,918.18,0.4571,1.82,0.0,0.99,419.72,0.0,34976.95
38,3,1,921.93,0.3903,2.05,0.0,0.74,359.79,0.0,29982.74
38,3,8,1058.42,0.5323,1.97,0.0,1.03,563.43,0.0,46952.59
38,4,1,912.71,0.4512,1.95,0.0,0.84,411.85,0.0,34320.97
38,4,2,1099.22,0.4638,2.01,0.0,1.02,509.78,0.0,42481.3
38,4,5,1094.22,0.521,2.14,0.0,0.98,570.13,0.0,47510.84
38,4,6,902.3,0.4559,2.09,0.0,0.87,411.33,0.0,34277.74
38,4,12,1036.34,0.4146,2.01,0.0,0.76,429.66,0.0,35804.95
38,4,13,953.37,0.5219,2.06,0.0,0.96,497.55,0.0,41462.51
38,5,0,922.31,0.4861,1.97,0.0,0.88,448.34,0.0,37361.77
38,5,4,990.74,0.3762,2.18,0.0,0.68,372.74,0.0,31061.95
38,5,11,1075.17,0.4312,1.91,0.0,0.87,463.56,0.0,38630.07
38,5,12,1000.12,0.3962,1.87,0.0,0.76,396.27,0.0,33022.21
38,6,1,1082.53,0.4838,2.15,0.0,0.94,523.74,0.0,43644.94
38,6,4,959.69,0.4405,2.06,0.0,0.89,422.73,0.0,35227.69
38,6,9,1021.79,0.508,1.86,0.0,0.98,519.08,0.0,43256.93
38,7,0,1052.5,0.4953,2.02,0.0,1.04,521.31,0.0,43442.37
38,7,1,1055.73,0.4071,2.01,0.0,0.77,429.84,0.0,35820.01
38,8,1,900.11,0.4752,1.93,0.0,0.95,427.7,0.0,35641.4
38,8,3,903.9,0.53,2.17,0.0,1.03,479.08,0.0,39923.65
38,8,10,1075.74,0.5144,2.13,0.0,1.08,553.33,0.0,46110.66
38,8,14,961.5,0.4518,1.82,0.0,0.89,434.4,0.0,36200.14
38,9,0,1075.6,0.4156,2.18,0.0,0.79,447.07,0.0,37256.09
38,9,6,917.13,0.371,1.99,0.0,0.81,340.24,0.0,28352.93
38,10,0,913.84,0.3903,2.1,0.0,0.82,356.67,0.0,29722.62
38,10,8,1053.17,0.4572,1.85,0.0,0.89,481.56,0.0,40129.75
38,11,0,995.06,0.4794,2.02,0.0,0.99,476.98,0.0,39748.57
38,11,5,953.01,0.5389,2.15,0.0,1.08,513.54,0.0,42794.69
38,12,4,984.63,0.4582,1.88,0.0,0.83,451.16,0.0,37596.44
38,12,5,1007.86,0.4608,2.09,0.0,0.87,464.39,0.0,38698.8
38,13,0,940.23,0.4723,1.92,0.0,0.97,444.1,0.0,37008.35
38,13,4,1099.03,0.5104,2.06,0.0,0.92,560.98,0.0,46748.32
38,14,0,987.62,0.438,2.01,0.0,0.8,432.61,0.0,36051.02
38,14,8,924.2,0.486,1.89,0.0,0.93,449.12,0.0,37426.61
39,0,1,953.4,0.5982,2.17,0.0,1.2,570.3,0.0,47524.6
39,0,2,1029.61,0.5249,2.04,0.0,1.04,540.43,0.0,45035.92
39,0,3,934.23,0.5615,2.09,0.0,1.14,524.61,0.0,43717.41
39,0,5,932.68,0.5155,1.95,0.0,1.01,480.84,0.0,40069.75
39,0,7,1097.9,0.5787,2.06,0.0,1.23,635.31,0.0,52942.33
39,0,9,1011.39,0.4837,2.07,0.0,0.9,489.17,0.0,40763.92
39,0,10,1068.57,0.4357,2.11,0.0,0.86,465.54,0.0,38795.02
39,0,11,945.81,0.4361,1.81,0.0,0.92,412.47,0.0,34372.41
39,0,13,963.09,0.531,1.91,0.0,1.08,511.44,0.0,42620.05
39,0,14,942.2,0.4371,2.18,0.0,0.95,411.85,0.0,34320.92
39,1,0,1075.27,0.4794,1.93,0.0,0.92,515.48,0.0,42956.75
39,1,3,1031.09,0.4945,1.96,0.0,0.96,509.92,0.0,42493.45
39,1,4,1082.91,0.5896,1.98,0.0,1.13,638.44,0.0,53203.58
39,1,6,952.98,0.5277,1.9,0.0,0.98,502.89,0.0,41907.38
39,1,7,1012.27,0.529,1.91,0.0,0.97,535.45,0.0,44620.46
39,1,8,1016.92,0.4691,2.16,0.0,0.94,476.99,0.0,39749.44
39,2,0,979.88,0.4165,1.89,0.0,0.8,408.13,0.0,34011.04
39,2,4,1099.51,0.413,2.0,0.0,0.84,454.08,0.0,37840.37
39,3,0,918.18,0.5908,1.82,0.0,1.29,542.47,0.0,45205.55
39,3,1,921.93,0.4944,2.05,0.0,1.09,455.78,0.0,37982.0
39,3,8,1058.42,0.4242,1.97,0.0,0.9,449.01,0.0,37417.56
39,4,1,912.71,0.5231,1.95,0.0,1.01,477.43,0.0,39785.6
39,4,2,1099.22,0.5035,2.01,0.0,0.98,553.44,0.0,46119.67
39,4,5,1094.22,0.4587,2.14,0.0,0.99,501.91,0.0,41825.48
39,4,6,902.3,0.5692,2.09,0.0,1.08,513.6,0.0,42799.78
39,4,12,1036.34,0.519,2.01,0.0,1.11,537.88,0.0,44823.2
39,4,13,953.37,0.5431,2.06,0.0,1.03,517.82,0.0,43151.38
39,5,0,922.31,0.5574,1.97,0.0,1.1,514.1,0.0,42841.93
39,5,4,990.74,0.5564,2.18,0.0,1.13,551.24,0.0,45937.07
39,5,11,1075.17,0.454,1.91,0.0,0.99,488.15,0.0,40678.93
39,5,12,1000.12,0.573,1.87,0.0,1.2,573.07,0.0,47755.46
39,6,1,1082.53,0.5057,2.15,0.0,1.08,547.4,0.0,45616.32
39,6,4,959.69,0.4556,2.06,0.0,0.88,437.25,0.0,36437.34
39,6,9,1021.79,0.4177,1.86,0.0,0.81,426.8,0.0,35566.81
39,7,0,1052.5,0.4949,2.02,0.0,1.06,520.83,0.0,43402.7
39,7,1,1055.73,0.4087,2.01,0.0,0.83,431.45,0.0,35953.79
39,8,1,900.11,0.5569,1.93,0.0,1.16,501.23,0.0,41769.02
39,8,3,903.9,0.5866,2.17,0.0,1.08,530.26,0.0,44188.1
39,8,10,1075.74,0.5435,2.13,0.0,0.99,584.65,0.0,48720.53
39,8,14,961.5,0.4968,1.82,0.0,0.98,477.71,0.0,39809.36
39,9,0,1075.6,0.413,2.18,0.0,0.79,444.21,0.0,37017.26
39,9,6,917.13,0.5212,1.99,0.0,0.99,478.03,0.0,39835.92
39,10,0,913.84,0.6001,2.1,0.0,1.28,548.41,0.0,45700.58
39,10,8,1053.17,0.4598,1.85,0.0,1.0,484.22,0.0,40351.55
39,11,0,995.06,0.5299,2.02,0.0,1.0,527.27,0.0,43939.33
39,11,5,953.01,0.5014,2.15,0.0,0.92,477.85,0.0,39820.55
39,12,4,984.63,0.4464,1.88,0.0,0.84,439.51,0.0,36625.9
39,12,5,1007.86,0.5616,2.09,0.0,1.05,565.96,0.0,47163.68
39,13,0,940.23,0.5916,1.92,0.0,1.24,556.24,0.0,46353.22
39,13,4,1099.03,0.5663,2.06,0.0,1.11,622.43,0.0,51869.13
39,14,0,987.62,0.4824,2.01,0.0,1.06,476.44,0.0,39703.32
39,14,8,924.2,0.5322,1.89,0.0,0.96,491.9,0.0,40991.38
40,0,1,953.4,0.414,2.17,0.0,0.77,394.66,0.0,32888.54
40,0,2,1029.61,0.4463,2.04,0.0,0.89,459.5,0.0,38291.46
40,0,3,934.23,0.3577,2.09,0.0,0.72,334.16,0.0,27846.77
40,0,5,932.68,0.4646,1.95,0.0,1.02,433.34,0.0,36112.0
40,0,7,1097.9,0.5089,2.06,0.0,1.08,558.68,0.0,46557.04
40,0,9,1011.39,0.4548,2.07,0.0,0.96,459.96,0.0,38329.65
40,0,10,1068.57,0.4264,2.11,0.0,0.88,455.6,0.0,37966.35
40,0,11,945.81,0.4521,1.81,0.0,0.84,427.6,0.0,35633.25
40,0,13,963.09,0.4232,1.91,0.0,0.92,407.57,0.0,33964.44
40,0,14,942.2,0.3736,2.18,0.0,0.74,351.97,0.0,29330.63
40,1,0,1075.27,0.3761,1.93,0.0,0.76,404.38,0.0,33698.05
40,1,3,1031.09,0.4596,1.96,0.0,0.85,473.91,0.0,39492.78
40,1,4,1082.91,0.4208,1.98,0.0,0.81,455.69,0.0,37973.87
40,1,6,952.98,0.3813,1.9,0.0,0.81,363.35,0.0,30279.08
40,1,7,1012.27,0.4454,1.91,0.0,0.82,450.87,0.0,37572.72
40,1,8,1016.92,0.4802,2.16,0.0,0.88,488.33,0.0,40694.57
40,2,0,979.88,0.4325,1.89,0.0,0.83,423.78,0.0,35315.16
40,2,4,1099.51,0.3592,2.0,0.0,0.7,394.93,0.0,32910.83
40,3,0,918.18,0.3703,1.82,0.0,0.74,340.0,0.0,28333.64
40,3,1,921.93,0.4388,2.05,0.0,0.87,404.57,0.0,33714.11
40,3,8,1058.42,0.401,1.97,0.0,0.75,424.39,0.0,35366.1
40,4,1,912.71,0.5093,1.95,0.0,0.92,464.81,0.0,38734.38
40,4,2,1099.22,0.473,2.01,0.0,0.92,519.93,0.0,43327.55
40,4,5,1094.22,0.4002,2.14,0.0,0.77,437.95,0.0,36495.85
40,4,6,902.3,0.4592,2.09,0.0,0.93,414.37,0.0,34530.42
40,4,12,1036.34,0.4157,2.01,0.0,0.84,430.78,0.0,35898.0
40,4,13,953.37,0.5122,2.06,0.0,1.07,488.29,0.0,40691.15
40,5,0,922.31,0.4783,1.97,0.0,0.95,441.18,0.0,36764.98
40,5,4,990.74,0.4244,2.18,0.0,0.83,420.49,0.0,35040.63
40,5,11,1075.17,0.3724,1.91,0.0,0.77,400.34,0.0,33361.89
40,5,12,1000.12,0.4237,1.87,0.0,0.92,423.78,0.0,35314.97
40,6,1,1082.53,0.5114,2.15,0.0,1.06,553.65,0.0,46137.28
40,6,4,959.69,0.3765,2.06,0.0,0.68,361.35,0.0,30112.21
40,6,9,1021.79,0.4558,1.86,0.0,0.88,465.78,0.0,38814.97
40,7,0,1052.5,0.4952,2.02,0.0,1.08,521.19,0.0,43432.74
40,7,1,1055.73,0.3588,2.01,0.0,0.78,378.75,0.0,31562.87
40,8,1,900.11,0.4619,1.93,0.0,0.89,415.79,0.0,34649.01
40,8,3,903.9,0.4546,2.17,0.0,0.86,410.94,0.0,34245.16
40,8,10,1075.74,0.4955,2.13,0.0,0.89,533.03,0.0,44419.45
40,8,14,961.5,0.4118,1.82,0.0,0.76,395.95,0.0,32996.16
40,9,0,1075.6,0.4053,2.18,0.0,0.74,435.95,0.0,36329.56
40,9,6,917.13,0.3612,1.99,0.0,0.79,331.3,0.0,27608.7
40,10,0,913.84,0.4679,2.1,0.0,1.02,427.55,0.0,35628.75
40,10,8,1053.17,0.3943,1.85,0.0,0.76,415.28,0.0,34606.32
40,11,0,995.06,0.4996,2.02,0.0,0.9,497.18,0.0,41431.37
40,11,5,953.01,0.3841,2.15,0.0,0.83,366.01,0.0,30501.0
40,12,4,984.63,0.4456,1.88,0.0,0.91,438.75,0.0,36562.23
40,12,5,1007.86,0.4335,2.09,0.0,0.94,436.89,0.0,36407.31
40,13,0,940.23,0.407,1.92,0.0,0.78,382.66,0.0,31888.56
40,13,4,1099.03,0.4421,2.06,0.0,0.95,485.83,0.0,40485.73
40,14,0,987.62,0.4391,2.01,0.0,0.93,433.67,0.0,36139.57
40,14,8,924.2,0.45,1.89,0.0,0.93,415.88,0.0,34656.95
41,0,1,953.4,0.4613,2.17,0.0,0.92,439.81,0.0,36651.17
41,0,2,1029.61,0.538,2.04,0.0,1.15,553.98,0.0,46164.61
41,0,3,934.23,0.5279,2.09,0.0,0.97,493.22,0.0,41102.0
41,0,5,932.68,0.5168,1.95,0.0,1.01,481.97,0.0,40164.12
41,0,7,1097.9,0.5368,2.06,0.0,0.98,589.35,0.0,49112.51
41,0,9,1011.39,0.5941,2.07,0.0,1.22,600.88,0.0,50073.1
41,0,10,1068.57,0.4607,2.11,0.0,0.86,492.24,0.0,41020.06
41,0,11,945.81,0.4523,1.81,0.0,0.87,427.81,0.0,35650.52
41,0,13,963.09,0.4286,1.91,0.0,0.91,412.78,0.0,34398.3
41,0,14,942.2,0.5454,2.18,0.0,0.99,513.86,0.0,42821.46
41,1,0,1075.27,0.5068,1.93,0.0,0.94,544.93,0.0,45410.7
41,1,3,1031.09,0.4037,1.96,0.0,0.78,416.24,0.0,34686.72
41,1,4,1082.91,0.4196,1.98,0.0,0.89,454.43,0.0,37869.4
41,1,6,952.98,0.4747,1.9,0.0,0.94,452.35,0.0,37695.94
41,1,7,1012.27,0.4118,1.91,0.0,0.84,416.87,0.0,34738.91
41,1,8,1016.92,0.4233,2.16,0.0,0.91,430.46,0.0,35872.05
41,2,0,979.88,0.4807,1.89,0.0,0.91,470.99,0.0,39249.32
41,2,4,1099.51,0.4243,2.0,0.0,0.84,466.54,0.0,38878.5
41,3,0,918.18,0.432,1.82,0.0,0.81,396.69,0.0,33057.9
41,3,1,921.93,0.4735,2.05,0.0,1.0,436.51,0.0,36375.83
41,3,8,1058.42,0.437,1.97,0.0,0.79,462.5,0.0,38541.7
41,4,1,912.71,0.5485,1.95,0.0,1.15,500.65,0.0,41720.61
41,4,2,1099.22,0.5365,2.01,0.0,1.04,589.72,0.0,49143.01
41,4,5,1094.22,0.4729,2.14,0.0,0.96,517.46,0.0,43121.28
41,4,6,902.3,0.4126,2.09,0.0,0.77,372.26,0.0,31021.46
41,4,12,1036.34,0.4759,2.01,0.0,1.03,493.22,0.0,41101.4
41,4,13,953.37,0.4426,2.06,0.0,0.85,421.97,0.0,35163.99
41,5,0,922.31,0.5412,1.97,0.0,1.07,499.16,0.0,41596.65
41,5,4,990.74,0.5629,2.18,0.0,1.22,557.69,0.0,46474.32
41,5,11,1075.17,0.5601,1.91,0.0,1.14,602.16,0.0,50180.34
41,5,12,1000.12,0.5594,1.87,0.0,1.08,559.44,0.0,46619.62
41,6,1,1082.53,0.433,2.15,0.0,0.82,468.68,0.0,39056.8
41,6,4,959.69,0.431,2.06,0.0,0.93,413.62,0.0,34468.71
41,6,9,1021.79,0.502,1.86,0.0,1.05,512.93,0.0,42744.32
41,7,0,1052.5,0.5493,2.02,0.0,1.13,578.11,0.0,48175.56
41,7,1,1055.73,0.5205,2.01,0.0,1.05,549.52,0.0,45793.45
41,8,1,900.11,0.4304,1.93,0.0,0.93,387.44,0.0,32286.6
41,8,3,903.9,0.5898,2.17,0.0,1.09,533.14,0.0,44428.46
41,8,10,1075.74,0.5938,2.13,0.0,1.16,638.74,0.0,53228.33
41,8,14,961.5,0.4177,1.82,0.0,0.89,401.62,0.0,33468.7
41,9,0,1075.6,0.5521,2.18,0.0,1.14,593.86,0.0,49488.48
41,9,6,917.13,0.4167,1.99,0.0,0.85,382.19,0.0,31849.04
41,10,0,913.84,0.5558,2.1,0.0,1.15,507.92,0.0,42326.7
41,10,8,1053.17,0.4616,1.85,0.0,0.92,486.12,0.0,40510.19
41,11,0,995.06,0.5155,2.02,0.0,1.04,512.97,0.0,42747.77
41,11,5,953.01,0.5629,2.15,0.0,1.11,536.48,0.0,44706.26
41,12,4,984.63,0.5988,1.88,0.0,1.3,589.57,0.0,49131.19
41,12,5,1007.86,0.5204,2.09,0.0,0.99,524.54,0.0,43711.7
41,13,0,940.23,0.4327,1.92,0.0,0.82,406.86,0.0,33904.61
41,13,4,1099.03,0.5561,2.06,0.0,1.07,611.2,0.0,50933.74
41,14,0,987.62,0.5139,2.01,0.0,0.96,507.58,0.0,42297.99
41,14,8,924.2,0.5641,1.89,0.0,1.15,521.32,0.0,43443.72
42,0,1,953.4,0.5718,2.17,0.0,1.2,545.14,0.0,45428.39
42,0,2,1029.61,0.5258,2.04,0.0,1.14,541.4,0.0,45116.72
42,0,3,934.23,0.6335,2.09,0.0,1.15,591.86,0.0,49321.37
42,0,5,932.68,0.5888,1.95,0.0,1.06,549.15,0.0,45762.61
42,0,7,1097.9,0.5533,2.06,0.0,1.22,607.51,0.0,50626.09
42,0,9,1011.39,0.6484,2.07,0.0,1.25,655.79,0.0,54649.03
42,0,10,1068.57,0.4943,2.11,0.0,0.93,528.15,0.0,44012.72
42,0,11,945.81,0.5274,1.81,0.0,1.05,498.83,0.0,41569.49
42,0,13,963.09,0.6098,1.91,0.0,1.23,587.32,0.0,48943.3
42,0,14,942.2,0.6486,2.18,0.0,1.36,611.1,0.0,50925.37
42,1,0,1075.27,0.4723,1.93,0.0,0.97,507.89,0.0,42323.93
42,1,3,1031.09,0.5654,1.96,0.0,1.14,582.99,0.0,48582.42
42,1,4,1082.91,0.6456,1.98,0.0,1.36,699.16,0.0,58263.24
42,1,6,952.98,0.6242,1.9,0.0,1.19,594.88,0.0,49573.34
42,1,7,1012.27,0.6109,1.91,0.0,1.21,618.4,0.0,51533.5
42,1,8,1016.92,0.4622,2.16,0.0,1.0,469.98,0.0,39164.89
42,2,0,979.88,0.439,1.89,0.0,0.92,430.15,0.0,35845.52
42,2,4,1099.51,0.6493,2.0,0.0,1.33,713.89,0.0,59490.89
42,3,0,918.18,0.5918,1.82,0.0,1.09,543.34,0.0,45278.29
42,3,1,921.93,0.5037,2.05,0.0,1.1,464.39,0.0,38699.32
42,3,8,1058.42,0.4657,1.97,0.0,0.85,492.96,0.0,41079.71
42,4,1,912.71,0.6015,1.95,0.0,1.28,548.96,0.0,45747.08
42,4,2,1099.22,0.6133,2.01,0.0,1.14,674.18,0.0,56181.76
42,4,5,1094.22,0.5982,2.14,0.0,1.2,654.62,0.0,54551.41
42,4,6,902.3,0.641,2.09,0.0,1.33,578.35,0.0,48195.7
42,4,12,1036.34,0.5154,2.01,0.0,1.04,534.14,0.0,44511.57
42,4,13,953.37,0.6473,2.06,0.0,1.17,617.08,0.0,51423.26
42,5,0,922.31,0.587,1.97,0.0,1.1,541.41,0.0,45117.65
42,5,4,990.74,0.5124,2.18,0.0,1.01,507.61,0.0,42300.51
42,5,11,1075.17,0.507,1.91,0.0,0.97,545.14,0.0,45428.18
42,5,12,1000.12,0.6384,1.87,0.0,1.18,638.46,0.0,53205.13
42,6,1,1082.53,0.4588,2.15,0.0,0.85,496.61,0.0,41384.25
42,6,4,959.69,0.5169,2.06,0.0,1.08,496.11,0.0,41342.29
42,6,9,1021.79,0.6054,1.86,0.0,1.22,618.54,0.0,51545.41
42,7,0,1052.5,0.4699,2.02,0.0,0.93,494.53,0.0,41211.24
42,7,1,1055.73,0.5402,2.01,0.0,0.98,570.33,0.0,47527.76
42,8,1,900.11,0.5694,1.93,0.0,1.2,512.51,0.0,42709.0
42,8,3,903.9,0.5917,2.17,0.0,1.3,534.79,0.0,44566.19
42,8,10,1075.74,0.5044,2.13,0.0,1.05,542.58,0.0,45214.78
42,8,14,961.5,0.4776,1.82,0.0,0.95,459.24,0.0,38270.06
42,9,0,1075.6,0.6549,2.18,0.0,1.37,704.4,0.0,58699.64
42,9,6,917.13,0.467,1.99,0.0,0.96,428.28,0.0,35690.04
42,10,0,913.84,0.4418,2.1,0.0,0.82,403.75,0.0,33645.85
42,10,8,1053.17,0.4448,1.85,0.0,0.9,468.45,0.0,39037.27
42,11,0,995.06,0.533,2.02,0.0,1.09,530.38,0.0,44197.98
42,11,5,953.01,0.4849,2.15,0.0,0.91,462.11,0.0,38509.05
42,12,4,984.63,0.565,1.88,0.0,1.08,556.27,0.0,46355.87
42,12,5,1007.86,0.4779,2.09,0.0,0.92,481.67,0.0,40139.37
42,13,0,940.23,0.5137,1.92,0.0,1.0,483.0,0.0,40250.02
42,13,4,1099.03,0.4408,2.06,0.0,0.85,484.43,0.0,40368.88
42,14,0,987.62,0.5945,2.01,0.0,1.3,587.11,0.0,48926.08
42,14,8,924.2,0.483,1.89,0.0,1.04,446.37,0.0,37197.34
43,0,1,953.4,0.4093,2.17,0.0,0.77,390.27,0.0,32522.17
43,0,2,1029.61,0.4145,2.04,0.0,0.85,426.75,0.0,35562.85
43,0,3,934.23,0.4141,2.09,0.0,0.76,386.84,0.0,32236.73
43,0,5,932.68,0.3891,1.95,0.0,0.84,362.88,0.0,30239.79
43,0,7,1097.9,0.4195,2.06,0.0,0.79,460.53,0.0,38377.52
43,0,9,1011.39,0.4167,2.07,0.0,0.83,421.4,0.0,35116.94
43,0,10,1068.57,0.4803,2.11,0.0,1.01,513.2,0.0,42766.26
43,0,11,945.81,0.4467,1.81,0.0,0.97,422.47,0.0,35205.65
43,0,13,963.09,0.4668,1.91,0.0,0.95,449.57,0.0,37464.57
43,0,14,942.2,0.5144,2.18,0.0,1.07,484.68,0.0,40390.02
43,1,0,1075.27,0.3602,1.93,0.0,0.73,387.33,0.0,32277.38
43,1,3,1031.09,0.4409,1.96,0.0,0.94,454.58,0.0,37881.29
43,1,4,1082.91,0.4998,1.98,0.0,0.94,541.27,0.0,45105.75
43,1,6,952.98,0.409,1.9,0.0,0.85,389.75,0.0,32479.26
43,1,7,1012.27,0.4959,1.91,0.0,1.01,501.96,0.0,41830.03
43,1,8,1016.92,0.4485,2.16,0.0,0.89,456.07,0.0,38006.06
43,2,0,979.88,0.5169,1.89,0.0,1.02,506.48,0.0,42206.27
43,2,4,1099.51,0.4519,2.0,0.0,0.81,496.91,0.0,41408.93
43,3,0,918.18,0.5208,1.82,0.0,1.05,478.18,0.0,39848.34
43,3,1,921.93,0.3703,2.05,0.0,0.73,341.41,0.0,28450.8
43,3,8,1058.42,0.3639,1.97,0.0,0.75,385.15,0.0,32095.82
43,4,1,912.71,0.4549,1.95,0.0,0.9,415.18,0.0,34598.09
43,4,2,1099.22,0.5197,2.01,0.0,1.13,571.29,0.0,47607.72
43,4,5,1094.22,0.5269,2.14,0.0,1.09,576.58,0.0,48048.73
43,4,6,902.3,0.4114,2.09,0.0,0.85,371.18,0.0,30931.71
43,4,12,1036.34,0.3658,2.01,0.0,0.69,379.05,0.0,31587.49
43,4,13,953.37,0.3557,2.06,0.0,0.7,339.14,0.0,28261.96
43,5,0,922.31,0.5215,1.97,0.0,1.14,481.01,0.0,40083.78
43,5,4,990.74,0.4073,2.18,0.0,0.79,403.48,0.0,33623.73
43,5,11,1075.17,0.3707,1.91,0.0,0.69,398.58,0.0,33214.73
43,5,12,1000.12,0.4597,1.87,0.0,0.9,459.77,0.0,38314.1
43,6,1,1082.53,0.4885,2.15,0.0,0.91,528.85,0.0,44070.65
43,6,4,959.69,0.4449,2.06,0.0,0.95,426.97,0.0,35581.16
43,6,9,1021.79,0.4176,1.86,0.0,0.86,426.74,0.0,35562.08
43,7,0,1052.5,0.4526,2.02,0.0,0.86,476.34,0.0,39695.4
43,7,1,1055.73,0.4559,2.01,0.0,0.99,481.28,0.0,40106.51
43,8,1,900.11,0.4577,1.93,0.0,0.91,412.01,0.0,34333.86
43,8,3,903.9,0.411,2.17,0.0,0.79,371.54,0.0,30962.01
43,8,10,1075.74,0.5254,2.13,0.0,1.13,565.15,0.0,47095.58
43,8,14,961.5,0.4719,1.82,0.0,0.88,453.7,0.0,37808.38
43,9,0,1075.6,0.4259,2.18,0.0,0.81,458.13,0.0,38177.1
43,9,6,917.13,0.4599,1.99,0.0,0.9,421.78,0.0,35148.64
43,10,0,913.84,0.4307,2.1,0.0,0.92,393.56,0.0,32796.59
43,10,8,1053.17,0.3991,1.85,0.0,0.78,420.33,0.0,35027.45
43,11,0,995.06,0.3879,2.02,0.0,0.78,385.99,0.0,32166.23
43,11,5,953.01,0.4203,2.15,0.0,0.78,400.55,0.0,33379.57
43,12,4,984.63,0.4239,1.88,0.0,0.81,417.41,0.0,34783.99
43,12,5,1007.86,0.5103,2.09,0.0,0.99,514.36,0.0,42863.16
43,13,0,940.23,0.3885,1.92,0.0,0.81,365.24,0.0,30436.56
43,13,4,1099.03,0.4543,2.06,0.0,0.97,499.3,0.0,41608.39
43,14,0,987.62,0.4359,2.01,0.0,0.92,430.46,0.0,35871.52
43,14,8,924.2,0.4901,1.89,0.0,0.91,452.94,0.0,37745.27
44,0,1,953.4,0.5182,2.17,0.0,1.1,494.06,0.0,41172.0
44,0,2,1029.61,0.6288,2.04,0.0,1.14,647.4,0.0,53949.75
44,0,3,934.23,0.6098,2.09,0.0,1.3,569.73,0.0,47477.16
44,0,5,932.68,0.5649,1.95,0.0,1.09,526.83,0.0,43902.21
44,0,7,1097.9,0.6415,2.06,0.0,1.16,704.29,0.0,58691.01
44,0,9,1011.39,0.6448,2.07,0.0,1.18,652.1,0.0,54341.69
44,0,10,1068.57,0.4712,2.11,0.0,0.94,503.54,0.0,41961.92
44,0,11,945.81,0.529,1.81,0.0,1.09,500.35,0.0,41696.04
44,0,13,963.09,0.4532,1.91,0.0,0.96,436.52,0.0,36376.51
44,0,14,942.2,0.6441,2.18,0.0,1.37,606.85,0.0,50571.1
44,1,0,1075.27,0.5923,1.93,0.0,1.09,636.84,0.0,53070.19
44,1,3,1031.09,0.4788,1.96,0.0,1.03,493.64,0.0,41136.36
44,1,4,1082.91,0.5592,1.98,0.0,1.03,605.59,0.0,50465.46
44,1,6,952.98,0.5327,1.9,0.0,1.13,507.63,0.0,42302.43
44,1,7,1012.27,0.542,1.91,0.0,1.08,548.61,0.0,45717.64
44,1,8,1016.92,0.4771,2.16,0.0,0.97,485.2,0.0,40433.7
44,2,0,979.88,0.4785,1.89,0.0,1.01,468.85,0.0,39070.78
44,2,4,1099.51,0.495,2.0,0.0,0.93,544.23,0.0,45352.85
44,3,0,918.18,0.5182,1.82,0.0,0.95,475.79,0.0,39649.23
44,3,1,921.93,0.6258,2.05,0.0,1.35,576.91,0.0,48075.72
44,3,8,1058.42,0.494,1.97,0.0,0.92,522.84,0.0,43570.01
44,4,1,912.71,0.4661,1.95,0.0,0.89,425.4,0.0,35449.96
44,4,2,1099.22,0.5312,2.01,0.0,0.97,583.85,0.0,48654.46
44,4,5,1094.22,0.5689,2.14,0.0,1.11,622.46,0.0,51871.86
44,4,6,902.3,0.5564,2.09,0.0,1.07,502.03,0.0,41835.78
44,4,12,1036.34,0.5629,2.01,0.0,1.12,583.33,0.0,48610.93
44,4,13,953.37,0.6564,2.06,0.0,1.43,625.76,0.0,52146.86
44,5,0,922.31,0.573,1.97,0.0,1.14,528.47,0.0,44039.01
44,5,4,990.74,0.4683,2.18,0.0,0.92,463.96,0.0,38663.31
44,5,11,1075.17,0.6598,1.91,0.0,1.39,709.36,0.0,59113.59
44,5,12,1000.12,0.6147,1.87,0.0,1.28,614.79,0.0,51232.58
44,6,1,1082.53,0.6132,2.15,0.0,1.15,663.82,0.0,55318.45
44,6,4,959.69,0.5376,2.06,0.0,1.15,515.97,0.0,42997.91
44,6,9,1021.79,0.5427,1.86,0.0,1.15,554.56,0.0,46213.46
44,7,0,1052.5,0.632,2.02,0.0,1.2,665.22,0.0,55434.8
44,7,1,1055.73,0.5707,2.01,0.0,1.15,602.47,0.0,50205.85
44,8,1,900.11,0.5879,1.93,0.0,1.21,529.16,0.0,44097.02
44,8,3,903.9,0.5251,2.17,0.0,1.02,474.66,0.0,39554.91
44,8,10,1075.74,0.6591,2.13,0.0,1.36,709.02,0.0,59085.41
44,8,14,961.5,0.6122,1.82,0.0,1.25,588.6,0.0,49050.38
44,9,0,1075.6,0.4475,2.18,0.0,0.88,481.3,0.0,40108.72
44,9,6,917.13,0.662,1.99,0.0,1.4,607.12,0.0,50593.18
44,10,0,913.84,0.5879,2.1,0.0,1.1,537.22,0.0,44768.59
44,10,8,1053.17,0.469,1.85,0.0,0.98,493.93,0.0,41160.99
44,11,0,995.06,0.6511,2.02,0.0,1.38,647.89,0.0,53990.45
44,11,5,953.01,0.6522,2.15,0.0,1.35,621.53,0.0,51794.1
44,12,4,984.63,0.5004,1.88,0.0,1.08,492.67,0.0,41055.89
44,12,5,1007.86,0.4879,2.09,0.0,1.03,491.72,0.0,40976.56
44,13,0,940.23,0.5453,1.92,0.0,1.08,512.74,0.0,42728.34
44,13,4,1099.03,0.6666,2.06,0.0,1.21,732.65,0.0,61054.47
44,14,0,987.62,0.6486,2.01,0.0,1.19,640.58,0.0,53382.04
44,14,8,924.2,0.5069,1.89,0.0,0.92,468.43,0.0,39036.07
45,0,1,953.4,0.4143,2.17,0.0,0.77,395.02,0.0,32918.24
45,0,2,1029.61,0.4036,2.04,0.0,0.76,415.5,0.0,34625.35
45,0,3,934.23,0.4374,2.09,0.0,0.93,408.63,0.0,34052.1
45,0,5,932.68,0.5117,1.95,0.0,1.03,477.21,0.0,39767.51
45,0,7,1097.9,0.3713,2.06,0.0,0.71,407.7,0.0,33975.4
45,0,9,1011.39,0.3594,2.07,0.0,0.7,363.52,0.0,30293.17
45,0,10,1068.57,0.3749,2.11,0.0,0.76,400.55,0.0,33379.51
45,0,11,945.81,0.361,1.81,0.0,0.7,341.46,0.0,28455.04
45,0,13,963.09,0.3584,1.91,0.0,0.75,345.21,0.0,28767.21
45,0,14,942.2,0.4973,2.18,0.0,0.92,468.51,0.0,39042.56
45,1,0,1075.27,0.4421,1.93,0.0,0.86,475.4,0.0,39616.44
45,1,3,1031.09,0.3977,1.96,0.0,0.76,410.09,0.0,34174.31
45,1,4,1082.91,0.4875,1.98,0.0,1.02,527.89,0.0,43990.45
45,1,6,952.98,0.3721,1.9,0.0,0.79,354.62,0.0,29551.93
45,1,7,1012.27,0.5077,1.91,0.0,1.02,513.92,0.0,42826.59
45,1,8,1016.92,0.4813,2.16,0.0,1.04,489.4,0.0,40783.62
45,2,0,979.88,0.4081,1.89,0.0,0.75,399.9,0.0,33325.36
45,2,4,1099.51,0.3454,2.0,0.0,0.71,379.72,0.0,31643.59
45,3,0,918.18,0.4903,1.82,0.0,0.93,450.19,0.0,37515.93
45,3,1,921.93,0.5029,2.05,0.0,0.94,463.65,0.0,38637.15
45,3,8,1058.42,0.347,1.97,0.0,0.7,367.27,0.0,30606.11
45,4,1,912.71,0.4038,1.95,0.0,0.74,368.57,0.0,30714.47
45,4,2,1099.22,0.3786,2.01,0.0,0.69,416.17,0.0,34680.67
45,4,5,1094.22,0.4401,2.14,0.0,0.84,481.59,0.0,40132.47
45,4,6,902.3,0.3447,2.09,0.0,0.7,311.0,0.0,25916.38
45,4,12,1036.34,0.3849,2.01,0.0,0.79,398.94,0.0,33244.69
45,4,13,953.37,0.3874,2.06,0.0,0.82,369.37,0.0,30780.68
45,5,0,922.31,0.4889,1.97,0.0,0.94,450.96,0.0,37580.1
45,5,4,990.74,0.4609,2.18,0.0,0.95,456.65,0.0,38053.77
45,5,11,1075.17,0.4428,1.91,0.0,0.97,476.11,0.0,39675.97
45,5,12,1000.12,0.3989,1.87,0.0,0.87,398.93,0.0,33244.57
45,6,1,1082.53,0.353,2.15,0.0,0.66,382.16,0.0,31846.95
45,6,4,959.69,0.4329,2.06,0.0,0.84,415.42,0.0,34618.57
45,6,9,1021.79,0.3796,1.86,0.0,0.71,387.91,0.0,32326.23
45,7,0,1052.5,0.466,2.02,0.0,0.95,490.46,0.0,40871.55
45,7,1,1055.73,0.3497,2.01,0.0,0.7,369.16,0.0,30763.58
45,8,1,900.11,0.3788,1.93,0.0,0.77,340.96,0.0,28413.67
45,8,3,903.9,0.4911,2.17,0.0,0.94,443.92,0.0,36993.29
45,8,10,1075.74,0.3873,2.13,0.0,0.84,416.66,0.0,34721.52
45,8,14,961.5,0.4751,1.82,0.0,0.88,456.83,0.0,38069.22
45,9,0,1075.6,0.481,2.18,0.0,1.06,517.39,0.0,43115.5
45,9,6,917.13,0.4659,1.99,0.0,0.99,427.29,0.0,35607.76
45,10,0,913.84,0.4225,2.1,0.0,0.89,386.13,0.0,32177.47
45,10,8,1053.17,0.3994,1.85,0.0,0.82,420.62,0.0,35052.05
45,11,0,995.06,0.4378,2.02,0.0,0.96,435.62,0.0,36301.83
45,11,5,953.01,0.4814,2.15,0.0,0.96,458.77,0.0,38230.8
45,12,4,984.63,0.3504,1.88,0.0,0.76,345.05,0.0,28753.82
45,12,5,1007.86,0.3962,2.09,0.0,0.86,399.34,0.0,33278.73
45,13,0,940.23,0.3675,1.92,0.0,0.67,345.53,0.0,28794.18
45,13,4,1099.03,0.3734,2.06,0.0,0.75,410.37,0.0,34197.34
45,14,0,987.62,0.3445,2.01,0.0,0.64,340.21,0.0,28350.67
45,14,8,924.2,0.4383,1.89,0.0,0.91,405.05,0.0,33754.52
46,0,1,953.4,0.4972,2.17,0.0,0.97,473.98,0.0,39498.69
46,0,2,1029.61,0.5618,2.04,0.0,1.05,578.38,0.0,48198.69
46,0,3,934.23,0.3939,2.09,0.0,0.85,367.99,0.0,30665.84
46,0,5,932.68,0.393,1.95,0.0,0.81,366.51,0.0,30542.57
46,0,7,1097.9,0.5185,2.06,0.0,1.04,569.23,0.0,47435.97
46,0,9,1011.39,0.5713,2.07,0.0,1.19,577.84,0.0,48153.09
46,0,10,1068.57,0.5231,2.11,0.0,1.12,558.98,0.0,46581.63
46,0,11,945.81,0.4775,1.81,0.0,0.99,451.65,0.0,37637.71
46,0,13,963.09,0.4341,1.91,0.0,0.8,418.05,0.0,34837.32
46,0,14,942.2,0.4431,2.18,0.0,0.97,417.46,0.0,34788.18
46,1,0,1075.27,0.4426,1.93,0.0,0.82,475.94,0.0,39661.89
46,1,3,1031.09,0.498,1.96,0.0,0.92,513.46,0.0,42788.45
46,1,4,1082.91,0.4682,1.98,0.0,0.88,507.04,0.0,42253.53
46,1,6,952.98,0.43,1.9,0.0,0.84,409.82,0.0,34151.96
46,1,7,1012.27,0.5685,1.91,0.0,1.18,575.46,0.0,47954.59
46,1,8,1016.92,0.4302,2.16,0.0,0.8,437.48,0.0,36456.94
46,2,0,979.88,0.53,1.89,0.0,0.99,519.31,0.0,43275.44
46,2,4,1099.51,0.5121,2.0,0.0,1.02,563.09,0.0,46924.46
46,3,0,918.18,0.4233,1.82,0.0,0.91,388.69,0.0,32390.67
46,3,1,921.93,0.4543,2.05,0.0,0.83,418.85,0.0,34904.2
46,3,8,1058.42,0.4691,1.97,0.0,1.01,496.48,0.0,41373.5
46,4,1,912.71,0.5433,1.95,0.0,1.03,495.92,0.0,41326.46
46,4,2,1099.22,0.5748,2.01,0.0,1.24,631.83,0.0,52652.53
46,4,5,1094.22,0.4455,2.14,0.0,0.84,487.44,0.0,40619.91
46,4,6,902.3,0.4715,2.09,0.0,1.02,425.41,0.0,35450.82
46,4,12,1036.34,0.5466,2.01,0.0,1.2,566.44,0.0,47203.39
46,4,13,953.37,0.5239,2.06,0.0,1.15,499.44,0.0,41619.6
46,5,0,922.31,0.5319,1.97,0.0,1.1,490.58,0.0,40881.59
46,5,4,990.74,0.4807,2.18,0.0,1.05,476.26,0.0,39688.26
46,5,11,1075.17,0.4899,1.91,0.0,1.04,526.75,0.0,43895.49
46,5,12,1000.12,0.518,1.87,0.0,0.94,518.03,0.0,43169.57
46,6,1,1082.53,0.4004,2.15,0.0,0.8,433.48,0.0,36122.94
46,6,4,959.69,0.5629,2.06,0.0,1.1,540.2,0.0,45016.35
46,6,9,1021.79,0.5712,1.86,0.0,1.12,583.6,0.0,48633.63
46,7,0,1052.5,0.5113,2.02,0.0,1.02,538.11,0.0,44842.75
46,7,1,1055.73,0.4233,2.01,0.0,0.84,446.86,0.0,37237.94
46,8,1,900.11,0.4397,1.93,0.0,0.86,395.74,0.0,32978.31
46,8,3,903.9,0.5003,2.17,0.0,0.93,452.22,0.0,37685.18
46,8,10,1075.74,0.4675,2.13,0.0,0.92,502.87,0.0,41905.58
46,8,14,961.5,0.5569,1.82,0.0,1.07,535.48,0.0,44622.97
46,9,0,1075.6,0.5288,2.18,0.0,1.13,568.76,0.0,47396.87
46,9,6,917.13,0.4826,1.99,0.0,0.87,442.58,0.0,36881.94
46,10,0,913.84,0.4158,2.1,0.0,0.77,379.96,0.0,31663.16
46,10,8,1053.17,0.5436,1.85,0.0,1.1,572.48,0.0,47706.34
46,11,0,995.06,0.4469,2.02,0.0,0.82,444.65,0.0,37054.08
46,11,5,953.01,0.5562,2.15,0.0,1.06,530.07,0.0,44172.78
46,12,4,984.63,0.5291,1.88,0.0,1.1,520.93,0.0,43411.1
46,12,5,1007.86,0.541,2.09,0.0,1.19,545.29,0.0,45440.9
46,13,0,940.23,0.5752,1.92,0.0,1.12,540.86,0.0,45071.57
46,13,4,1099.03,0.4107,2.06,0.0,0.74,451.42,0.0,37618.05
46,14,0,987.62,0.463,2.01,0.0,0.92,457.27,0.0,38105.84
46,14,8,924.2,0.5644,1.89,0.0,1.1,521.63,0.0,43469.47
47,0,1,953.4,0.4097,2.17,0.0,0.75,390.62,0.0,32551.43
47,0,2,1029.61,0.4054,2.04,0.0,0.83,417.39,0.0,34782.28
47,0,3,934.23,0.4255,2.09,0.0,0.94,397.49,0.0,33123.93
47,0,5,932.68,0.4506,1.95,0.0,0.84,420.25,0.0,35020.78
47,0,7,1097.9,0.3459,2.06,0.0,0.74,379.71,0.0,31642.62
47,0,9,1011.39,0.3367,2.07,0.0,0.63,340.54,0.0,28378.23
47,0,10,1068.57,0.496,2.11,0.0,0.98,530.05,0.0,44170.79
47,0,11,945.81,0.4167,1.81,0.0,0.9,394.16,0.0,32846.42
47,0,13,963.09,0.469,1.91,0.0,0.9,451.66,0.0,37638.33
47,0,14,942.2,0.3611,2.18,0.0,0.75,340.27,0.0,28355.56
47,1,0,1075.27,0.42,1.93,0.0,0.77,451.58,0.0,37631.6
47,1,3,1031.09,0.3604,1.96,0.0,0.77,371.62,0.0,30968.71
47,1,4,1082.91,0.3915,1.98,0.0,0.78,423.93,0.0,35327.46
47,1,6,952.98,0.3417,1.9,0.0,0.62,325.64,0.0,27136.75
47,1,7,1012.27,0.3619,1.91,0.0,0.67,366.29,0.0,30524.22
47,1,8,1016.92,0.4312,2.16,0.0,0.86,438.51,0.0,36542.79
47,2,0,979.88,0.3773,1.89,0.0,0.8,369.7,0.0,30808.05
47,2,4,1099.51,0.4402,2.0,0.0,0.89,484.05,0.0,40337.22
47,3,0,918.18,0.381,1.82,0.0,0.83,349.78,0.0,29148.48
47,3,1,921.93,0.3367,2.05,0.0,0.62,310.45,0.0,25870.79
47,3,8,1058.42,0.454,1.97,0.0,0.89,480.51,0.0,40042.6
47,4,1,912.71,0.4499,1.95,0.0,0.82,410.64,0.0,34220.11
47,4,2,1099.22,0.3595,2.01,0.0,0.77,395.12,0.0,32926.35
47,4,5,1094.22,0.366,2.14,0.0,0.77,400.48,0.0,33373.58
47,4,6,902.3,0.4276,2.09,0.0,0.94,385.78,0.0,32148.46
47,4,12,1036.34,0.4357,2.01,0.0,0.79,451.5,0.0,37624.94
47,4,13,953.37,0.3668,2.06,0.0,0.79,349.73,0.0,29144.32
47,5,0,922.31,0.3871,1.97,0.0,0.72,357.04,0.0,29753.36
47,5,4,990.74,0.475,2.18,0.0,0.9,470.65,0.0,39220.58
47,5,11,1075.17,0.3515,1.91,0.0,0.65,377.93,0.0,31494.42
47,5,12,1000.12,0.4669,1.87,0.0,0.9,466.96,0.0,38913.08
47,6,1,1082.53,0.4208,2.15,0.0,0.89,455.54,0.0,37962.08
47,6,4,959.69,0.4989,2.06,0.0,0.97,478.8,0.0,39900.27
47,6,9,1021.79,0.4853,1.86,0.0,0.98,495.89,0.0,41324.08
47,7,0,1052.5,0.4027,2.02,0.0,0.84,423.88,0.0,35323.67
47,7,1,1055.73,0.4466,2.01,0.0,0.95,471.49,0.0,39291.14
47,8,1,900.11,0.3359,1.93,0.0,0.68,302.32,0.0,25192.96
47,8,3,903.9,0.4906,2.17,0.0,0.99,443.48,0.0,36956.93
47,8,10,1075.74,0.3851,2.13,0.0,0.75,414.3,0.0,34525.24
47,8,14,961.5,0.4862,1.82,0.0,1.02,467.49,0.0,38957.74
47,9,0,1075.6,0.4663,2.18,0.0,0.93,501.52,0.0,41793.09
47,9,6,917.13,0.3782,1.99,0.0,0.83,346.89,0.0,28907.5
47,10,0,913.84,0.3559,2.1,0.0,0.77,325.22,0.0,27101.68
47,10,8,1053.17,0.4684,1.85,0.0,0.9,493.31,0.0,41109.53
47,11,0,995.06,0.4056,2.02,0.0,0.89,403.59,0.0,33632.16
47,11,5,953.01,0.3429,2.15,0.0,0.74,326.78,0.0,27231.64
47,12,4,984.63,0.494,1.88,0.0,1.0,486.43,0.0,40536.03
47,12,5,1007.86,0.4199,2.09,0.0,0.91,423.25,0.0,35270.72
47,13,0,940.23,0.4913,1.92,0.0,0.95,461.92,0.0,38493.74
47,13,4,1099.03,0.4978,2.06,0.0,1.0,547.14,0.0,45595.08
47,14,0,987.62,0.3587,2.01,0.0,0.73,354.26,0.0,29521.28
47,14,8,924.2,0.4645,1.89,0.0,0.88,429.29,0.0,35774.44
48,0,1,953.4,0.4133,2.17,0.0,0.78,393.99,0.0,32832.87
48,0,2,1029.61,0.4617,2.04,0.0,0.85,475.38,0.0,39615.24
48,0,3,934.23,0.5109,2.09,0.0,1.05,477.34,0.0,39778.11
48,0,5,932.68,0.4001,1.95,0.0,0.81,373.21,0.0,31100.56
48,0,7,1097.9,0.3873,2.06,0.0,0.8,425.26,0.0,35438.04
48,0,9,1011.39,0.5267,2.07,0.0,1.02,532.73,0.0,44393.93
48,0,10,1068.57,0.4625,2.11,0.0,0.92,494.2,0.0,41183.62
48,0,11,945.81,0.4845,1.81,0.0,1.04,458.24,0.0,38186.72
48,0,13,963.09,0.4905,1.91,0.0,1.04,472.35,0.0,39362.49
48,0,14,942.2,0.4797,2.18,0.0,0.91,451.95,0.0,37662.28
48,1,0,1075.27,0.4618,1.93,0.0,0.88,496.52,0.0,41376.55
48,1,3,1031.09,0.4553,1.96,0.0,0.83,469.51,0.0,39125.44
48,1,4,1082.91,0.3858,1.98,0.0,0.81,417.75,0.0,34812.85
48,1,6,952.98,0.5214,1.9,0.0,0.95,496.9,0.0,41408.64
48,1,7,1012.27,0.3593,1.91,0.0,0.74,363.66,0.0,30305.16
48,1,8,1016.92,0.4161,2.16,0.0,0.91,423.12,0.0,35260.06
48,2,0,979.88,0.4371,1.89,0.0,0.93,428.34,0.0,35694.8
48,2,4,1099.51,0.5029,2.0,0.0,0.98,552.89,0.0,46074.58
48,3,0,918.18,0.3834,1.82,0.0,0.81,352.0,0.0,29333.01
48,3,1,921.93,0.4888,2.05,0.0,0.91,450.68,0.0,37556.28
48,3,8,1058.42,0.4963,1.97,0.0,1.05,525.32,0.0,43776.53
48,4,1,912.71,0.3593,1.95,0.0,0.67,327.95,0.0,27329.5
48,4,2,1099.22,0.455,2.01,0.0,0.94,500.1,0.0,41674.81
48,4,5,1094.22,0.5276,2.14,0.0,0.95,577.33,0.0,48111.19
48,4,6,902.3,0.3756,2.09,0.0,0.75,338.91,0.0,28242.61
48,4,12,1036.34,0.3795,2.01,0.0,0.82,393.29,0.0,32774.55
48,4,13,953.37,0.5056,2.06,0.0,0.95,482.05,0.0,40170.71
48,5,0,922.31,0.4394,1.97,0.0,0.81,405.23,0.0,33769.56
48,5,4,990.74,0.4611,2.18,0.0,0.91,456.87,0.0,38072.2
48,5,11,1075.17,0.4966,1.91,0.0,0.9,533.91,0.0,44492.57
48,5,12,1000.12,0.4811,1.87,0.0,0.88,481.13,0.0,40094.11
48,6,1,1082.53,0.435,2.15,0.0,0.9,470.93,0.0,39244.49
48,6,4,959.69,0.4153,2.06,0.0,0.91,398.57,0.0,33214.18
48,6,9,1021.79,0.4325,1.86,0.0,0.95,441.96,0.0,36830.31
48,7,0,1052.5,0.5042,2.02,0.0,1.07,530.64,0.0,44220.06
48,7,1,1055.73,0.384,2.01,0.0,0.76,405.41,0.0,33783.78
48,8,1,900.11,0.3536,1.93,0.0,0.75,318.24,0.0,26520.01
48,8,3,903.9,0.3663,2.17,0.0,0.77,331.11,0.0,27592.58
48,8,10,1075.74,0.4495,2.13,0.0,0.95,483.51,0.0,40292.17
48,8,14,961.5,0.4853,1.82,0.0,0.97,466.57,0.0,38880.77
48,9,0,1075.6,0.4251,2.18,0.0,0.89,457.27,0.0,38105.69
48,9,6,917.13,0.3828,1.99,0.0,0.74,351.07,0.0,29255.95
48,10,0,913.84,0.3871,2.1,0.0,0.74,353.73,0.0,29477.89
48,10,8,1053.17,0.3742,1.85,0.0,0.7,394.07,0.0,32838.76
48,11,0,995.06,0.5116,2.02,0.0,1.0,509.05,0.0,42421.18
48,11,5,953.01,0.3529,2.15,0.0,0.7,336.3,0.0,28025.17
48,12,4,984.63,0.4834,1.88,0.0,0.93,476.01,0.0,39667.84
48,12,5,1007.86,0.4504,2.09,0.0,0.97,453.9,0.0,37824.92
48,13,0,940.23,0.356,1.92,0.0,0.72,334.71,0.0,27892.17
48,13,4,1099.03,0.4407,2.06,0.0,0.87,484.29,0.0,40357.88
48,14,0,987.62,0.4486,2.01,0.0,0.98,443.02,0.0,36918.72
48,14,8,924.2,0.4291,1.89,0.0,0.92,396.62,0.0,33051.33
49,0,1,953.4,0.3722,2.17,0.0,0.68,354.82,0.0,29567.94
49,0,2,1029.61,0.4522,2.04,0.0,0.85,465.63,0.0,38802.25
49,0,3,934.23,0.4407,2.09,0.0,0.91,411.68,0.0,34306.99
49,0,5,932.68,0.4594,1.95,0.0,0.86,428.46,0.0,35704.85
49,0,7,1097.9,0.3917,2.06,0.0,0.85,430.1,0.0,35841.47
49,0,9,1011.39,0.3406,2.07,0.0,0.73,344.48,0.0,28706.33
49,0,10,1068.57,0.3824,2.11,0.0,0.8,408.67,0.0,34056.08
49,0,11,945.81,0.4692,1.81,0.0,0.93,443.78,0.0,36981.61
49,0,13,963.09,0.3793,1.91,0.0,0.81,365.31,0.0,30442.34
49,0,14,942.2,0.4368,2.18,0.0,0.83,411.54,0.0,34294.96
49,1,0,1075.27,0.4931,1.93,0.0,1.01,530.2,0.0,44182.96
49,1,3,1031.09,0.4302,1.96,0.0,0.84,443.59,0.0,36965.66
49,1,4,1082.91,0.3721,1.98,0.0,0.74,402.98,0.0,33582.03
49,1,6,952.98,0.3626,1.9,0.0,0.79,345.59,0.0,28799.14
49,1,7,1012.27,0.349,1.91,0.0,0.66,353.29,0.0,29440.85
49,1,8,1016.92,0.4361,2.16,0.0,0.92,443.45,0.0,36953.9
49,2,0,979.88,0.4398,1.89,0.0,0.93,430.97,0.0,35913.96
49,2,4,1099.51,0.3976,2.0,0.0,0.73,437.2,0.0,36433.28
49,3,0,918.18,0.376,1.82,0.0,0.83,345.25,0.0,28771.12
49,3,1,921.93,0.447,2.05,0.0,0.88,412.12,0.0,34343.27
49,3,8,1058.42,0.4569,1.97,0.0,0.92,483.6,0.0,40299.88
49,4,1,912.71,0.3368,1.95,0.0,0.65,307.44,0.0,25619.79
49,4,2,1099.22,0.4341,2.01,0.0,0.88,477.2,0.0,39766.57
49,4,5,1094.22,0.4542,2.14,0.0,0.99,497.04,0.0,41420.33
49,4,6,902.3,0.3992,2.09,0.0,0.77,360.16,0.0,30013.16
49,4,12,1036.34,0.4921,2.01,0.0,1.03,510.01,0.0,42500.59
49,4,13,953.37,0.4942,2.06,0.0,1.04,471.12,0.0,39259.9
49,5,0,922.31,0.3574,1.97,0.0,0.77,329.61,0.0,27467.37
49,5,4,990.74,0.3342,2.18,0.0,0.69,331.08,0.0,27590.33
49,5,11,1075.17,0.3378,1.91,0.0,0.67,363.23,0.0,30269.51
49,5,12,1000.12,0.3584,1.87,0.0,0.69,358.48,0.0,29873.16
49,6,1,1082.53,0.3659,2.15,0.0,0.71,396.11,0.0,33008.81
49,6,4,959.69,0.3661,2.06,0.0,0.71,351.34,0.0,29278.21
49,6,9,1021.79,0.3715,1.86,0.0,0.8,379.6,0.0,31633.67
49,7,0,1052.5,0.3943,2.02,0.0,0.84,414.97,0.0,34581.03
49,7,1,1055.73,0.3621,2.01,0.0,0.68,382.31,0.0,31859.21
49,8,1,900.11,0.3384,1.93,0.0,0.64,304.56,0.0,25380.18
49,8,3,903.9,0.4178,2.17,0.0,0.76,377.65,0.0,31470.61
49,8,10,1075.74,0.3699,2.13,0.0,0.8,397.9,0.0,33158.16
49,8,14,961.5,0.4112,1.82,0.0,0.75,395.38,0.0,32948.62
49,9,0,1075.6,0.3972,2.18,0.0,0.78,427.23,0.0,35602.47
49,9,6,917.13,0.4154,1.99,0.0,0.78,381.01,0.0,31751.11
49,10,0,913.84,0.3675,2.1,0.0,0.69,335.85,0.0,27987.22
49,10,8,1053.17,0.4133,1.85,0.0,0.9,435.29,0.0,36274.27
49,11,0,995.06,0.4404,2.02,0.0,0.87,438.18,0.0,36514.71
49,11,5,953.01,0.4976,2.15,0.0,1.02,474.23,0.0,39519.32
49,12,4,984.63,0.383,1.88,0.0,0.82,377.13,0.0,31427.55
49,12,5,1007.86,0.347,2.09,0.0,0.7,349.76,0.0,29146.39
49,13,0,940.23,0.4004,1.92,0.0,0.85,376.5,0.0,31374.65
49,13,4,1099.03,0.3526,2.06,0.0,0.74,387.57,0.0,32297.12
49,14,0,987.62,0.3688,2.01,0.0,0.75,364.28,0.0,30356.52
49,14,8,924.2,0.3467,1.89,0.0,0.7,320.46,0.0,26704.67
50,0,1,953.4,0.5306,2.17,0.0,1.04,505.87,0.0,42155.43
50,0,2,1029.61,0.5131,2.04,0.0,1.04,528.31,0.0,44025.67
50,0,3,934.23,0.461,2.09,0.0,0.93,430.66,0.0,35888.1
50,0,5,932.68,0.5139,1.95,0.0,1.05,479.31,0.0,39942.8
50,0,7,1097.9,0.5029,2.06,0.0,1.07,552.11,0.0,46008.78
50,0,9,1011.39,0.4275,2.07,0.0,0.93,432.33,0.0,36027.84
50,0,10,1068.57,0.4197,2.11,0.0,0.87,448.47,0.0,37372.51
50,0,11,945.81,0.575,1.81,0.0,1.22,543.84,0.0,45319.9
50,0,13,963.09,0.5286,1.91,0.0,1.07,509.12,0.0,42426.89
50,0,14,942.2,0.5218,2.18,0.0,1.04,491.62,0.0,40967.94
50,1,0,1075.27,0.4523,1.93,0.0,0.97,486.37,0.0,40530.67
50,1,3,1031.09,0.4439,1.96,0.0,0.98,457.74,0.0,38145.16
50,1,4,1082.91,0.3983,1.98,0.0,0.81,431.32,0.0,35942.95
50,1,6,952.98,0.541,1.9,0.0,1.11,515.55,0.0,42962.49
50,1,7,1012.27,0.4638,1.91,0.0,0.85,469.44,0.0,39120.07
50,1,8,1016.92,0.3911,2.16,0.0,0.84,397.73,0.0,33144.47
50,2,0,979.88,0.4283,1.89,0.0,0.88,419.64,0.0,34970.15
50,2,4,1099.51,0.4245,2.0,0.0,0.87,466.7,0.0,38891.37
50,3,0,918.18,0.4757,1.82,0.0,0.89,436.82,0.0,36401.8
50,3,1,921.93,0.4709,2.05,0.0,0.96,434.18,0.0,36181.27
50,3,8,1058.42,0.4173,1.97,0.0,0.85,441.71,0.0,36808.9
50,4,1,912.71,0.4523,1.95,0.0,0.84,412.84,0.0,34403.21
50,4,2,1099.22,0.4654,2.01,0.0,0.91,511.63,0.0,42635.6
50,4,5,1094.22,0.4083,2.14,0.0,0.86,446.77,0.0,37230.84
50,4,6,902.3,0.3954,2.09,0.0,0.84,356.8,0.0,29733.17
50,4,12,1036.34,0.5235,2.01,0.0,1.09,542.48,0.0,45206.74
50,4,13,953.37,0.434,2.06,0.0,0.9,413.74,0.0,34478.63
50,5,0,922.31,0.4948,1.97,0.0,1.08,456.39,0.0,38032.35
50,5,4,990.74,0.443,2.18,0.0,0.94,438.91,0.0,36576.09
50,5,11,1075.17,0.5022,1.91,0.0,0.92,539.9,0.0,44991.66
50,5,12,1000.12,0.4722,1.87,0.0,0.92,472.26,0.0,39354.8
50,6,1,1082.53,0.5062,2.15,0.0,0.92,547.95,0.0,45662.89
50,6,4,959.69,0.5216,2.06,0.0,1.13,500.54,0.0,41711.76
50,6,9,1021.79,0.5787,1.86,0.0,1.2,591.28,0.0,49273.66
50,7,0,1052.5,0.492,2.02,0.0,0.93,517.85,0.0,43154.14
50,7,1,1055.73,0.4168,2.01,0.0,0.78,440.05,0.0,36670.5
50,8,1,900.11,0.4359,1.93,0.0,0.82,392.39,0.0,32699.08
50,8,3,903.9,0.469,2.17,0.0,0.96,423.88,0.0,35323.72
50,8,10,1075.74,0.4756,2.13,0.0,0.95,511.65,0.0,42637.33
50,8,14,961.5,0.4407,1.82,0.0,0.79,423.75,0.0,35312.82
50,9,0,1075.6,0.4659,2.18,0.0,0.96,501.09,0.0,41757.84
50,9,6,917.13,0.4257,1.99,0.0,0.82,390.44,0.0,32536.93
50,10,0,913.84,0.5203,2.1,0.0,1.0,475.45,0.0,39620.97
50,10,8,1053.17,0.4773,1.85,0.0,1.05,502.64,0.0,41886.7
50,11,0,995.06,0.5115,2.02,0.0,1.11,508.96,0.0,42413.53
50,11,5,953.01,0.4904,2.15,0.0,1.05,467.38,0.0,38948.04
50,12,4,984.63,0.5122,1.88,0.0,1.1,504.3,0.0,42024.74
50,12,5,1007.86,0.3874,2.09,0.0,0.79,390.48,0.0,32539.71
50,13,0,940.23,0.5723,1.92,0.0,1.04,538.06,0.0,44838.14
50,13,4,1099.03,0.4822,2.06,0.0,0.94,529.94,0.0,44161.6
50,14,0,987.62,0.4633,2.01,0.0,0.95,457.58,0.0,38131.79
50,14,8,924.2,0.5523,1.89,0.0,1.2,510.44,0.0,42536.33
51,0,1,953.4,0.6557,2.17,0.0,1.42,625.15,0.0,52095.94
51,0,2,1029.61,0.57,2.04,0.0,1.14,586.83,0.0,48902.29
51,0,3,934.23,0.5115,2.09,0.0,1.04,477.82,0.0,39818.34
51,0,5,932.68,0.6955,1.95,0.0,1.35,648.67,0.0,54055.56
51,0,7,1097.9,0.4776,2.06,0.0,0.88,524.35,0.0,43695.8
51,0,9,1011.39,0.6147,2.07,0.0,1.19,621.69,0.0,51807.59
51,0,10,1068.57,0.6387,2.11,0.0,1.19,682.48,0.0,56873.04
51,0,11,945.81,0.6553,1.81,0.0,1.21,619.8,0.0,51650.33
51,0,13,963.09,0.5447,1.91,0.0,1.02,524.58,0.0,43715.32
51,0,14,942.2,0.5042,2.18,0.0,0.91,475.03,0.0,39585.92
51,1,0,1075.27,0.5779,1.93,0.0,1.17,621.35,0.0,51779.09
51,1,3,1031.09,0.5899,1.96,0.0,1.09,608.2,0.0,50683.17
51,1,4,1082.91,0.5345,1.98,0.0,1.09,578.8,0.0,48233.1
51,1,6,952.98,0.5467,1.9,0.0,1.06,520.97,0.0,43414.03
51,1,7,1012.27,0.6056,1.91,0.0,1.31,613.05,0.0,51087.43
51,1,8,1016.92,0.5183,2.16,0.0,1.07,527.1,0.0,43925.24
51,2,0,979.88,0.6989,1.89,0.0,1.47,684.86,0.0,57071.89
51,2,4,1099.51,0.4882,2.0,0.0,1.01,536.82,0.0,44734.73
51,3,0,918.18,0.5862,1.82,0.0,1.23,538.19,0.0,44849.56
51,3,1,921.93,0.6801,2.05,0.0,1.48,626.97,0.0,52247.42
51,3,8,1058.42,0.5513,1.97,0.0,1.21,583.54,0.0,48628.55
51,4,1,912.71,0.6326,1.95,0.0,1.18,577.35,0.0,48112.49
51,4,2,1099.22,0.6114,2.01,0.0,1.17,672.04,0.0,56002.96
51,4,5,1094.22,0.5691,2.14,0.0,1.09,622.67,0.0,51889.35
51,4,6,902.3,0.5453,2.09,0.0,1.03,492.0,0.0,41000.4
51,4,12,1036.34,0.6912,2.01,0.0,1.46,716.27,0.0,59689.44
51,4,13,953.37,0.5589,2.06,0.0,1.21,532.83,0.0,44402.86
51,5,0,922.31,0.4843,1.97,0.0,0.88,446.7,0.0,37225.19
51,5,4,990.74,0.6044,2.18,0.0,1.13,598.85,0.0,49904.2
51,5,11,1075.17,0.4691,1.91,0.0,1.02,504.37,0.0,42030.85
51,5,12,1000.12,0.6617,1.87,0.0,1.22,661.8,0.0,55149.77
51,6,1,1082.53,0.6803,2.15,0.0,1.25,736.45,0.0,61371.17
51,6,4,959.69,0.6455,2.06,0.0,1.39,619.52,0.0,51626.64
51,6,9,1021.79,0.4824,1.86,0.0,0.92,492.88,0.0,41073.19
51,7,0,1052.5,0.5602,2.02,0.0,1.01,589.6,0.0,49133.56
51,7,1,1055.73,0.497,2.01,0.0,1.01,524.66,0.0,43721.98
51,8,1,900.11,0.6462,1.93,0.0,1.21,581.69,0.0,48473.78
51,8,3,903.9,0.5499,2.17,0.0,1.07,497.05,0.0,41420.78
51,8,10,1075.74,0.6879,2.13,0.0,1.33,740.0,0.0,61666.95
51,8,14,961.5,0.5418,1.82,0.0,1.15,520.89,0.0,43407.88
51,9,0,1075.6,0.57,2.18,0.0,1.24,613.06,0.0,51088.24
51,9,6,917.13,0.6562,1.99,0.0,1.43,601.82,0.0,50151.5
51,10,0,913.84,0.5094,2.1,0.0,1.02,465.49,0.0,38790.68
51,10,8,1053.17,0.6506,1.85,0.0,1.41,685.18,0.0,57098.7
51,11,0,995.06,0.5537,2.02,0.0,1.15,550.92,0.0,45910.3
51,11,5,953.01,0.4908,2.15,0.0,0.99,467.76,0.0,38979.79
51,12,4,984.63,0.5565,1.88,0.0,1.15,547.93,0.0,45660.6
51,12,5,1007.86,0.4921,2.09,0.0,1.01,495.94,0.0,41327.97
51,13,0,940.23,0.4982,1.92,0.0,1.08,468.42,0.0,39034.61
51,13,4,1099.03,0.6036,2.06,0.0,1.15,663.39,0.0,55282.88
51,14,0,987.62,0.539,2.01,0.0,1.17,532.29,0.0,44357.62
51,14,8,924.2,0.5322,1.89,0.0,1.14,491.86,0.0,40988.06
52,0,1,953.4,0.5891,2.17,0.0,1.19,561.62,0.0,46801.31
52,0,2,1029.61,0.6083,2.04,0.0,1.13,626.35,0.0,52195.92
52,0,3,934.23,0.4638,2.09,0.0,0.89,433.32,0.0,36110.21
52,0,5,932.68,0.5568,1.95,0.0,1.1,519.28,0.0,43272.99
52,0,7,1097.9,0.4635,2.06,0.0,0.84,508.85,0.0,42404.1
52,0,9,1011.39,0.5979,2.07,0.0,1.2,604.74,0.0,50395.0
52,0,10,1068.57,0.5777,2.11,0.0,1.26,617.31,0.0,51442.74
52,0,11,945.81,0.5868,1.81,0.0,1.16,554.96,0.0,46247.07
52,0,13,963.09,0.4261,1.91,0.0,0.91,410.37,0.0,34197.42
52,0,14,942.2,0.5108,2.18,0.0,1.12,481.27,0.0,40105.87
52,1,0,1075.27,0.5776,1.93,0.0,1.04,621.11,0.0,51758.88
52,1,3,1031.09,0.5627,1.96,0.0,1.02,580.19,0.0,48348.87
52,1,4,1082.91,0.5898,1.98,0.0,1.16,638.68,0.0,53223.07
52,1,6,952.98,0.5891,1.9,0.0,1.29,561.42,0.0,46784.8
52,1,7,1012.27,0.4351,1.91,0.0,0.86,440.48,0.0,36706.31
52,1,8,1016.92,0.5627,2.16,0.0,1.19,572.26,0.0,47688.03
52,2,0,979.88,0.4661,1.89,0.0,0.96,456.72,0.0,38060.21
52,2,4,1099.51,0.6067,2.0,0.0,1.1,667.06,0.0,55588.4
52,3,0,918.18,0.5132,1.82,0.0,1.02,471.19,0.0,39265.49
52,3,1,921.93,0.5711,2.05,0.0,1.17,526.48,0.0,43873.73
52,3,8,1058.42,0.5789,1.97,0.0,1.08,612.73,0.0,51060.73
52,4,1,912.71,0.5986,1.95,0.0,1.11,546.38,0.0,45531.94
52,4,2,1099.22,0.4387,2.01,0.0,0.91,482.25,0.0,40187.41
52,4,5,1094.22,0.5779,2.14,0.0,1.11,632.38,0.0,52698.08
52,4,6,902.3,0.5662,2.09,0.0,1.18,510.85,0.0,42570.7
52,4,12,1036.34,0.4523,2.01,0.0,0.86,468.77,0.0,39064.02
52,4,13,953.37,0.4321,2.06,0.0,0.79,411.95,0.0,34329.27
52,5,0,922.31,0.4228,1.97,0.0,0.82,389.98,0.0,32498.62
52,5,4,990.74,0.6101,2.18,0.0,1.29,604.43,0.0,50369.08
52,5,11,1075.17,0.5671,1.91,0.0,1.1,609.68,0.0,50806.94
52,5,12,1000.12,0.5314,1.87,0.0,1.07,531.43,0.0,44285.75
52,6,1,1082.53,0.5744,2.15,0.0,1.21,621.84,0.0,51819.62
52,6,4,959.69,0.4117,2.06,0.0,0.79,395.07,0.0,32922.75
52,6,9,1021.79,0.4443,1.86,0.0,0.95,453.98,0.0,37832.04
52,7,0,1052.5,0.5194,2.02,0.0,0.94,546.69,0.0,45557.15
52,7,1,1055.73,0.5376,2.01,0.0,1.06,567.59,0.0,47299.58
52,8,1,900.11,0.5695,1.93,0.0,1.08,512.64,0.0,42719.76
52,8,3,903.9,0.5071,2.17,0.0,0.95,458.34,0.0,38195.17
52,8,10,1075.74,0.5619,2.13,0.0,1.21,604.42,0.0,50368.61
52,8,14,961.5,0.4579,1.82,0.0,0.85,440.28,0.0,36689.66
52,9,0,1075.6,0.4337,2.18,0.0,0.92,466.48,0.0,38873.15
52,9,6,917.13,0.5438,1.99,0.0,1.08,498.7,0.0,41558.23
52,10,0,913.84,0.4228,2.1,0.0,0.92,386.39,0.0,32199.38
52,10,8,1053.17,0.4091,1.85,0.0,0.88,430.84,0.0,35903.43
52,11,0,995.06,0.5551,2.02,0.0,1.0,552.37,0.0,46030.91
52,11,5,953.01,0.4095,2.15,0.0,0.89,390.3,0.0,32525.34
52,12,4,984.63,0.5616,1.88,0.0,1.14,552.99,0.0,46082.79
52,12,5,1007.86,0.519,2.09,0.0,1.09,523.05,0.0,43587.35
52,13,0,940.23,0.4265,1.92,0.0,0.79,400.97,0.0,33414.3
52,13,4,1099.03,0.519,2.06,0.0,1.08,570.45,0.0,47537.42
52,14,0,987.62,0.6031,2.01,0.0,1.26,595.62,0.0,49634.84
52,14,8,924.2,0.5517,1.89,0.0,1.21,509.88,0.0,42490.08
53,0,1,953.4,0.5453,2.17,0.0,1.15,519.91,0.0,43325.84
53,0,2,1029.61,0.4451,2.04,0.0,0.89,458.31,0.0,38192.75
53,0,3,934.23,0.4452,2.09,0.0,0.98,415.92,0.0,34660.09
53,0,5,932.68,0.4791,1.95,0.0,0.97,446.83,0.0,37235.51
53,0,7,1097.9,0.5989,2.06,0.0,1.3,657.49,0.0,54790.56
53,0,9,1011.39,0.6542,2.07,0.0,1.21,661.68,0.0,55140.25
53,0,10,1068.57,0.5806,2.11,0.0,1.16,620.44,0.0,51703.73
53,0,11,945.81,0.5146,1.81,0.0,0.95,486.69,0.0,40557.69
53,0,13,963.09,0.4602,1.91,0.0,0.83,443.24,0.0,36936.81
53,0,14,942.2,0.5265,2.18,0.0,0.97,496.03,0.0,41335.53
53,1,0,1075.27,0.4456,1.93,0.0,0.85,479.14,0.0,39928.7
53,1,3,1031.09,0.5506,1.96,0.0,1.03,567.72,0.0,47310.27
53,1,4,1082.91,0.4861,1.98,0.0,0.99,526.39,0.0,43865.51
53,1,6,952.98,0.6459,1.9,0.0,1.3,615.5,0.0,51291.73
53,1,7,1012.27,0.5914,1.91,0.0,1.11,598.7,0.0,49891.4
53,1,8,1016.92,0.5258,2.16,0.0,1.08,534.71,0.0,44558.99
53,2,0,979.88,0.4513,1.89,0.0,0.88,442.18,0.0,36848.52
53,2,4,1099.51,0.5974,2.0,0.0,1.25,656.84,0.0,54736.37
53,3,0,918.18,0.506,1.82,0.0,0.99,464.59,0.0,38715.62
53,3,1,921.93,0.6447,2.05,0.0,1.2,594.39,0.0,49532.77
53,3,8,1058.42,0.6294,1.97,0.0,1.18,666.15,0.0,55512.55
53,4,1,912.71,0.6417,1.95,0.0,1.4,585.66,0.0,48804.61
53,4,2,1099.22,0.587,2.01,0.0,1.2,645.28,0.0,53773.34
53,4,5,1094.22,0.4813,2.14,0.0,0.98,526.66,0.0,43888.6
53,4,6,902.3,0.6224,2.09,0.0,1.27,561.57,0.0,46797.16
53,4,12,1036.34,0.4424,2.01,0.0,0.89,458.45,0.0,38204.13
53,4,13,953.37,0.6181,2.06,0.0,1.15,589.27,0.0,49105.56
53,5,0,922.31,0.5105,1.97,0.0,1.07,470.84,0.0,39236.6
53,5,4,990.74,0.5089,2.18,0.0,1.06,504.15,0.0,42012.62
53,5,11,1075.17,0.5838,1.91,0.0,1.26,627.73,0.0,52310.45
53,5,12,1000.12,0.5179,1.87,0.0,1.03,517.93,0.0,43160.48
53,6,1,1082.53,0.6431,2.15,0.0,1.16,696.23,0.0,58018.95
53,6,4,959.69,0.6297,2.06,0.0,1.23,604.33,0.0,50361.01
53,6,9,1021.79,0.5849,1.86,0.0,1.18,597.64,0.0,49803.17
53,7,0,1052.5,0.5176,2.02,0.0,1.05,544.76,0.0,45397.02
53,7,1,1055.73,0.5205,2.01,0.0,1.0,549.55,0.0,45796.14
53,8,1,900.11,0.4586,1.93,0.0,0.89,412.81,0.0,34401.11
53,8,3,903.9,0.5743,2.17,0.0,1.13,519.07,0.0,43255.85
53,8,10,1075.74,0.6311,2.13,0.0,1.36,678.85,0.0,56571.22
53,8,14,961.5,0.5586,1.82,0.0,1.03,537.13,0.0,44760.85
53,9,0,1075.6,0.4463,2.18,0.0,0.83,480.04,0.0,40003.38
53,9,6,917.13,0.5741,1.99,0.0,1.25,526.55,0.0,43879.3
53,10,0,913.84,0.5012,2.1,0.0,1.02,458.01,0.0,38167.57
53,10,8,1053.17,0.66,1.85,0.0,1.19,695.13,0.0,57927.88
53,11,0,995.06,0.5304,2.02,0.0,1.0,527.76,0.0,43980.11
53,11,5,953.01,0.5276,2.15,0.0,1.03,502.79,0.0,41898.98
53,12,4,984.63,0.4835,1.88,0.0,0.97,476.09,0.0,39674.13
53,12,5,1007.86,0.6062,2.09,0.0,1.29,611.01,0.0,50917.86
53,13,0,940.23,0.6588,1.92,0.0,1.36,619.42,0.0,51618.58
53,13,4,1099.03,0.6557,2.06,0.0,1.22,720.67,0.0,60055.85
53,14,0,987.62,0.6061,2.01,0.0,1.26,598.55,0.0,49879.01
53,14,8,924.2,0.5102,1.89,0.0,1.06,471.5,0.0,39292.06
54,0,1,953.4,0.5095,2.17,0.0,0.99,485.75,0.0,40479.09
54,0,2,1029.61,0.4734,2.04,0.0,1.02,487.44,0.0,40619.97
54,0,3,934.23,0.4159,2.09,0.0,0.81,388.52,0.0,32377.0
54,0,5,932.68,0.4932,1.95,0.0,0.93,459.99,0.0,38332.18
54,0,7,1097.9,0.5357,2.06,0.0,1.14,588.15,0.0,49012.49
54,0,9,1011.39,0.4675,2.07,0.0,0.98,472.79,0.0,39399.24
54,0,10,1068.57,0.5665,2.11,0.0,1.18,605.38,0.0,50448.26
54,0,11,945.81,0.5678,1.81,0.0,1.03,537.05,0.0,44754.24
54,0,13,963.09,0.4572,1.91,0.0,0.9,440.35,0.0,36695.75
54,0,14,942.2,0.522,2.18,0.0,1.01,491.84,0.0,40986.56
54,1,0,1075.27,0.3879,1.93,0.0,0.74,417.11,0.0,34759.45
54,1,3,1031.09,0.5625,1.96,0.0,1.09,579.97,0.0,48330.59
54,1,4,1082.91,0.5208,1.98,0.0,0.99,563.94,0.0,46994.81
54,1,6,952.98,0.5189,1.9,0.0,1.04,494.49,0.0,41207.82
54,1,7,1012.27,0.474,1.91,0.0,0.86,479.84,0.0,39986.28
54,1,8,1016.92,0.4118,2.16,0.0,0.84,418.77,0.0,34897.75
54,2,0,979.88,0.4369,1.89,0.0,0.96,428.13,0.0,35677.14
54,2,4,1099.51,0.4278,2.0,0.0,0.85,470.33,0.0,39194.01
54,3,0,918.18,0.4866,1.82,0.0,0.94,446.77,0.0,37231.06
54,3,1,921.93,0.4309,2.05,0.0,0.89,397.3,0.0,33108.44
54,3,8,1058.42,0.3933,1.97,0.0,0.76,416.31,0.0,34692.22
54,4,1,912.71,0.398,1.95,0.0,0.86,363.3,0.0,30275.31
54,4,2,1099.22,0.5026,2.01,0.0,1.08,552.43,0.0,46036.1
54,4,5,1094.22,0.4708,2.14,0.0,1.0,515.21,0.0,42934.21
54,4,6,902.3,0.4864,2.09,0.0,0.98,438.86,0.0,36571.63
54,4,12,1036.34,0.4615,2.01,0.0,0.84,478.24,0.0,39853.12
54,4,13,953.37,0.3896,2.06,0.0,0.71,371.43,0.0,30952.84
54,5,0,922.31,0.4966,1.97,0.0,0.98,458.0,0.0,38166.26
54,5,4,990.74,0.4162,2.18,0.0,0.89,412.34,0.0,34361.65
54,5,11,1075.17,0.524,1.91,0.0,1.02,563.39,0.0,46949.19
54,5,12,1000.12,0.4933,1.87,0.0,1.08,493.35,0.0,41112.69
54,6,1,1082.53,0.4619,2.15,0.0,0.94,500.05,0.0,41670.86
54,6,4,959.69,0.502,2.06,0.0,0.93,481.72,0.0,40143.52
54,6,9,1021.79,0.5176,1.86,0.0,1.05,528.84,0.0,44070.04
54,7,0,1052.5,0.4986,2.02,0.0,1.09,524.75,0.0,43729.26
54,7,1,1055.73,0.5052,2.01,0.0,0.97,533.39,0.0,44449.04
54,8,1,900.11,0.4031,1.93,0.0,0.86,362.88,0.0,30239.78
54,8,3,903.9,0.3917,2.17,0.0,0.81,354.1,0.0,29508.47
54,8,10,1075.74,0.4375,2.13,0.0,0.83,470.65,0.0,39221.06
54,8,14,961.5,0.404,1.82,0.0,0.86,388.49,0.0,32374.11
54,9,0,1075.6,0.548,2.18,0.0,1.03,589.47,0.0,49122.75
54,9,6,917.13,0.4543,1.99,0.0,0.9,416.69,0.0,34724.16
54,10,0,913.84,0.5186,2.1,0.0,1.09,473.89,0.0,39491.06
54,10,8,1053.17,0.486,1.85,0.0,0.88,511.82,0.0,42651.81
54,11,0,995.06,0.5063,2.02,0.0,1.09,503.77,0.0,41981.03
54,11,5,953.01,0.3958,2.15,0.0,0.77,377.16,0.0,31429.97
54,12,4,984.63,0.467,1.88,0.0,0.96,459.81,0.0,38317.36
54,12,5,1007.86,0.3821,2.09,0.0,0.79,385.14,0.0,32095.4
54,13,0,940.23,0.4923,1.92,0.0,1.08,462.84,0.0,38569.94
54,13,4,1099.03,0.5265,2.06,0.0,1.03,578.63,0.0,48219.23
54,14,0,987.62,0.4424,2.01,0.0,0.93,436.94,0.0,36411.91
54,14,8,924.2,0.4174,1.89,0.0,0.85,385.72,0.0,32142.95
55,0,1,953.4,0.3984,2.17,0.0,0.75,379.85,0.0,31654.2
55,0,2,1029.61,0.3688,2.04,0.0,0.78,379.71,0.0,31642.79
55,0,3,934.23,0.4573,2.09,0.0,0.89,427.27,0.0,35605.68
55,0,5,932.68,0.4343,1.95,0.0,0.93,405.07,0.0,33755.8
55,0,7,1097.9,0.5075,2.06,0.0,1.08,557.2,0.0,46433.3
55,0,9,1011.39,0.4092,2.07,0.0,0.83,413.81,0.0,34484.21
55,0,10,1068.57,0.458,2.11,0.0,0.93,489.45,0.0,40787.17
55,0,11,945.81,0.4354,1.81,0.0,0.79,411.85,0.0,34320.73
55,0,13,963.09,0.441,1.91,0.0,0.95,424.72,0.0,35392.92
55,0,14,942.2,0.4959,2.18,0.0,1.05,467.21,0.0,38933.76
55,1,0,1075.27,0.5083,1.93,0.0,0.99,546.51,0.0,45542.19
55,1,3,1031.09,0.4927,1.96,0.0,0.9,507.99,0.0,42332.89
55,1,4,1082.91,0.4741,1.98,0.0,0.94,513.4,0.0,42783.32
55,1,6,952.98,0.4924,1.9,0.0,1.02,469.23,0.0,39102.35
55,1,7,1012.27,0.399,1.91,0.0,0.85,403.86,0.0,33655.28
55,1,8,1016.92,0.4541,2.16,0.0,0.86,461.8,0.0,38483.22
55,2,0,979.88,0.4716,1.89,0.0,0.91,462.14,0.0,38511.38
55,2,4,1099.51,0.3982,2.0,0.0,0.76,437.85,0.0,36487.27
55,3,0,918.18,0.4302,1.82,0.0,0.85,395.03,0.0,32918.86
55,3,1,921.93,0.361,2.05,0.0,0.68,332.79,0.0,27732.55
55,3,8,1058.42,0.4303,1.97,0.0,0.92,455.39,0.0,37949.12
55,4,1,912.71,0.456,1.95,0.0,0.86,416.21,0.0,34684.09
55,4,2,1099.22,0.5008,2.01,0.0,1.01,550.49,0.0,45874.28
55,4,5,1094.22,0.5065,2.14,0.0,0.92,554.19,0.0,46182.17
55,4,6,902.3,0.4488,2.09,0.0,0.94,404.94,0.0,33744.9
55,4,12,1036.34,0.4363,2.01,0.0,0.8,452.18,0.0,37681.52
55,4,13,953.37,0.5257,2.06,0.0,0.96,501.17,0.0,41763.78
55,5,0,922.31,0.4603,1.97,0.0,0.93,424.51,0.0,35375.45
55,5,4,990.74,0.4786,2.18,0.0,1.04,474.18,0.0,39514.73
55,5,11,1075.17,0.3524,1.91,0.0,0.72,378.93,0.0,31577.27
55,5,12,1000.12,0.4769,1.87,0.0,1.0,477.0,0.0,39750.23
55,6,1,1082.53,0.5138,2.15,0.0,1.02,556.23,0.0,46352.1
55,6,4,959.69,0.465,2.06,0.0,1.02,446.21,0.0,37184.52
55,6,9,1021.79,0.4452,1.86,0.0,0.84,454.93,0.0,37910.52
55,7,0,1052.5,0.4836,2.02,0.0,0.87,508.95,0.0,42412.7
55,7,1,1055.73,0.4995,2.01,0.0,1.02,527.3,0.0,43941.62
55,8,1,900.11,0.4697,1.93,0.0,0.94,422.82,0.0,35234.9
55,8,3,903.9,0.408,2.17,0.0,0.77,368.75,0.0,30729.19
55,8,10,1075.74,0.5,2.13,0.0,0.92,537.91,0.0,44825.55
55,8,14,961.5,0.4978,1.82,0.0,1.01,478.65,0.0,39887.78
55,9,0,1075.6,0.4046,2.18,0.0,0.77,435.23,0.0,36268.88
55,9,6,917.13,0.3671,1.99,0.0,0.68,336.69,0.0,28057.57
55,10,0,913.84,0.4387,2.1,0.0,0.96,400.86,0.0,33404.87
55,10,8,1053.17,0.5228,1.85,0.0,1.15,550.61,0.0,45884.44
55,11,0,995.06,0.4117,2.02,0.0,0.77,409.68,0.0,34140.04
55,11,5,953.01,0.5105,2.15,0.0,0.92,486.53,0.0,40544.27
55,12,4,984.63,0.4695,1.88,0.0,0.98,462.32,0.0,38527.0
55,12,5,1007.86,0.4679,2.09,0.0,0.93,471.57,0.0,39297.55
55,13,0,940.23,0.4552,1.92,0.0,0.96,427.96,0.0,35662.99
55,13,4,1099.03,0.5074,2.06,0.0,0.92,557.67,0.0,46472.42
55,14,0,987.62,0.4316,2.01,0.0,0.94,426.25,0.0,35521.0
55,14,8,924.2,0.4902,1.89,0.0,1.03,453.01,0.0,37750.46
56,0,1,953.4,0.519,2.17,0.0,1.01,494.81,0.0,41233.9
56,0,2,1029.61,0.53,2.04,0.0,1.13,545.69,0.0,45474.36
56,0,3,934.23,0.4577,2.09,0.0,0.89,427.61,0.0,35633.95
56,0,5,932.68,0.5416,1.95,0.0,0.99,505.18,0.0,42098.42
56,0,7,1097.9,0.4747,2.06,0.0,0.94,521.2,0.0,43433.28
56,0,9,1011.39,0.5381,2.07,0.0,1.13,544.25,0.0,45353.75
56,0,10,1068.57,0.5647,2.11,0.0,1.17,603.45,0.0,50287.48
56,0,11,945.81,0.5408,1.81,0.0,0.99,511.48,0.0,42623.7
56,0,13,963.09,0.4667,1.91,0.0,0.93,449.47,0.0,37455.84
56,0,14,942.2,0.3816,2.18,0.0,0.72,359.53,0.0,29960.56
56,1,0,1075.27,0.4118,1.93,0.0,0.75,442.79,0.0,36899.51
56,1,3,1031.09,0.4125,1.96,0.0,0.9,425.29,0.0,35440.66
56,1,4,1082.91,0.3802,1.98,0.0,0.79,411.72,0.0,34310.35
56,1,6,952.98,0.5615,1.9,0.0,1.09,535.09,0.0,44590.98
56,1,7,1012.27,0.5408,1.91,0.0,1.14,547.43,0.0,45619.42
56,1,8,1016.92,0.3875,2.16,0.0,0.82,394.01,0.0,32833.98
56,2,0,979.88,0.4344,1.89,0.0,0.78,425.63,0.0,35468.95
56,2,4,1099.51,0.5618,2.0,0.0,1.1,617.68,0.0,51473.05
56,3,0,918.18,0.4304,1.82,0.0,0.83,395.19,0.0,32932.87
56,3,1,921.93,0.4625,2.05,0.0,0.84,426.35,0.0,35529.14
56,3,8,1058.42,0.4979,1.97,0.0,1.04,526.97,0.0,43914.38
56,4,1,912.71,0.419,1.95,0.0,0.9,382.44,0.0,31870.34
56,4,2,1099.22,0.4622,2.01,0.0,0.92,508.1,0.0,42341.91
56,4,5,1094.22,0.4721,2.14,0.0,1.01,516.63,0.0,43052.66
56,4,6,902.3,0.5585,2.09,0.0,1.13,503.92,0.0,41993.66
56,4,12,1036.34,0.4219,2.01,0.0,0.83,437.25,0.0,36437.12
56,4,13,953.37,0.418,2.06,0.0,0.85,398.48,0.0,33206.63
56,5,0,922.31,0.4333,1.97,0.0,0.92,399.62,0.0,33301.41
56,5,4,990.74,0.3976,2.18,0.0,0.76,393.97,0.0,32830.58
56,5,11,1075.17,0.3907,1.91,0.0,0.78,420.08,0.0,35007.07
56,5,12,1000.12,0.4141,1.87,0.0,0.77,414.19,0.0,34515.93
56,6,1,1082.53,0.472,2.15,0.0,0.95,510.92,0.0,42576.67
56,6,4,959.69,0.5071,2.06,0.0,1.05,486.69,0.0,40557.18
56,6,9,1021.79,0.5205,1.86,0.0,1.02,531.85,0.0,44320.9
56,7,0,1052.5,0.459,2.02,0.0,0.85,483.13,0.0,40260.8
56,7,1,1055.73,0.4136,2.01,0.0,0.89,436.61,0.0,36383.98
56,8,1,900.11,0.5524,1.93,0.0,1.16,497.19,0.0,41432.43
56,8,3,903.9,0.4867,2.17,0.0,1.04,439.92,0.0,36660.4
56,8,10,1075.74,0.5112,2.13,0.0,0.95,549.89,0.0,45824.18
56,8,14,961.5,0.5627,1.82,0.0,1.24,541.08,0.0,45090.31
56,9,0,1075.6,0.3982,2.18,0.0,0.8,428.3,0.0,35691.51
56,9,6,917.13,0.4598,1.99,0.0,0.86,421.73,0.0,35144.09
56,10,0,913.84,0.5642,2.1,0.0,1.08,515.56,0.0,42962.93
56,10,8,1053.17,0.5016,1.85,0.0,0.92,528.29,0.0,44024.08
56,11,0,995.06,0.4996,2.02,0.0,1.06,497.17,0.0,41430.74
56,11,5,953.01,0.4121,2.15,0.0,0.9,392.78,0.0,32731.4
56,12,4,984.63,0.5017,1.88,0.0,1.09,494.02,0.0,41168.22
56,12,5,1007.86,0.3883,2.09,0.0,0.81,391.34,0.0,32611.68
56,13,0,940.23,0.5625,1.92,0.0,1.13,528.83,0.0,44069.42
56,13,4,1099.03,0.4628,2.06,0.0,0.9,508.58,0.0,42381.99
56,14,0,987.62,0.4306,2.01,0.0,0.89,425.29,0.0,35440.89
56,14,8,924.2,0.5335,1.89,0.0,0.96,493.02,0.0,41084.82
57,0,1,953.4,0.4194,2.17,0.0,0.82,399.84,0.0,33320.05
57,0,2,1029.61,0.5379,2.04,0.0,1.01,553.81,0.0,46151.12
57,0,3,934.23,0.4093,2.09,0.0,0.77,382.4,0.0,31866.46
57,0,5,932.68,0.509,1.95,0.0,0.97,474.72,0.0,39559.95
57,0,7,1097.9,0.5339,2.06,0.0,1.12,586.2,0.0,48850.13
57,0,9,1011.39,0.4777,2.07,0.0,0.91,483.1,0.0,40258.1
57,0,10,1068.57,0.4992,2.11,0.0,0.98,533.41,0.0,44451.18
57,0,11,945.81,0.4922,1.81,0.0,1.02,465.55,0.0,38796.19
57,0,13,963.09,0.5426,1.91,0.0,1.09,522.59,0.0,43549.48
57,0,14,942.2,0.5261,2.18,0.0,1.14,495.7,0.0,41308.61
57,1,0,1075.27,0.39,1.93,0.0,0.78,419.34,0.0,34944.76
57,1,3,1031.09,0.45,1.96,0.0,0.89,464.0,0.0,38666.77
57,1,4,1082.91,0.3906,1.98,0.0,0.8,422.98,0.0,35248.16
57,1,6,952.98,0.5676,1.9,0.0,1.07,540.9,0.0,45074.67
57,1,7,1012.27,0.452,1.91,0.0,0.98,457.52,0.0,38126.49
57,1,8,1016.92,0.4447,2.16,0.0,0.87,452.26,0.0,37688.17
57,2,0,979.88,0.3945,1.89,0.0,0.77,386.6,0.0,32216.85
57,2,4,1099.51,0.3945,2.0,0.0,0.82,433.77,0.0,36147.47
57,3,0,918.18,0.5559,1.82,0.0,1.03,510.4,0.0,42533.51
57,3,1,921.93,0.5047,2.05,0.0,1.04,465.28,0.0,38773.33
57,3,8,1058.42,0.497,1.97,0.0,1.06,526.08,0.0,43839.83
57,4,1,912.71,0.4598,1.95,0.0,0.89,419.66,0.0,34971.79
57,4,2,1099.22,0.541,2.01,0.0,1.18,594.64,0.0,49553.12
57,4,5,1094.22,0.5759,2.14,0.0,1.16,630.21,0.0,52517.1
57,4,6,902.3,0.5105,2.09,0.0,1.08,460.66,0.0,38388.2
57,4,12,1036.34,0.5318,2.01,0.0,1.06,551.15,0.0,45929.56
57,4,13,953.37,0.478,2.06,0.0,0.94,455.71,0.0,37975.76
57,5,0,922.31,0.5145,1.97,0.0,0.98,474.56,0.0,39546.9
57,5,4,990.74,0.4918,2.18,0.0,0.89,487.28,0.0,40606.64
57,5,11,1075.17,0.4584,1.91,0.0,0.86,492.9,0.0,41075.12
57,5,12,1000.12,0.4273,1.87,0.0,0.94,427.35,0.0,35612.38
57,6,1,1082.53,0.3906,2.15,0.0,0.79,422.79,0.0,35232.14
57,6,4,959.69,0.5356,2.06,0.0,1.06,514.0,0.0,42833.01
57,6,9,1021.79,0.3878,1.86,0.0,0.84,396.29,0.0,33024.0
57,7,0,1052.5,0.539,2.02,0.0,1.1,567.26,0.0,47271.33
57,7,1,1055.73,0.4106,2.01,0.0,0.9,433.53,0.0,36127.58
57,8,1,900.11,0.4199,1.93,0.0,0.82,377.93,0.0,31494.33
57,8,3,903.9,0.4819,2.17,0.0,0.91,435.6,0.0,36300.24
57,8,10,1075.74,0.4091,2.13,0.0,0.89,440.09,0.0,36674.0
57,8,14,961.5,0.5687,1.82,0.0,1.06,546.78,0.0,45565.32
57,9,0,1075.6,0.4577,2.18,0.0,0.97,492.3,0.0,41025.36
57,9,6,917.13,0.5174,1.99,0.0,1.05,474.49,0.0,39540.44
57,10,0,913.84,0.4958,2.1,0.0,1.09,453.09,0.0,37757.28
57,10,8,1053.17,0.5146,1.85,0.0,1.12,541.92,0.0,45160.08
57,11,0,995.06,0.5605,2.02,0.0,1.16,557.71,0.0,46475.79
57,11,5,953.01,0.4509,2.15,0.0,0.82,429.73,0.0,35810.55
57,12,4,984.63,0.5516,1.88,0.0,1.0,543.12,0.0,45260.14
57,12,5,1007.86,0.5082,2.09,0.0,1.01,512.24,0.0,42686.93
57,13,0,940.23,0.5421,1.92,0.0,1.15,509.7,0.0,42475.0
57,13,4,1099.03,0.4848,2.06,0.0,0.89,532.8,0.0,44400.24
57,14,0,987.62,0.4845,2.01,0.0,0.95,478.46,0.0,39871.79
57,14,8,924.2,0.503,1.89,0.0,0.92,464.86,0.0,38738.04
58,0,1,953.4,0.4742,2.17,0.0,0.88,452.11,0.0,37676.21
58,0,2,1029.61,0.4279,2.04,0.0,0.85,440.61,0.0,36717.52
58,0,3,934.23,0.3532,2.09,0.0,0.74,330.0,0.0,27500.02
58,0,5,932.68,0.4661,1.95,0.0,0.97,434.7,0.0,36224.7
58,0,7,1097.9,0.3832,2.06,0.0,0.8,420.66,0.0,35055.31
58,0,9,1011.39,0.4327,2.07,0.0,0.85,437.58,0.0,36465.01
58,0,10,1068.57,0.4387,2.11,0.0,0.93,468.78,0.0,39064.99
58,0,11,945.81,0.3907,1.81,0.0,0.79,369.55,0.0,30796.03
58,0,13,963.09,0.5114,1.91,0.0,0.94,492.57,0.0,41047.67
58,0,14,942.2,0.4426,2.18,0.0,0.88,417.05,0.0,34754.44
58,1,0,1075.27,0.514,1.93,0.0,0.94,552.71,0.0,46058.93
58,1,3,1031.09,0.3503,1.96,0.0,0.76,361.23,0.0,30102.15
58,1,4,1082.91,0.5015,1.98,0.0,1.09,543.06,0.0,45254.63
58,1,6,952.98,0.4921,1.9,0.0,0.95,468.93,0.0,39077.7
58,1,7,1012.27,0.3883,1.91,0.0,0.75,393.03,0.0,32752.19
58,1,8,1016.92,0.4113,2.16,0.0,0.87,418.27,0.0,34856.05
58,2,0,979.88,0.4854,1.89,0.0,0.91,475.59,0.0,39632.79
58,2,4,1099.51,0.3598,2.0,0.0,0.67,395.56,0.0,32963.42
58,3,0,918.18,0.433,1.82,0.0,0.81,397.53,0.0,33127.52
58,3,1,921.93,0.3939,2.05,0.0,0.76,363.13,0.0,30260.89
58,3,8,1058.42,0.3638,1.97,0.0,0.75,385.01,0.0,32084.37
58,4,1,912.71,0.4193,1.95,0.0,0.92,382.72,0.0,31893.18
58,4,2,1099.22,0.367,2.01,0.0,0.69,403.36,0.0,33613.64
58,4,5,1094.22,0.3808,2.14,0.0,0.83,416.69,0.0,34724.1
58,4,6,902.3,0.3719,2.09,0.0,0.75,335.61,0.0,27967.48
58,4,12,1036.34,0.4556,2.01,0.0,0.98,472.17,0.0,39347.87
58,4,13,953.37,0.4079,2.06,0.0,0.87,388.84,0.0,32403.33
58,5,0,922.31,0.4405,1.97,0.0,0.82,406.23,0.0,33852.87
58,5,4,990.74,0.5084,2.18,0.0,1.05,503.74,0.0,41978.15
58,5,11,1075.17,0.511,1.91,0.0,0.95,549.4,0.0,45783.33
58,5,12,1000.12,0.372,1.87,0.0,0.67,372.03,0.0,31002.11
58,6,1,1082.53,0.5089,2.15,0.0,1.0,550.86,0.0,45905.34
58,6,4,959.69,0.4454,2.06,0.0,0.94,427.43,0.0,35618.84
58,6,9,1021.79,0.3511,1.86,0.0,0.71,358.7,0.0,29891.92
58,7,0,1052.5,0.4353,2.02,0.0,0.82,458.15,0.0,38179.57
58,7,1,1055.73,0.4795,2.01,0.0,1.02,506.17,0.0,42181.05
58,8,1,900.11,0.3666,1.93,0.0,0.79,329.97,0.0,27497.47
58,8,3,903.9,0.3788,2.17,0.0,0.72,342.39,0.0,28532.15
58,8,10,1075.74,0.4888,2.13,0.0,0.97,525.86,0.0,43821.84
58,8,14,961.5,0.4025,1.82,0.0,0.83,387.04,0.0,32253.46
58,9,0,1075.6,0.4829,2.18,0.0,1.04,519.37,0.0,43280.9
58,9,6,917.13,0.5094,1.99,0.0,0.94,467.15,0.0,38929.46
58,10,0,913.84,0.4993,2.1,0.0,1.01,456.26,0.0,38021.79
58,10,8,1053.17,0.4924,1.85,0.0,1.08,518.63,0.0,43218.9
58,11,0,995.06,0.5078,2.02,0.0,1.04,505.26,0.0,42105.08
58,11,5,953.01,0.4179,2.15,0.0,0.87,398.29,0.0,33190.5
58,12,4,984.63,0.4789,1.88,0.0,1.01,471.57,0.0,39297.46
58,12,5,1007.86,0.3663,2.09,0.0,0.73,369.13,0.0,30761.0
58,13,0,940.23,0.4338,1.92,0.0,0.83,407.92,0.0,33993.06
58,13,4,1099.03,0.4359,2.06,0.0,0.89,479.04,0.0,39919.63
58,14,0,987.62,0.465,2.01,0.0,0.94,459.25,0.0,38270.65
58,14,8,924.2,0.365,1.89,0.0,0.71,337.35,0.0,28112.16
59,0,1,953.4,0.5292,2.17,0.0,1.08,504.54,0.0,42044.84
59,0,2,1029.61,0.5189,2.04,0.0,0.97,534.22,0.0,44518.73
59,0,3,934.23,0.5813,2.09,0.0,1.27,543.05,0.0,45254.18
59,0,5,932.68,0.4733,1.95,0.0,1.03,441.45,0.0,36787.91
59,0,7,1097.9,0.5925,2.06,0.0,1.18,650.46,0.0,54205.25
59,0,9,1011.39,0.5893,2.07,0.0,1.22,595.99,0.0,49666.24
59,0,10,1068.57,0.5104,2.11,0.0,0.96,545.37,0.0,45447.54
59,0,11,945.81,0.5523,1.81,0.0,1.04,522.4,0.0,43533.47
59,0,13,963.09,0.4718,1.91,0.0,0.9,454.36,0.0,37863.04
59,0,14,942.2,0.4539,2.18,0.0,0.94,427.68,0.0,35639.85
59,1,0,1075.27,0.4918,1.93,0.0,0.93,528.84,0.0,44069.92
59,1,3,1031.09,0.4814,1.96,0.0,1.05,496.37,0.0,41364.49
59,1,4,1082.91,0.6126,1.98,0.0,1.12,663.4,0.0,55283.36
59,1,6,952.98,0.4839,1.9,0.0,0.91,461.19,0.0,38432.55
59,1,7,1012.27,0.5597,1.91,0.0,1.03,566.59,0.0,47215.77
59,1,8,1016.92,0.6174,2.16,0.0,1.3,627.84,0.0,52320.27
59,2,0,979.88,0.5189,1.89,0.0,1.01,508.43,0.0,42368.83
59,2,4,1099.51,0.4802,2.0,0.0,0.96,528.02,0.0,44001.56
59,3,0,918.18,0.5998,1.82,0.0,1.16,550.71,0.0,45892.09
59,3,1,921.93,0.5047,2.05,0.0,1.04,465.32,0.0,38776.81
59,3,8,1058.42,0.4677,1.97,0.0,0.92,495.07,0.0,41255.47
59,4,1,912.71,0.4415,1.95,0.0,0.83,402.99,0.0,33582.85
59,4,2,1099.22,0.5083,2.01,0.0,1.0,558.77,0.0,46564.02
59,4,5,1094.22,0.5748,2.14,0.0,1.1,628.98,0.0,52415.32
59,4,6,902.3,0.5781,2.09,0.0,1.07,521.65,0.0,43470.68
59,4,12,1036.34,0.604,2.01,0.0,1.29,625.99,0.0,52165.65
59,4,13,953.37,0.4659,2.06,0.0,0.97,444.17,0.0,37013.93
59,5,0,922.31,0.5064,1.97,0.0,1.05,467.1,0.0,38924.99
59,5,4,990.74,0.4355,2.18,0.0,0.94,431.5,0.0,35958.2
59,5,11,1075.17,0.5846,1.91,0.0,1.14,628.59,0.0,52382.62
59,5,12,1000.12,0.4833,1.87,0.0,0.94,483.32,0.0,40277.01
59,6,1,1082.53,0.4347,2.15,0.0,0.86,470.6,0.0,39216.33
59,6,4,959.69,0.4775,2.06,0.0,0.94,458.2,0.0,38183.74
59,6,9,1021.79,0.5648,1.86,0.0,1.17,577.06,0.0,48088.13
59,7,0,1052.5,0.4549,2.02,0.0,0.82,478.75,0.0,39895.53
59,7,1,1055.73,0.6021,2.01,0.0,1.2,635.65,0.0,52970.46
59,8,1,900.11,0.5074,1.93,0.0,1.02,456.68,0.0,38056.84
59,8,3,903.9,0.4674,2.17,0.0,0.91,422.49,0.0,35207.38
59,8,10,1075.74,0.5003,2.13,0.0,0.9,538.19,0.0,44848.92
59,8,14,961.5,0.4313,1.82,0.0,0.9,414.7,0.0,34558.52
59,9,0,1075.6,0.539,2.18,0.0,0.97,579.8,0.0,48316.5
59,9,6,917.13,0.4646,1.99,0.0,0.94,426.1,0.0,35507.99
59,10,0,913.84,0.5148,2.1,0.0,0.96,470.46,0.0,39204.8
59,10,8,1053.17,0.5591,1.85,0.0,1.01,588.87,0.0,49072.61
59,11,0,995.06,0.4543,2.02,0.0,0.85,452.09,0.0,37673.92
59,11,5,953.01,0.6157,2.15,0.0,1.12,586.82,0.0,48901.32
59,12,4,984.63,0.4375,1.88,0.0,0.81,430.82,0.0,35901.74
59,12,5,1007.86,0.4145,2.09,0.0,0.86,417.8,0.0,34816.34
59,13,0,940.23,0.5814,1.92,0.0,1.22,546.64,0.0,45553.25
59,13,4,1099.03,0.5391,2.06,0.0,1.05,592.46,0.0,49371.75
59,14,0,987.62,0.6012,2.01,0.0,1.24,593.78,0.0,49482.04
59,14,8,924.2,0.4184,1.89,0.0,0.83,386.7,0.0,32225.19
60,0,1,953.4,0.4867,2.17,0.0,0.9,464.06,0.0,38671.43
60,0,2,1029.61,0.5088,2.04,0.0,1.04,523.84,0.0,43653.33
60,0,3,934.23,0.355,2.09,0.0,0.66,331.66,0.0,27638.58
60,0,5,932.68,0.4796,1.95,0.0,1.0,447.27,0.0,37272.4
60,0,7,1097.9,0.4854,2.06,0.0,0.99,532.91,0.0,44408.84
60,0,9,1011.39,0.377,2.07,0.0,0.74,381.27,0.0,31772.47
60,0,10,1068.57,0.3703,2.11,0.0,0.76,395.66,0.0,32971.47
60,0,11,945.81,0.4402,1.81,0.0,0.89,416.37,0.0,34697.89
60,0,13,963.09,0.3909,1.91,0.0,0.71,376.48,0.0,31372.95
60,0,14,942.2,0.465,2.18,0.0,0.94,438.12,0.0,36510.29
60,1,0,1075.27,0.4053,1.93,0.0,0.83,435.85,0.0,36320.99
60,1,3,1031.09,0.5145,1.96,0.0,1.03,530.45,0.0,44204.52
60,1,4,1082.91,0.3861,1.98,0.0,0.83,418.06,0.0,34838.18
60,1,6,952.98,0.4941,1.9,0.0,1.03,470.87,0.0,39239.55
60,1,7,1012.27,0.4575,1.91,0.0,0.89,463.1,0.0,38591.7
60,1,8,1016.92,0.5102,2.16,0.0,0.96,518.84,0.0,43236.67
60,2,0,979.88,0.4838,1.89,0.0,0.9,474.03,0.0,39502.84
60,2,4,1099.51,0.437,2.0,0.0,0.93,480.46,0.0,40038.65
60,3,0,918.18,0.3736,1.82,0.0,0.78,343.05,0.0,28587.15
60,3,1,921.93,0.4592,2.05,0.0,0.94,423.33,0.0,35277.64
60,3,8,1058.42,0.4224,1.97,0.0,0.83,447.03,0.0,37252.62
60,4,1,912.71,0.3901,1.95,0.0,0.78,356.04,0.0,29669.69
60,4,2,1099.22,0.4145,2.01,0.0,0.78,455.66,0.0,37971.86
60,4,5,1094.22,0.4579,2.14,0.0,0.92,501.08,0.0,41756.91
60,4,6,902.3,0.4459,2.09,0.0,0.83,402.38,0.0,33531.66
60,4,12,1036.34,0.442,2.01,0.0,0.91,458.03,0.0,38168.79
60,4,13,953.37,0.5044,2.06,0.0,1.04,480.89,0.0,40074.48
60,5,0,922.31,0.4638,1.97,0.0,0.96,427.77,0.0,35647.28
60,5,4,990.74,0.4433,2.18,0.0,0.84,439.18,0.0,36598.66
60,5,11,1075.17,0.4818,1.91,0.0,0.89,518.07,0.0,43172.1
60,5,12,1000.12,0.5001,1.87,0.0,0.97,500.16,0.0,41680.21
60,6,1,1082.53,0.3621,2.15,0.0,0.75,391.97,0.0,32663.86
60,6,4,959.69,0.4135,2.06,0.0,0.83,396.87,0.0,33072.34
60,6,9,1021.79,0.4335,1.86,0.0,0.91,443.0,0.0,36916.34
60,7,0,1052.5,0.393,2.02,0.0,0.78,413.59,0.0,34466.1
60,7,1,1055.73,0.4345,2.01,0.0,0.85,458.7,0.0,38224.92
60,8,1,900.11,0.5116,1.93,0.0,1.11,460.48,0.0,38373.64
60,8,3,903.9,0.4292,2.17,0.0,0.8,387.94,0.0,32328.51
60,8,10,1075.74,0.4061,2.13,0.0,0.76,436.81,0.0,36400.44
60,8,14,961.5,0.3834,1.82,0.0,0.78,368.6,0.0,30716.3
60,9,0,1075.6,0.3443,2.18,0.0,0.71,370.38,0.0,30864.89
60,9,6,917.13,0.4802,1.99,0.0,0.95,440.41,0.0,36700.8
60,10,0,913.84,0.3533,2.1,0.0,0.71,322.83,0.0,26902.31
60,10,8,1053.17,0.3693,1.85,0.0,0.73,388.92,0.0,32410.14
60,11,0,995.06,0.3479,2.02,0.0,0.72,346.2,0.0,28849.79
60,11,5,953.01,0.3592,2.15,0.0,0.77,342.29,0.0,28524.47
60,12,4,984.63,0.4821,1.88,0.0,1.03,474.71,0.0,39558.87
60,12,5,1007.86,0.3492,2.09,0.0,0.72,351.95,0.0,29328.91
60,13,0,940.23,0.3698,1.92,0.0,0.74,347.74,0.0,28978.16
60,13,4,1099.03,0.4231,2.06,0.0,0.92,465.0,0.0,38749.87
60,14,0,987.62,0.3783,2.01,0.0,0.75,373.65,0.0,31137.43
60,14,8,924.2,0.4781,1.89,0.0,0.98,441.85,0.0,36820.96
61,0,1,953.4,0.5157,2.17,0.0,1.13,491.64,0.0,40970.3
61,0,2,1029.61,0.4768,2.04,0.0,0.95,490.96,0.0,40913.6
61,0,3,934.23,0.5646,2.09,0.0,1.18,527.46,0.0,43954.79
61,0,5,932.68,0.541,1.95,0.0,1.13,504.55,0.0,42045.7
61,0,7,1097.9,0.6744,2.06,0.0,1.27,740.45,0.0,61704.24
61,0,9,1011.39,0.5997,2.07,0.0,1.1,606.52,0.0,50542.92
61,0,10,1068.57,0.5004,2.11,0.0,1.02,534.73,0.0,44561.25
61,0,11,945.81,0.6585,1.81,0.0,1.22,622.78,0.0,51898.51
61,0,13,963.09,0.5421,1.91,0.0,1.06,522.09,0.0,43507.72
61,0,14,942.2,0.6254,2.18,0.0,1.35,589.23,0.0,49102.55
61,1,0,1075.27,0.6646,1.93,0.0,1.43,714.6,0.0,59550.08
61,1,3,1031.09,0.4875,1.96,0.0,0.9,502.68,0.0,41889.89
61,1,4,1082.91,0.4909,1.98,0.0,0.9,531.56,0.0,44296.72
61,1,6,952.98,0.5916,1.9,0.0,1.12,563.8,0.0,46983.36
61,1,7,1012.27,0.6355,1.91,0.0,1.35,643.27,0.0,53606.21
61,1,8,1016.92,0.6581,2.16,0.0,1.19,669.19,0.0,55765.98
61,2,0,979.88,0.5077,1.89,0.0,0.96,497.44,0.0,41453.3
61,2,4,1099.51,0.715,2.0,0.0,1.32,786.1,0.0,65508.62
61,3,0,918.18,0.5957,1.82,0.0,1.1,546.96,0.0,45579.61
61,3,1,921.93,0.4934,2.05,0.0,0.99,454.85,0.0,37903.75
61,3,8,1058.42,0.6845,1.97,0.0,1.28,724.46,0.0,60371.53
61,4,1,912.71,0.4911,1.95,0.0,0.96,448.2,0.0,37350.32
61,4,2,1099.22,0.6817,2.01,0.0,1.43,749.37,0.0,62447.65
61,4,5,1094.22,0.526,2.14,0.0,1.1,575.6,0.0,47967.08
61,4,6,902.3,0.5402,2.09,0.0,1.06,487.44,0.0,40619.62
61,4,12,1036.34,0.6509,2.01,0.0,1.38,674.53,0.0,56210.91
61,4,13,953.37,0.4773,2.06,0.0,0.97,455.07,0.0,37922.5
61,5,0,922.31,0.5548,1.97,0.0,1.18,511.69,0.0,42640.75
61,5,4,990.74,0.5497,2.18,0.0,1.04,544.59,0.0,45382.38
61,5,11,1075.17,0.4897,1.91,0.0,0.95,526.51,0.0,43876.17
61,5,12,1000.12,0.7112,1.87,0.0,1.45,711.33,0.0,59277.77
61,6,1,1082.53,0.5529,2.15,0.0,1.2,598.5,0.0,49874.84
61,6,4,959.69,0.7128,2.06,0.0,1.46,684.07,0.0,57005.63
61,6,9,1021.79,0.5861,1.86,0.0,1.17,598.85,0.0,49904.16
61,7,0,1052.5,0.4927,2.02,0.0,0.94,518.52,0.0,43209.93
61,7,1,1055.73,0.5996,2.01,0.0,1.15,633.01,0.0,52750.68
61,8,1,900.11,0.679,1.93,0.0,1.28,611.14,0.0,50928.69
61,8,3,903.9,0.6214,2.17,0.0,1.36,561.72,0.0,46810.16
61,8,10,1075.74,0.5342,2.13,0.0,1.15,574.71,0.0,47892.75
61,8,14,961.5,0.5293,1.82,0.0,1.14,508.93,0.0,42410.77
61,9,0,1075.6,0.4794,2.18,0.0,0.96,515.62,0.0,42968.24
61,9,6,917.13,0.6689,1.99,0.0,1.39,613.42,0.0,51118.67
61,10,0,913.84,0.4899,2.1,0.0,0.94,447.72,0.0,37310.09
61,10,8,1053.17,0.5855,1.85,0.0,1.17,616.59,0.0,51382.31
61,11,0,995.06,0.5677,2.02,0.0,1.05,564.86,0.0,47071.88
61,11,5,953.01,0.704,2.15,0.0,1.39,670.91,0.0,55909.39
61,12,4,984.63,0.6115,1.88,0.0,1.16,602.12,0.0,50176.44
61,12,5,1007.86,0.6257,2.09,0.0,1.15,630.63,0.0,52552.28
61,13,0,940.23,0.671,1.92,0.0,1.45,630.9,0.0,52575.37
61,13,4,1099.03,0.6759,2.06,0.0,1.24,742.83,0.0,61902.83
61,14,0,987.62,0.5506,2.01,0.0,1.17,543.75,0.0,45312.63
61,14,8,924.2,0.4937,1.89,0.0,1.03,456.27,0.0,38022.19
62,0,1,953.4,0.5174,2.17,0.0,1.13,493.32,0.0,41109.63
62,0,2,1029.61,0.6354,2.04,0.0,1.37,654.18,0.0,54514.89
62,0,3,934.23,0.6036,2.09,0.0,1.26,563.94,0.0,46994.68
62,0,5,932.68,0.6464,1.95,0.0,1.22,602.93,0.0,50243.99
62,0,7,1097.9,0.698,2.06,0.0,1.35,766.36,0.0,63863.41
62,0,9,1011.39,0.6151,2.07,0.0,1.28,622.14,0.0,51844.86
62,0,10,1068.57,0.5997,2.11,0.0,1.27,640.82,0.0,53401.89
62,0,11,945.81,0.5029,1.81,0.0,0.91,475.61,0.0,39634.49
62,0,13,963.09,0.6707,1.91,0.0,1.25,645.94,0.0,53828.29
62,0,14,942.2,0.5476,2.18,0.0,1.18,515.91,0.0,42992.09
62,1,0,1075.27,0.5166,1.93,0.0,0.95,555.51,0.0,46292.2
62,1,3,1031.09,0.697,1.96,0.0,1.44,718.64,0.0,59887.07
62,1,4,1082.91,0.4998,1.98,0.0,0.97,541.24,0.0,45103.4
62,1,6,952.98,0.5509,1.9,0.0,1.13,525.02,0.0,43751.47
62,1,7,1012.27,0.6524,1.91,0.0,1.4,660.43,0.0,55036.19
62,1,8,1016.92,0.5999,2.16,0.0,1.22,610.09,0.0,50840.47
62,2,0,979.88,0.5508,1.89,0.0,1.08,539.77,0.0,44980.54
62,2,4,1099.51,0.625,2.0,0.0,1.21,687.23,0.0,57269.06
62,3,0,918.18,0.5719,1.82,0.0,1.17,525.12,0.0,43760.04
62,3,1,921.93,0.5423,2.05,0.0,1.11,499.97,0.0,41664.57
62,3,8,1058.42,0.6894,1.97,0.0,1.35,729.65,0.0,60803.8
62,4,1,912.71,0.4931,1.95,0.0,0.98,450.03,0.0,37502.7
62,4,2,1099.22,0.5234,2.01,0.0,1.05,575.31,0.0,47942.46
62,4,5,1094.22,0.6743,2.14,0.0,1.28,737.84,0.0,61486.61
62,4,6,902.3,0.6938,2.09,0.0,1.3,625.98,0.0,52165.13
62,4,12,1036.34,0.6321,2.01,0.0,1.28,655.07,0.0,54589.13
62,4,13,953.37,0.571,2.06,0.0,1.05,544.39,0.0,45365.72
62,5,0,922.31,0.492,1.97,0.0,1.0,453.77,0.0,37814.18
62,5,4,990.74,0.4949,2.18,0.0,1.05,490.36,0.0,40863.0
62,5,11,1075.17,0.6437,1.91,0.0,1.37,692.1,0.0,57674.79
62,5,12,1000.12,0.5932,1.87,0.0,1.13,593.26,0.0,49438.45
62,6,1,1082.53,0.4972,2.15,0.0,0.98,538.27,0.0,44856.24
62,6,4,959.69,0.5557,2.06,0.0,1.21,533.29,0.0,44440.9
62,6,9,1021.79,0.6387,1.86,0.0,1.24,652.59,0.0,54382.86
62,7,0,1052.5,0.6709,2.02,0.0,1.47,706.07,0.0,58839.29
62,7,1,1055.73,0.5067,2.01,0.0,0.95,534.89,0.0,44574.18
62,8,1,900.11,0.6738,1.93,0.0,1.44,606.51,0.0,50542.63
62,8,3,903.9,0.5588,2.17,0.0,1.02,505.14,0.0,42094.81
62,8,10,1075.74,0.6922,2.13,0.0,1.43,744.59,0.0,62049.25
62,8,14,961.5,0.5939,1.82,0.0,1.26,571.07,0.0,47589.33
62,9,0,1075.6,0.6304,2.18,0.0,1.27,678.05,0.0,56504.4
62,9,6,917.13,0.5509,1.99,0.0,1.13,505.22,0.0,42101.39
62,10,0,913.84,0.6632,2.1,0.0,1.44,606.06,0.0,50504.69
62,10,8,1053.17,0.6836,1.85,0.0,1.5,719.99,0.0,59999.55
62,11,0,995.06,0.6962,2.02,0.0,1.3,692.8,0.0,57733.34
62,11,5,953.01,0.6349,2.15,0.0,1.28,605.08,0.0,50423.21
62,12,4,984.63,0.5774,1.88,0.0,1.05,568.51,0.0,47375.69
62,12,5,1007.86,0.6396,2.09,0.0,1.25,644.67,0.0,53722.56
62,13,0,940.23,0.5477,1.92,0.0,1.02,514.93,0.0,42911.23
62,13,4,1099.03,0.6252,2.06,0.0,1.17,687.15,0.0,57262.71
62,14,0,987.62,0.4739,2.01,0.0,0.97,468.06,0.0,39004.89
62,14,8,924.2,0.6646,1.89,0.0,1.22,614.19,0.0,51182.9
63,0,1,953.4,0.6643,2.17,0.0,1.43,633.34,0.0,52778.22
63,0,2,1029.61,0.6792,2.04,0.0,1.32,699.28,0.0,58273.13
63,0,3,934.23,0.4686,2.09,0.0,0.99,437.83,0.0,36485.42
63,0,5,932.68,0.5026,1.95,0.0,1.1,468.81,0.0,39067.29
63,0,7,1097.9,0.6802,2.06,0.0,1.31,746.8,0.0,62233.04
63,0,9,1011.39,0.4926,2.07,0.0,1.04,498.25,0.0,41520.83
63,0,10,1068.57,0.566,2.11,0.0,1.09,604.83,0.0,50402.87
63,0,11,945.81,0.6892,1.81,0.0,1.29,651.86,0.0,54321.84
63,0,13,963.09,0.5801,1.91,0.0,1.12,558.65,0.0,46554.57
63,0,14,942.2,0.667,2.18,0.0,1.4,628.47,0.0,52372.37
63,1,0,1075.27,0.6833,1.93,0.0,1.27,734.71,0.0,61225.97
63,1,3,1031.09,0.625,1.96,0.0,1.29,644.44,0.0,53703.14
63,1,4,1082.91,0.635,1.98,0.0,1.23,687.6,0.0,57300.41
63,1,6,952.98,0.4811,1.9,0.0,0.9,458.44,0.0,38203.01
63,1,7,1012.27,0.5661,1.91,0.0,1.12,573.09,0.0,47757.77
63,1,8,1016.92,0.495,2.16,0.0,0.97,503.36,0.0,41946.64
63,2,0,979.88,0.6113,1.89,0.0,1.21,599.04,0.0,49920.15
63,2,4,1099.51,0.4809,2.0,0.0,1.04,528.72,0.0,44060.31
63,3,0,918.18,0.5567,1.82,0.0,1.21,511.18,0.0,42597.95
63,3,1,921.93,0.6368,2.05,0.0,1.2,587.11,0.0,48925.8
63,3,8,1058.42,0.6527,1.97,0.0,1.43,690.85,0.0,57571.0
63,4,1,912.71,0.643,1.95,0.0,1.31,586.89,0.0,48907.45
63,4,2,1099.22,0.5454,2.01,0.0,1.19,599.52,0.0,49960.3
63,4,5,1094.22,0.4855,2.14,0.0,1.03,531.25,0.0,44270.78
63,4,6,902.3,0.516,2.09,0.0,1.04,465.58,0.0,38798.54
63,4,12,1036.34,0.5655,2.01,0.0,1.07,586.05,0.0,48837.36
63,4,13,953.37,0.5983,2.06,0.0,1.3,570.45,0.0,47537.39
63,5,0,922.31,0.4917,1.97,0.0,1.08,453.5,0.0,37791.8
63,5,4,990.74,0.6314,2.18,0.0,1.29,625.52,0.0,52126.84
63,5,11,1075.17,0.4704,1.91,0.0,0.87,505.75,0.0,42146.18
63,5,12,1000.12,0.6646,1.87,0.0,1.42,664.67,0.0,55389.35
63,6,1,1082.53,0.6086,2.15,0.0,1.28,658.79,0.0,54898.82
63,6,4,959.69,0.6226,2.06,0.0,1.34,597.49,0.0,49790.54
63,6,9,1021.79,0.6809,1.86,0.0,1.49,695.7,0.0,57974.72
63,7,0,1052.5,0.4805,2.02,0.0,1.05,505.71,0.0,42142.36
63,7,1,1055.73,0.4943,2.01,0.0,1.04,521.81,0.0,43484.01
63,8,1,900.11,0.4912,1.93,0.0,0.96,442.15,0.0,36845.97
63,8,3,903.9,0.5944,2.17,0.0,1.2,537.28,0.0,44773.04
63,8,10,1075.74,0.6668,2.13,0.0,1.33,717.32,0.0,59776.54
63,8,14,961.5,0.5847,1.82,0.0,1.23,562.18,0.0,46848.47
63,9,0,1075.6,0.6515,2.18,0.0,1.34,700.72,0.0,58393.5
63,9,6,917.13,0.5946,1.99,0.0,1.27,545.34,0.0,45444.62
63,10,0,913.84,0.4775,2.1,0.0,0.96,436.33,0.0,36360.42
63,10,8,1053.17,0.6306,1.85,0.0,1.28,664.1,0.0,55342.0
63,11,0,995.06,0.4871,2.02,0.0,1.06,484.74,0.0,40395.27
63,11,5,953.01,0.4983,2.15,0.0,1.05,474.92,0.0,39577.06
63,12,4,984.63,0.5589,1.88,0.0,1.21,550.3,0.0,45858.71
63,12,5,1007.86,0.4653,2.09,0.0,0.97,468.96,0.0,39080.2
63,13,0,940.23,0.5336,1.92,0.0,0.99,501.69,0.0,41807.38
63,13,4,1099.03,0.6252,2.06,0.0,1.23,687.1,0.0,57258.26
63,14,0,987.62,0.4846,2.01,0.0,0.93,478.61,0.0,39884.29
63,14,8,924.2,0.6248,1.89,0.0,1.19,577.47,0.0,48122.46
64,0,1,953.4,0.5062,2.17,0.0,1.05,482.57,0.0,40214.39
64,0,2,1029.61,0.5939,2.04,0.0,1.28,611.48,0.0,50956.78
64,0,3,934.23,0.551,2.09,0.0,1.0,514.78,0.0,42898.31
64,0,5,932.68,0.4946,1.95,0.0,1.08,461.26,0.0,38438.38
64,0,7,1097.9,0.5481,2.06,0.0,1.17,601.77,0.0,50147.25
64,0,9,1011.39,0.5932,2.07,0.0,1.08,599.92,0.0,49993.55
64,0,10,1068.57,0.6332,2.11,0.0,1.34,676.57,0.0,56380.74
64,0,11,945.81,0.5205,1.81,0.0,1.1,492.33,0.0,41027.73
64,0,13,963.09,0.5204,1.91,0.0,0.98,501.19,0.0,41765.51
64,0,14,942.2,0.492,2.18,0.0,1.08,463.59,0.0,38632.18
64,1,0,1075.27,0.6175,1.93,0.0,1.2,663.97,0.0,55330.65
64,1,3,1031.09,0.5812,1.96,0.0,1.15,599.3,0.0,49941.34
64,1,4,1082.91,0.4587,1.98,0.0,0.95,496.77,0.0,41397.77
64,1,6,952.98,0.4564,1.9,0.0,0.95,434.99,0.0,36248.85
64,1,7,1012.27,0.4423,1.91,0.0,0.93,447.7,0.0,37308.42
64,1,8,1016.92,0.4468,2.16,0.0,0.85,454.33,0.0,37860.52
64,2,0,979.88,0.5781,1.89,0.0,1.15,566.45,0.0,47204.01
64,2,4,1099.51,0.5093,2.0,0.0,0.94,559.95,0.0,46662.63
64,3,0,918.18,0.5712,1.82,0.0,1.09,524.46,0.0,43704.86
64,3,1,921.93,0.5194,2.05,0.0,1.04,478.87,0.0,39906.21
64,3,8,1058.42,0.6401,1.97,0.0,1.17,677.5,0.0,56458.26
64,4,1,912.71,0.4861,1.95,0.0,0.94,443.63,0.0,36969.48
64,4,2,1099.22,0.5778,2.01,0.0,1.23,635.08,0.0,52923.53
64,4,5,1094.22,0.5796,2.14,0.0,1.08,634.22,0.0,52851.87
64,4,6,902.3,0.5527,2.09,0.0,1.09,498.67,0.0,41555.59
64,4,12,1036.34,0.4667,2.01,0.0,0.85,483.65,0.0,40304.34
64,4,13,953.37,0.5624,2.06,0.0,1.18,536.16,0.0,44679.77
64,5,0,922.31,0.6184,1.97,0.0,1.14,570.32,0.0,47526.8
64,5,4,990.74,0.6374,2.18,0.0,1.19,631.48,0.0,52623.22
64,5,11,1075.17,0.4654,1.91,0.0,0.98,500.38,0.0,41698.56
64,5,12,1000.12,0.6294,1.87,0.0,1.24,629.45,0.0,52453.75
64,6,1,1082.53,0.6178,2.15,0.0,1.25,668.82,0.0,55734.7
64,6,4,959.69,0.5972,2.06,0.0,1.22,573.14,0.0,47761.34
64,6,9,1021.79,0.4541,1.86,0.0,0.91,464.02,0.0,38667.95
64,7,0,1052.5,0.4555,2.02,0.0,0.9,479.44,0.0,39952.94
64,7,1,1055.73,0.5948,2.01,0.0,1.11,627.92,0.0,52326.52
64,8,1,900.11,0.5045,1.93,0.0,0.94,454.13,0.0,37844.19
64,8,3,903.9,0.5291,2.17,0.0,1.0,478.24,0.0,39853.53
64,8,10,1075.74,0.474,2.13,0.0,0.9,509.93,0.0,42493.92
64,8,14,961.5,0.5538,1.82,0.0,1.07,532.52,0.0,44376.89
64,9,0,1075.6,0.4387,2.18,0.0,0.95,471.92,0.0,39326.47
64,9,6,917.13,0.4875,1.99,0.0,0.92,447.12,0.0,37260.29
64,10,0,913.84,0.476,2.1,0.0,0.88,434.96,0.0,36246.64
64,10,8,1053.17,0.4694,1.85,0.0,0.9,494.38,0.0,41198.65
64,11,0,995.06,0.6464,2.02,0.0,1.2,643.16,0.0,53597.04
64,11,5,953.01,0.6233,2.15,0.0,1.33,593.97,0.0,49497.43
64,12,4,984.63,0.4707,1.88,0.0,1.03,463.45,0.0,38621.22
64,12,5,1007.86,0.5122,2.09,0.0,1.08,516.2,0.0,43017.04
64,13,0,940.23,0.6212,1.92,0.0,1.36,584.06,0.0,48671.74
64,13,4,1099.03,0.5965,2.06,0.0,1.2,655.56,0.0,54630.06
64,14,0,987.62,0.479,2.01,0.0,0.95,473.04,0.0,39419.83
64,14,8,924.2,0.5552,1.89,0.0,1.08,513.09,0.0,42757.83
65,0,1,953.4,0.53,2.17,0.0,1.01,505.34,0.0,42111.78
65,0,2,1029.61,0.4655,2.04,0.0,0.95,479.25,0.0,39937.34
65,0,3,934.23,0.5344,2.09,0.0,1.17,499.23,0.0,41602.15
65,0,5,932.68,0.4915,1.95,0.0,1.01,458.41,0.0,38201.0
65,0,7,1097.9,0.4739,2.06,0.0,0.94,520.28,0.0,43356.71
65,0,9,1011.39,0.4398,2.07,0.0,0.85,444.78,0.0,37064.98
65,0,10,1068.57,0.3756,2.11,0.0,0.7,401.31,0.0,33442.7
65,0,11,945.81,0.4406,1.81,0.0,0.97,416.76,0.0,34730.23
65,0,13,963.09,0.4148,1.91,0.0,0.87,399.53,0.0,33293.81
65,0,14,942.2,0.4703,2.18,0.0,0.89,443.12,0.0,36926.81
65,1,0,1075.27,0.5221,1.93,0.0,1.06,561.36,0.0,46780.14
65,1,3,1031.09,0.3745,1.96,0.0,0.78,386.16,0.0,32179.74
65,1,4,1082.91,0.5051,1.98,0.0,1.09,547.0,0.0,45583.0
65,1,6,952.98,0.4126,1.9,0.0,0.79,393.23,0.0,32769.09
65,1,7,1012.27,0.4006,1.91,0.0,0.77,405.52,0.0,33793.3
65,1,8,1016.92,0.4576,2.16,0.0,0.86,465.32,0.0,38776.77
65,2,0,979.88,0.3602,1.89,0.0,0.73,352.99,0.0,29416.1
65,2,4,1099.51,0.4653,2.0,0.0,1.01,511.61,0.0,42634.14
65,3,0,918.18,0.5148,1.82,0.0,1.08,472.71,0.0,39392.5
65,3,1,921.93,0.3638,2.05,0.0,0.68,335.42,0.0,27951.39
65,3,8,1058.42,0.4075,1.97,0.0,0.79,431.33,0.0,35944.08
65,4,1,912.71,0.3943,1.95,0.0,0.72,359.91,0.0,29992.43
65,4,2,1099.22,0.4496,2.01,0.0,0.84,494.21,0.0,41183.83
65,4,5,1094.22,0.5296,2.14,0.0,1.06,579.5,0.0,48292.07
65,4,6,902.3,0.453,2.09,0.0,0.84,408.71,0.0,34059.45
65,4,12,1036.34,0.5013,2.01,0.0,0.96,519.54,0.0,43294.98
65,4,13,953.37,0.3955,2.06,0.0,0.75,377.04,0.0,31420.13
65,5,0,922.31,0.4111,1.97,0.0,0.81,379.2,0.0,31599.76
65,5,4,990.74,0.403,2.18,0.0,0.86,399.27,0.0,33272.62
65,5,11,1075.17,0.4262,1.91,0.0,0.81,458.28,0.0,38190.25
65,5,12,1000.12,0.396,1.87,0.0,0.81,396.02,0.0,33001.46
65,6,1,1082.53,0.4566,2.15,0.0,0.89,494.27,0.0,41188.83
65,6,4,959.69,0.4558,2.06,0.0,0.87,437.44,0.0,36453.47
65,6,9,1021.79,0.4909,1.86,0.0,0.94,501.64,0.0,41802.95
65,7,0,1052.5,0.3882,2.02,0.0,0.82,408.56,0.0,34046.53
65,7,1,1055.73,0.4355,2.01,0.0,0.93,459.81,0.0,38317.34
65,8,1,900.11,0.4937,1.93,0.0,1.03,444.36,0.0,37029.77
65,8,3,903.9,0.4115,2.17,0.0,0.89,371.96,0.0,30996.99
65,8,10,1075.74,0.4049,2.13,0.0,0.85,435.6,0.0,36299.66
65,8,14,961.5,0.4065,1.82,0.0,0.78,390.81,0.0,32567.35
65,9,0,1075.6,0.4565,2.18,0.0,0.86,490.96,0.0,40913.53
65,9,6,917.13,0.3692,1.99,0.0,0.75,338.6,0.0,28216.66
65,10,0,913.84,0.4723,2.1,0.0,0.97,431.64,0.0,35969.97
65,10,8,1053.17,0.5319,1.85,0.0,1.12,560.15,0.0,46679.36
65,11,0,995.06,0.461,2.02,0.0,1.0,458.77,0.0,38230.85
65,11,5,953.01,0.5352,2.15,0.0,1.13,510.09,0.0,42507.3
65,12,4,984.63,0.472,1.88,0.0,1.03,464.7,0.0,38725.39
65,12,5,1007.86,0.366,2.09,0.0,0.76,368.88,0.0,30739.63
65,13,0,940.23,0.4805,1.92,0.0,1.0,451.79,0.0,37648.88
65,13,4,1099.03,0.3988,2.06,0.0,0.85,438.26,0.0,36521.98
65,14,0,987.62,0.508,2.01,0.0,1.02,501.72,0.0,41809.99
65,14,8,924.2,0.3624,1.89,0.0,0.77,334.89,0.0,27907.14
66,0,1,953.4,0.4535,2.17,0.0,0.84,432.32,0.0,36026.7
66,0,2,1029.61,0.4137,2.04,0.0,0.88,425.98,0.0,35498.29
66,0,3,934.23,0.424,2.09,0.0,0.91,396.1,0.0,33008.06
66,0,5,932.68,0.3527,1.95,0.0,0.69,328.94,0.0,27411.77
66,0,7,1097.9,0.4968,2.06,0.0,0.95,545.46,0.0,45454.6
66,0,9,1011.39,0.5042,2.07,0.0,0.95,509.97,0.0,42497.32
66,0,10,1068.57,0.4974,2.11,0.0,0.91,531.46,0.0,44287.94
66,0,11,945.81,0.4312,1.81,0.0,0.81,407.85,0.0,33987.25
66,0,13,963.09,0.3832,1.91,0.0,0.72,369.07,0.0,30755.65
66,0,14,942.2,0.4422,2.18,0.0,0.95,416.63,0.0,34719.27
66,1,0,1075.27,0.4484,1.93,0.0,0.84,482.12,0.0,40176.48
66,1,3,1031.09,0.3877,1.96,0.0,0.73,399.78,0.0,33314.84
66,1,4,1082.91,0.4433,1.98,0.0,0.96,480.09,0.0,40007.74
66,1,6,952.98,0.342,1.9,0.0,0.74,325.96,0.0,27163.65
66,1,7,1012.27,0.4075,1.91,0.0,0.75,412.53,0.0,34377.44
66,1,8,1016.92,0.3433,2.16,0.0,0.66,349.11,0.0,29092.53
66,2,0,979.88,0.4855,1.89,0.0,1.07,475.78,0.0,39648.23
66,2,4,1099.51,0.4071,2.0,0.0,0.8,447.59,0.0,37299.12
66,3,0,918.18,0.4424,1.82,0.0,0.91,406.19,0.0,33848.99
66,3,1,921.93,0.4519,2.05,0.0,0.94,416.58,0.0,34714.62
66,3,8,1058.42,0.4104,1.97,0.0,0.85,434.41,0.0,36200.69
66,4,1,912.71,0.4875,1.95,0.0,0.89,444.97,0.0,37080.78
66,4,2,1099.22,0.4646,2.01,0.0,0.97,510.69,0.0,42557.34
66,4,5,1094.22,0.4726,2.14,0.0,1.0,517.1,0.0,43091.72
66,4,6,902.3,0.3929,2.09,0.0,0.78,354.5,0.0,29541.34
66,4,12,1036.34,0.4869,2.01,0.0,0.94,504.62,0.0,42051.49
66,4,13,953.37,0.4849,2.06,0.0,1.01,462.26,0.0,38521.51
66,5,0,922.31,0.3889,1.97,0.0,0.85,358.73,0.0,29893.92
66,5,4,990.74,0.4049,2.18,0.0,0.88,401.12,0.0,33426.61
66,5,11,1075.17,0.4652,1.91,0.0,0.87,500.12,0.0,41676.93
66,5,12,1000.12,0.3581,1.87,0.0,0.75,358.19,0.0,29849.08
66,6,1,1082.53,0.4855,2.15,0.0,0.97,525.61,0.0,43800.96
66,6,4,959.69,0.4307,2.06,0.0,0.95,413.38,0.0,34448.39
66,6,9,1021.79,0.3717,1.86,0.0,0.81,379.82,0.0,31651.47
66,7,0,1052.5,0.3481,2.02,0.0,0.69,366.36,0.0,30530.33
66,7,1,1055.73,0.4373,2.01,0.0,0.94,461.67,0.0,38472.24
66,8,1,900.11,0.345,1.93,0.0,0.74,310.57,0.0,25880.94
66,8,3,903.9,0.3978,2.17,0.0,0.73,359.61,0.0,29967.42
66,8,10,1075.74,0.3488,2.13,0.0,0.68,375.18,0.0,31265.28
66,8,14,961.5,0.3509,1.82,0.0,0.76,337.35,0.0,28112.84
66,9,0,1075.6,0.3841,2.18,0.0,0.73,413.15,0.0,34429.47
66,9,6,917.13,0.4976,1.99,0.0,0.98,456.35,0.0,38029.57
66,10,0,913.84,0.373,2.1,0.0,0.77,340.87,0.0,28406.11
66,10,8,1053.17,0.4377,1.85,0.0,0.85,460.97,0.0,38413.96
66,11,0,995.06,0.354,2.02,0.0,0.75,352.29,0.0,29357.45
66,11,5,953.01,0.398,2.15,0.0,0.75,379.28,0.0,31606.83
66,12,4,984.63,0.4522,1.88,0.0,0.92,445.28,0.0,37107.07
66,12,5,1007.86,0.3886,2.09,0.0,0.79,391.66,0.0,32638.48
66,13,0,940.23,0.5053,1.92,0.0,0.91,475.09,0.0,39590.91
66,13,4,1099.03,0.4527,2.06,0.0,0.96,497.54,0.0,41461.38
66,14,0,987.62,0.3447,2.01,0.0,0.73,340.46,0.0,28371.63
66,14,8,924.2,0.3664,1.89,0.0,0.78,338.6,0.0,28216.93
67,0,1,953.4,0.3977,2.17,0.0,0.76,379.2,0.0,31599.95
67,0,2,1029.61,0.5182,2.04,0.0,1.03,533.51,0.0,44458.92
67,0,3,934.23,0.4792,2.09,0.0,0.97,447.71,0.0,37308.97
67,0,5,932.68,0.5243,1.95,0.0,0.97,489.05,0.0,40753.95
67,0,7,1097.9,0.4452,2.06,0.0,0.89,488.84,0.0,40736.43
67,0,9,1011.39,0.4152,2.07,0.0,0.91,419.91,0.0,34992.68
67,0,10,1068.57,0.5422,2.11,0.0,1.1,579.33,0.0,48277.59
67,0,11,945.81,0.5035,1.81,0.0,1.01,476.21,0.0,39684.58
67,0,13,963.09,0.4529,1.91,0.0,0.96,436.15,0.0,36345.74
67,0,14,942.2,0.4261,2.18,0.0,0.84,401.47,0.0,33456.03
67,1,0,1075.27,0.4772,1.93,0.0,0.91,513.1,0.0,42758.64
67,1,3,1031.09,0.5282,1.96,0.0,1.13,544.64,0.0,45386.43
67,1,4,1082.91,0.4732,1.98,0.0,0.88,512.46,0.0,42705.1
67,1,6,952.98,0.5356,1.9,0.0,1.15,510.4,0.0,42533.31
67,1,7,1012.27,0.4614,1.91,0.0,0.99,467.09,0.0,38924.24
67,1,8,1016.92,0.4986,2.16,0.0,1.01,507.07,0.0,42255.9
67,2,0,979.88,0.3654,1.89,0.0,0.73,358.07,0.0,29839.43
67,2,4,1099.51,0.417,2.0,0.0,0.76,458.46,0.0,38205.35
67,3,0,918.18,0.3751,1.82,0.0,0.7,344.44,0.0,28703.35
67,3,1,921.93,0.4642,2.05,0.0,0.98,428.0,0.0,35666.49
67,3,8,1058.42,0.3835,1.97,0.0,0.8,405.87,0.0,33822.25
67,4,1,912.71,0.5256,1.95,0.0,1.08,479.74,0.0,39978.43
67,4,2,1099.22,0.4704,2.01,0.0,0.87,517.07,0.0,43088.85
67,4,5,1094.22,0.4759,2.14,0.0,0.99,520.78,0.0,43398.71
67,4,6,902.3,0.4384,2.09,0.0,0.96,395.56,0.0,32963.68
67,4,12,1036.34,0.3778,2.01,0.0,0.81,391.55,0.0,32629.34
67,4,13,953.37,0.4051,2.06,0.0,0.84,386.17,0.0,32181.13
67,5,0,922.31,0.5345,1.97,0.0,1.06,492.98,0.0,41081.68
67,5,4,990.74,0.5015,2.18,0.0,0.99,496.9,0.0,41408.04
67,5,11,1075.17,0.4893,1.91,0.0,0.91,526.08,0.0,43839.71
67,5,12,1000.12,0.4541,1.87,0.0,0.82,454.15,0.0,37845.45
67,6,1,1082.53,0.4467,2.15,0.0,0.98,483.56,0.0,40296.42
67,6,4,959.69,0.4819,2.06,0.0,0.94,462.43,0.0,38535.61
67,6,9,1021.79,0.5331,1.86,0.0,1.04,544.71,0.0,45392.28
67,7,0,1052.5,0.4754,2.02,0.0,0.95,500.38,0.0,41698.12
67,7,1,1055.73,0.3798,2.01,0.0,0.83,400.95,0.0,33412.77
67,8,1,900.11,0.4233,1.93,0.0,0.92,381.04,0.0,31753.35
67,8,3,903.9,0.4888,2.17,0.0,1.01,441.83,0.0,36819.18
67,8,10,1075.74,0.4624,2.13,0.0,0.98,497.44,0.0,41453.3
67,8,14,961.5,0.3996,1.82,0.0,0.8,384.22,0.0,32018.56
67,9,0,1075.6,0.367,2.18,0.0,0.76,394.79,0.0,32899.05
67,9,6,917.13,0.5074,1.99,0.0,1.07,465.35,0.0,38779.2
67,10,0,913.84,0.4158,2.1,0.0,0.86,379.94,0.0,31661.33
67,10,8,1053.17,0.3757,1.85,0.0,0.68,395.67,0.0,32972.74
67,11,0,995.06,0.442,2.02,0.0,0.88,439.82,0.0,36651.4
67,11,5,953.01,0.5056,2.15,0.0,1.03,481.85,0.0,40154.01
67,12,4,984.63,0.4936,1.88,0.0,1.02,486.06,0.0,40505.21
67,12,5,1007.86,0.4795,2.09,0.0,1.04,483.23,0.0,40268.94
67,13,0,940.23,0.4283,1.92,0.0,0.91,402.72,0.0,33559.59
67,13,4,1099.03,0.4243,2.06,0.0,0.83,466.33,0.0,38861.18
67,14,0,987.62,0.5298,2.01,0.0,1.06,523.21,0.0,43600.68
67,14,8,924.2,0.5245,1.89,0.0,1.11,484.75,0.0,40396.24
68,0,1,953.4,0.489,2.17,0.0,1.06,466.21,0.0,38851.24
68,0,2,1029.61,0.6955,2.04,0.0,1.36,716.06,0.0,59671.56
68,0,3,934.23,0.6765,2.09,0.0,1.44,632.02,0.0,52668.3
68,0,5,932.68,0.5623,1.95,0.0,1.07,524.46,0.0,43705.25
68,0,7,1097.9,0.4824,2.06,0.0,0.96,529.64,0.0,44136.81
68,0,9,1011.39,0.6174,2.07,0.0,1.18,624.42,0.0,52034.97
68,0,10,1068.57,0.5265,2.11,0.0,1.06,562.59,0.0,46882.11
68,0,11,945.81,0.4709,1.81,0.0,0.86,445.43,0.0,37118.82
68,0,13,963.09,0.6343,1.91,0.0,1.25,610.86,0.0,50905.14
68,0,14,942.2,0.5315,2.18,0.0,1.02,500.77,0.0,41730.51
68,1,0,1075.27,0.5867,1.93,0.0,1.07,630.83,0.0,52568.91
68,1,3,1031.09,0.6783,1.96,0.0,1.44,699.41,0.0,58283.92
68,1,4,1082.91,0.658,1.98,0.0,1.42,712.58,0.0,59381.64
68,1,6,952.98,0.4737,1.9,0.0,0.88,451.47,0.0,37622.54
68,1,7,1012.27,0.4774,1.91,0.0,0.98,483.26,0.0,40271.77
68,1,8,1016.92,0.6413,2.16,0.0,1.29,652.19,0.0,54348.98
68,2,0,979.88,0.5115,1.89,0.0,1.01,501.19,0.0,41765.52
68,2,4,1099.51,0.4825,2.0,0.0,0.98,530.53,0.0,44210.55
68,3,0,918.18,0.547,1.82,0.0,1.13,502.22,0.0,41851.94
68,3,1,921.93,0.5144,2.05,0.0,0.98,474.22,0.0,39518.63
68,3,8,1058.42,0.6915,1.97,0.0,1.34,731.86,0.0,60988.28
68,4,1,912.71,0.5503,1.95,0.0,1.1,502.3,0.0,41858.08
68,4,2,1099.22,0.5652,2.01,0.0,1.24,621.33,0.0,51777.41
68,4,5,1094.22,0.497,2.14,0.0,1.08,543.85,0.0,45320.73
68,4,6,902.3,0.5295,2.09,0.0,1.12,477.8,0.0,39816.45
68,4,12,1036.34,0.6514,2.01,0.0,1.29,675.05,0.0,56254.52
68,4,13,953.37,0.4759,2.06,0.0,1.03,453.75,0.0,37812.92
68,5,0,922.31,0.6247,1.97,0.0,1.37,576.12,0.0,48010.31
68,5,4,990.74,0.4883,2.18,0.0,1.05,483.82,0.0,40317.93
68,5,11,1075.17,0.6426,1.91,0.0,1.21,690.91,0.0,57575.54
68,5,12,1000.12,0.4752,1.87,0.0,0.93,475.21,0.0,39600.84
68,6,1,1082.53,0.6541,2.15,0.0,1.24,708.13,0.0,59011.11
68,6,4,959.69,0.6749,2.06,0.0,1.34,647.69,0.0,53974.34
68,6,9,1021.79,0.6634,1.86,0.0,1.42,677.88,0.0,56490.32
68,7,0,1052.5,0.4787,2.02,0.0,0.96,503.86,0.0,41988.73
68,7,1,1055.73,0.6204,2.01,0.0,1.2,654.96,0.0,54579.97
68,8,1,900.11,0.5883,1.93,0.0,1.1,529.51,0.0,44125.99
68,8,3,903.9,0.5864,2.17,0.0,1.09,530.06,0.0,44171.74
68,8,10,1075.74,0.5463,2.13,0.0,1.16,587.65,0.0,48971.07
68,8,14,961.5,0.6232,1.82,0.0,1.36,599.23,0.0,49935.92
68,9,0,1075.6,0.5429,2.18,0.0,1.17,583.99,0.0,48665.93
68,9,6,917.13,0.6681,1.99,0.0,1.2,612.7,0.0,51058.27
68,10,0,913.84,0.6727,2.1,0.0,1.28,614.77,0.0,51231.24
68,10,8,1053.17,0.5972,1.85,0.0,1.11,628.92,0.0,52410.11
68,11,0,995.06,0.4764,2.02,0.0,0.95,474.05,0.0,39504.13
68,11,5,953.01,0.6938,2.15,0.0,1.3,661.21,0.0,55100.82
68,12,4,984.63,0.6108,1.88,0.0,1.22,601.41,0.0,50117.17
68,12,5,1007.86,0.5912,2.09,0.0,1.17,595.84,0.0,49653.17
68,13,0,940.23,0.5571,1.92,0.0,1.14,523.81,0.0,43651.0
68,13,4,1099.03,0.6638,2.06,0.0,1.33,729.58,0.0,60798.09
68,14,0,987.62,0.5677,2.01,0.0,1.14,560.64,0.0,46719.95
68,14,8,924.2,0.6614,1.89,0.0,1.2,611.26,0.0,50938.34
69,0,1,953.4,0.586,2.17,0.0,1.25,558.7,0.0,46558.62
69,0,2,1029.61,0.4797,2.04,0.0,0.9,493.9,0.0,41158.67
69,0,3,934.23,0.6057,2.09,0.0,1.32,565.82,0.0,47151.69
69,0,5,932.68,0.6618,1.95,0.0,1.32,617.21,0.0,51433.92
69,0,7,1097.9,0.549,2.06,0.0,1.08,602.74,0.0,50228.11
69,0,9,1011.39,0.51,2.07,0.0,1.04,515.81,0.0,42983.91
69,0,10,1068.57,0.6338,2.11,0.0,1.18,677.27,0.0,56438.88
69,0,11,945.81,0.5488,1.81,0.0,1.03,519.06,0.0,43255.25
69,0,13,963.09,0.4687,1.91,0.0,0.92,451.44,0.0,37620.32
69,0,14,942.2,0.6667,2.18,0.0,1.26,628.14,0.0,52345.41
69,1,0,1075.27,0.5673,1.93,0.0,1.17,609.97,0.0,50830.5
69,1,3,1031.09,0.6193,1.96,0.0,1.22,638.54,0.0,53211.47
69,1,4,1082.91,0.6319,1.98,0.0,1.23,684.31,0.0,57025.69
69,1,6,952.98,0.675,1.9,0.0,1.29,643.26,0.0,53605.41
69,1,7,1012.27,0.5991,1.91,0.0,1.13,606.47,0.0,50539.39
69,1,8,1016.92,0.4841,2.16,0.0,1.01,492.32,0.0,41026.53
69,2,0,979.88,0.5689,1.89,0.0,1.23,557.47,0.0,46455.51
69,2,4,1099.51,0.5247,2.0,0.0,1.02,576.87,0.0,48072.66
69,3,0,918.18,0.4959,1.82,0.0,1.05,455.29,0.0,37940.69
69,3,1,921.93,0.6558,2.05,0.0,1.26,604.61,0.0,50384.53
69,3,8,1058.42,0.5352,1.97,0.0,1.13,566.42,0.0,47202.05
69,4,1,912.71,0.4936,1.95,0.0,0.94,450.55,0.0,37545.75
69,4,2,1099.22,0.5501,2.01,0.0,1.12,604.7,0.0,50391.7
69,4,5,1094.22,0.5476,2.14,0.0,1.07,599.23,0.0,49935.82
69,4,6,902.3,0.6508,2.09,0.0,1.4,587.19,0.0,48932.73
69,4,12,1036.34,0.5088,2.01,0.0,1.07,527.25,0.0,43937.15
69,4,13,953.37,0.5477,2.06,0.0,1.01,522.14,0.0,43511.77
69,5,0,922.31,0.5124,1.97,0.0,0.94,472.55,0.0,39379.25
69,5,4,990.74,0.5017,2.18,0.0,1.0,497.03,0.0,41419.07
69,5,11,1075.17,0.6389,1.91,0.0,1.2,686.9,0.0,57241.34
69,5,12,1000.12,0.4594,1.87,0.0,0.87,459.43,0.0,38285.8
69,6,1,1082.53,0.6697,2.15,0.0,1.46,725.0,0.0,60416.48
69,6,4,959.69,0.5357,2.06,0.0,1.17,514.09,0.0,42840.91
69,6,9,1021.79,0.5886,1.86,0.0,1.06,601.42,0.0,50118.07
69,7,0,1052.5,0.5137,2.02,0.0,0.93,540.67,0.0,45055.99
69,7,1,1055.73,0.5218,2.01,0.0,1.07,550.88,0.0,45906.5
69,8,1,900.11,0.6733,1.93,0.0,1.47,606.05,0.0,50503.84
69,8,3,903.9,0.5388,2.17,0.0,1.16,487.04,0.0,40586.26
69,8,10,1075.74,0.5351,2.13,0.0,1.11,575.64,0.0,47970.2
69,8,14,961.5,0.4677,1.82,0.0,0.98,449.66,0.0,37471.95
69,9,0,1075.6,0.4646,2.18,0.0,0.93,499.7,0.0,41642.01
69,9,6,917.13,0.5366,1.99,0.0,1.07,492.13,0.0,41011.06
69,10,0,913.84,0.6108,2.1,0.0,1.31,558.15,0.0,46512.38
69,10,8,1053.17,0.5423,1.85,0.0,1.0,571.11,0.0,47592.82
69,11,0,995.06,0.6664,2.02,0.0,1.38,663.12,0.0,55260.08
69,11,5,953.01,0.5238,2.15,0.0,1.09,499.16,0.0,41596.62
69,12,4,984.63,0.6565,1.88,0.0,1.22,646.37,0.0,53863.89
69,12,5,1007.86,0.6717,2.09,0.0,1.42,676.93,0.0,56410.98
69,13,0,940.23,0.5542,1.92,0.0,1.03,521.07,0.0,43422.58
69,13,4,1099.03,0.6584,2.06,0.0,1.44,723.61,0.0,60300.46
69,14,0,987.62,0.5371,2.01,0.0,1.13,530.45,0.0,44203.8
69,14,8,924.2,0.5641,1.89,0.0,1.12,521.34,0.0,43445.22
70,0,1,953.4,0.4331,2.17,0.0,0.86,412.95,0.0,34412.9
70,0,2,1029.61,0.517,2.04,0.0,1.07,532.3,0.0,44358.34
70,0,3,934.23,0.4916,2.09,0.0,1.01,459.23,0.0,38268.9
70,0,5,932.68,0.4907,1.95,0.0,1.02,457.64,0.0,38136.38
70,0,7,1097.9,0.4925,2.06,0.0,1.06,540.71,0.0,45058.81
70,0,9,1011.39,0.4235,2.07,0.0,0.89,428.32,0.0,35693.54
70,0,10,1068.57,0.5767,2.11,0.0,1.08,616.26,0.0,51355.12
70,0,11,945.81,0.5143,1.81,0.0,0.97,486.39,0.0,40532.09
70,0,13,963.09,0.52,1.91,0.0,1.03,500.76,0.0,41730.15
70,0,14,942.2,0.47,2.18,0.0,0.92,442.8,0.0,36899.79
70,1,0,1075.27,0.4667,1.93,0.0,1.02,501.83,0.0,41819.37
70,1,3,1031.09,0.4852,1.96,0.0,1.01,500.33,0.0,41694.24
70,1,4,1082.91,0.4447,1.98,0.0,0.88,481.61,0.0,40134.03
70,1,6,952.98,0.4056,1.9,0.0,0.79,386.54,0.0,32211.82
70,1,7,1012.27,0.5699,1.91,0.0,1.08,576.87,0.0,48072.38
70,1,8,1016.92,0.463,2.16,0.0,0.94,470.81,0.0,39233.89
70,2,0,979.88,0.4897,1.89,0.0,1.06,479.84,0.0,39986.71
70,2,4,1099.51,0.4726,2.0,0.0,0.88,519.62,0.0,43301.76
70,3,0,918.18,0.5006,1.82,0.0,0.99,459.6,0.0,38300.33
70,3,1,921.93,0.5797,2.05,0.0,1.12,534.45,0.0,44537.53
70,3,8,1058.42,0.4961,1.97,0.0,1.01,525.09,0.0,43757.2
70,4,1,912.71,0.3977,1.95,0.0,0.76,362.95,0.0,30245.44
70,4,2,1099.22,0.4135,2.01,0.0,0.76,454.56,0.0,37880.08
70,4,5,1094.22,0.4456,2.14,0.0,0.92,487.59,0.0,40632.44
70,4,6,902.3,0.5343,2.09,0.0,1.03,482.13,0.0,40177.84
70,4,12,1036.34,0.4916,2.01,0.0,1.01,509.47,0.0,42456.18
70,4,13,953.37,0.4778,2.06,0.0,1.03,455.53,0.0,37960.74
70,5,0,922.31,0.5704,1.97,0.0,1.16,526.06,0.0,43838.55
70,5,4,990.74,0.5038,2.18,0.0,1.09,499.12,0.0,41593.35
70,5,11,1075.17,0.4514,1.91,0.0,0.96,485.38,0.0,40447.99
70,5,12,1000.12,0.4263,1.87,0.0,0.78,426.38,0.0,35531.4
70,6,1,1082.53,0.4073,2.15,0.0,0.77,440.91,0.0,36742.16
70,6,4,959.69,0.5817,2.06,0.0,1.2,558.25,0.0,46521.01
70,6,9,1021.79,0.4005,1.86,0.0,0.8,409.18,0.0,34098.22
70,7,0,1052.5,0.5711,2.02,0.0,1.03,601.12,0.0,50093.02
70,7,1,1055.73,0.4849,2.01,0.0,1.03,511.94,0.0,42661.4
70,8,1,900.11,0.5132,1.93,0.0,1.06,461.92,0.0,38493.16
70,8,3,903.9,0.4357,2.17,0.0,0.86,393.82,0.0,32818.47
70,8,10,1075.74,0.5712,2.13,0.0,1.15,614.45,0.0,51204.13
70,8,14,961.5,0.5807,1.82,0.0,1.08,558.32,0.0,46526.33
70,9,0,1075.6,0.4122,2.18,0.0,0.83,443.34,0.0,36944.89
70,9,6,917.13,0.4058,1.99,0.0,0.75,372.14,0.0,31011.71
70,10,0,913.84,0.4552,2.1,0.0,0.94,415.99,0.0,34665.78
70,10,8,1053.17,0.3981,1.85,0.0,0.87,419.3,0.0,34941.47
70,11,0,995.06,0.5875,2.02,0.0,1.11,584.65,0.0,48720.52
70,11,5,953.01,0.4872,2.15,0.0,0.93,464.27,0.0,38689.53
70,12,4,984.63,0.5053,1.88,0.0,1.03,497.53,0.0,41460.77
70,12,5,1007.86,0.539,2.09,0.0,1.16,543.2,0.0,45266.26
70,13,0,940.23,0.5904,1.92,0.0,1.1,555.16,0.0,46263.19
70,13,4,1099.03,0.4704,2.06,0.0,0.92,517.03,0.0,43085.51
70,14,0,987.62,0.5919,2.01,0.0,1.21,584.58,0.0,48715.29
70,14,8,924.2,0.5798,1.89,0.0,1.08,535.89,0.0,44657.08
71,0,1,953.4,0.3987,2.17,0.0,0.72,380.14,0.0,31678.12
71,0,2,1029.61,0.4198,2.04,0.0,0.9,432.19,0.0,36015.88
71,0,3,934.23,0.4365,2.09,0.0,0.91,407.8,0.0,33983.55
71,0,5,932.68,0.4413,1.95,0.0,0.8,411.63,0.0,34302.27
71,0,7,1097.9,0.41,2.06,0.0,0.83,450.18,0.0,37514.6
71,0,9,1011.39,0.3464,2.07,0.0,0.66,350.36,0.0,29196.9
71,0,10,1068.57,0.356,2.11,0.0,0.77,380.36,0.0,31696.62
71,0,11,945.81,0.4476,1.81,0.0,0.96,423.36,0.0,35279.61
71,0,13,963.09,0.4291,1.91,0.0,0.82,413.25,0.0,34437.67
71,0,14,942.2,0.4162,2.18,0.0,0.85,392.11,0.0,32676.21
71,1,0,1075.27,0.4639,1.93,0.0,0.93,498.85,0.0,41571.17
71,1,3,1031.09,0.3551,1.96,0.0,0.68,366.13,0.0,30510.72
71,1,4,1082.91,0.4037,1.98,0.0,0.8,437.18,0.0,36431.62
71,1,6,952.98,0.379,1.9,0.0,0.74,361.17,0.0,30097.11
71,1,7,1012.27,0.4081,1.91,0.0,0.81,413.13,0.0,34427.69
71,1,8,1016.92,0.373,2.16,0.0,0.81,379.32,0.0,31609.7
71,2,0,979.88,0.4358,1.89,0.0,0.91,427.06,0.0,35588.49
71,2,4,1099.51,0.4296,2.0,0.0,0.78,472.39,0.0,39365.57
71,3,0,918.18,0.3378,1.82,0.0,0.66,310.13,0.0,25843.8
71,3,1,921.93,0.4572,2.05,0.0,1.0,421.46,0.0,35121.99
71,3,8,1058.42,0.4428,1.97,0.0,0.93,468.62,0.0,39051.61
71,4,1,912.71,0.485,1.95,0.0,0.99,442.64,0.0,36886.68
71,4,2,1099.22,0.3831,2.01,0.0,0.79,421.11,0.0,35092.4
71,4,5,1094.22,0.3833,2.14,0.0,0.79,419.37,0.0,34947.27
71,4,6,902.3,0.3757,2.09,0.0,0.7,339.0,0.0,28249.62
71,4,12,1036.34,0.4375,2.01,0.0,0.86,453.38,0.0,37781.62
71,4,13,953.37,0.4806,2.06,0.0,0.92,458.21,0.0,38183.79
71,5,0,922.31,0.4715,1.97,0.0,0.88,434.82,0.0,36235.4
71,5,4,990.74,0.3464,2.18,0.0,0.72,343.15,0.0,28595.82
71,5,11,1075.17,0.4593,1.91,0.0,0.83,493.82,0.0,41151.36
71,5,12,1000.12,0.4559,1.87,0.0,0.85,455.97,0.0,37997.2
71,6,1,1082.53,0.4036,2.15,0.0,0.84,436.91,0.0,36408.82
71,6,4,959.69,0.4561,2.06,0.0,0.98,437.76,0.0,36479.72
71,6,9,1021.79,0.3465,1.86,0.0,0.67,354.09,0.0,29507.18
71,7,0,1052.5,0.3768,2.02,0.0,0.81,396.53,0.0,33044.18
71,7,1,1055.73,0.345,2.01,0.0,0.74,364.28,0.0,30356.45
71,8,1,900.11,0.4533,1.93,0.0,0.84,408.02,0.0,34001.44
71,8,3,903.9,0.352,2.17,0.0,0.76,318.19,0.0,26515.43
71,8,10,1075.74,0.4751,2.13,0.0,0.89,511.06,0.0,42588.25
71,8,14,961.5,0.4556,1.82,0.0,0.91,438.03,0.0,36502.36
71,9,0,1075.6,0.3912,2.18,0.0,0.72,420.82,0.0,35068.3
71,9,6,917.13,0.4031,1.99,0.0,0.74,369.73,0.0,30810.8
71,10,0,913.84,0.3778,2.1,0.0,0.78,345.26,0.0,28771.41
71,10,8,1053.17,0.3874,1.85,0.0,0.83,408.0,0.0,33999.97
71,11,0,995.06,0.4511,2.02,0.0,0.83,448.86,0.0,37405.1
71,11,5,953.01,0.4833,2.15,0.0,0.93,460.55,0.0,38379.52
71,12,4,984.63,0.38,1.88,0.0,0.78,374.19,0.0,31182.75
71,12,5,1007.86,0.4737,2.09,0.0,0.97,477.38,0.0,39781.37
71,13,0,940.23,0.3645,1.92,0.0,0.68,342.72,0.0,28559.82
71,13,4,1099.03,0.3538,2.06,0.0,0.74,388.81,0.0,32400.49
71,14,0,987.62,0.3868,2.01,0.0,0.71,382.05,0.0,31837.77
71,14,8,924.2,0.4002,1.89,0.0,0.87,369.88,0.0,30823.29
72,0,1,953.4,0.4331,2.17,0.0,0.82,412.96,0.0,34413.66
72,0,2,1029.61,0.3916,2.04,0.0,0.72,403.17,0.0,33597.32
72,0,3,934.23,0.5004,2.09,0.0,1.03,467.5,0.0,38958.06
72,0,5,932.68,0.4804,1.95,0.0,0.91,448.02,0.0,37334.99
72,0,7,1097.9,0.3733,2.06,0.0,0.77,409.89,0.0,34157.61
72,0,9,1011.39,0.4506,2.07,0.0,0.84,455.69,0.0,37974.13
72,0,10,1068.57,0.4316,2.11,0.0,0.95,461.18,0.0,38431.98
72,0,11,945.81,0.3704,1.81,0.0,0.77,350.36,0.0,29196.73
72,0,13,963.09,0.4221,1.91,0.0,0.81,406.56,0.0,33880.33
72,0,14,942.2,0.3769,2.18,0.0,0.69,355.15,0.0,29595.63
72,1,0,1075.27,0.4256,1.93,0.0,0.91,457.67,0.0,38139.48
72,1,3,1031.09,0.4353,1.96,0.0,0.94,448.84,0.0,37403.56
72,1,4,1082.91,0.4752,1.98,0.0,0.92,514.62,0.0,42885.27
72,1,6,952.98,0.4863,1.9,0.0,0.9,463.44,0.0,38620.21
72,1,7,1012.27,0.3909,1.91,0.0,0.86,395.72,0.0,32977.0
72,1,8,1016.92,0.442,2.16,0.0,0.95,449.48,0.0,37456.4
72,2,0,979.88,0.3785,1.89,0.0,0.75,370.89,0.0,30907.28
72,2,4,1099.51,0.3639,2.0,0.0,0.67,400.08,0.0,33340.36
72,3,0,918.18,0.5145,1.82,0.0,1.08,472.42,0.0,39368.51
72,3,1,921.93,0.4275,2.05,0.0,0.94,394.09,0.0,32840.71
72,3,8,1058.42,0.5302,1.97,0.0,1.02,561.12,0.0,46760.36
72,4,1,912.71,0.3815,1.95,0.0,0.74,348.2,0.0,29016.41
72,4,2,1099.22,0.4014,2.01,0.0,0.86,441.23,0.0,36768.92
72,4,5,1094.22,0.464,2.14,0.0,0.97,507.73,0.0,42310.44
72,4,6,902.3,0.4073,2.09,0.0,0.88,367.47,0.0,30622.62
72,4,12,1036.34,0.4481,2.01,0.0,0.92,464.35,0.0,38696.0
72,4,13,953.37,0.4179,2.06,0.0,0.79,398.45,0.0,33204.34
72,5,0,922.31,0.4255,1.97,0.0,0.93,392.49,0.0,32707.31
72,5,4,990.74,0.4605,2.18,0.0,0.98,456.24,0.0,38019.91
72,5,11,1075.17,0.4768,1.91,0.0,1.02,512.68,0.0,42723.39
72,5,12,1000.12,0.4357,1.87,0.0,0.84,435.73,0.0,36310.63
72,6,1,1082.53,0.4608,2.15,0.0,0.89,498.85,0.0,41570.73
72,6,4,959.69,0.3884,2.06,0.0,0.85,372.77,0.0,31064.07
72,6,9,1021.79,0.3926,1.86,0.0,0.85,401.13,0.0,33427.88
72,7,0,1052.5,0.4717,2.02,0.0,0.87,496.47,0.0,41372.91
72,7,1,1055.73,0.4734,2.01,0.0,0.87,499.8,0.0,41650.01
72,8,1,900.11,0.3955,1.93,0.0,0.73,355.97,0.0,29664.26
72,8,3,903.9,0.5374,2.17,0.0,1.11,485.77,0.0,40481.09
72,8,10,1075.74,0.5055,2.13,0.0,0.96,543.75,0.0,45312.88
72,8,14,961.5,0.4918,1.82,0.0,0.92,472.86,0.0,39404.98
72,9,0,1075.6,0.3844,2.18,0.0,0.77,413.42,0.0,34451.8
72,9,6,917.13,0.5257,1.99,0.0,1.15,482.12,0.0,40177.05
72,10,0,913.84,0.3737,2.1,0.0,0.74,341.48,0.0,28456.93
72,10,8,1053.17,0.5219,1.85,0.0,0.96,549.7,0.0,45808.07
72,11,0,995.06,0.3722,2.02,0.0,0.69,370.4,0.0,30866.27
72,11,5,953.01,0.433,2.15,0.0,0.83,412.64,0.0,34386.78
72,12,4,984.63,0.3883,1.88,0.0,0.75,382.36,0.0,31863.15
72,12,5,1007.86,0.5116,2.09,0.0,0.96,515.6,0.0,42966.6
72,13,0,940.23,0.4636,1.92,0.0,0.85,435.88,0.0,36323.43
72,13,4,1099.03,0.4773,2.06,0.0,0.92,524.6,0.0,43716.98
72,14,0,987.62,0.3833,2.01,0.0,0.72,378.58,0.0,31548.35
72,14,8,924.2,0.4579,1.89,0.0,0.86,423.22,0.0,35268.57
73,0,1,953.4,0.6762,2.17,0.0,1.46,644.73,0.0,53727.69
73,0,2,1029.61,0.541,2.04,0.0,1.02,557.05,0.0,46421.1
73,0,3,934.23,0.4706,2.09,0.0,0.87,439.69,0.0,36641.0
73,0,5,932.68,0.5219,1.95,0.0,0.96,486.77,0.0,40563.8
73,0,7,1097.9,0.6144,2.06,0.0,1.29,674.51,0.0,56209.55
73,0,9,1011.39,0.5808,2.07,0.0,1.24,587.38,0.0,48948.47
73,0,10,1068.57,0.593,2.11,0.0,1.3,633.69,0.0,52807.57
73,0,11,945.81,0.6202,1.81,0.0,1.28,586.57,0.0,48881.1
73,0,13,963.09,0.5404,1.91,0.0,1.11,520.41,0.0,43367.52
73,0,14,942.2,0.6089,2.18,0.0,1.26,573.74,0.0,47811.59
73,1,0,1075.27,0.5542,1.93,0.0,1.1,595.93,0.0,49660.43
73,1,3,1031.09,0.5401,1.96,0.0,1.09,556.85,0.0,46404.14
73,1,4,1082.91,0.4988,1.98,0.0,0.93,540.14,0.0,45011.43
73,1,6,952.98,0.5684,1.9,0.0,1.03,541.7,0.0,45141.83
73,1,7,1012.27,0.4834,1.91,0.0,1.04,489.31,0.0,40775.77
73,1,8,1016.92,0.5982,2.16,0.0,1.27,608.3,0.0,50692.08
73,2,0,979.88,0.5273,1.89,0.0,1.15,516.71,0.0,43059.58
73,2,4,1099.51,0.6702,2.0,0.0,1.4,736.84,0.0,61403.55
73,3,0,918.18,0.5005,1.82,0.0,1.02,459.57,0.0,38297.41
73,3,1,921.93,0.674,2.05,0.0,1.26,621.39,0.0,51782.48
73,3,8,1058.42,0.6828,1.97,0.0,1.47,722.69,0.0,60223.97
73,4,1,912.71,0.5275,1.95,0.0,1.06,481.42,0.0,40118.56
73,4,2,1099.22,0.5517,2.01,0.0,1.18,606.39,0.0,50532.41
73,4,5,1094.22,0.4964,2.14,0.0,1.05,543.22,0.0,45268.75
73,4,6,902.3,0.5975,2.09,0.0,1.26,539.1,0.0,44925.19
73,4,12,1036.34,0.6703,2.01,0.0,1.38,694.61,0.0,57883.91
73,4,13,953.37,0.6512,2.06,0.0,1.38,620.81,0.0,51734.28
73,5,0,922.31,0.5092,1.97,0.0,1.0,469.65,0.0,39137.52
73,5,4,990.74,0.4678,2.18,0.0,0.98,463.43,0.0,38619.48
73,5,11,1075.17,0.5851,1.91,0.0,1.18,629.05,0.0,52421.02
73,5,12,1000.12,0.5681,1.87,0.0,1.16,568.13,0.0,47344.16
73,6,1,1082.53,0.5728,2.15,0.0,1.25,620.08,0.0,51673.34
73,6,4,959.69,0.5079,2.06,0.0,1.09,487.42,0.0,40618.07
73,6,9,1021.79,0.6587,1.86,0.0,1.37,673.07,0.0,56089.42
73,7,0,1052.5,0.6667,2.02,0.0,1.36,701.7,0.0,58474.75
73,7,1,1055.73,0.6839,2.01,0.0,1.29,722.04,0.0,60170.12
73,8,1,900.11,0.6679,1.93,0.0,1.43,601.19,0.0,50099.27
73,8,3,903.9,0.6757,2.17,0.0,1.33,610.79,0.0,50899.21
73,8,10,1075.74,0.5352,2.13,0.0,1.04,575.77,0.0,47980.5
73,8,14,961.5,0.5788,1.82,0.0,1.24,556.54,0.0,46378.42
73,9,0,1075.6,0.545,2.18,0.0,1.09,586.19,0.0,48849.28
73,9,6,917.13,0.6425,1.99,0.0,1.34,589.29,0.0,49107.49
73,10,0,913.84,0.596,2.1,0.0,1.12,544.67,0.0,45389.51
73,10,8,1053.17,0.555,1.85,0.0,1.17,584.54,0.0,48711.41
73,11,0,995.06,0.6658,2.02,0.0,1.45,662.51,0.0,55209.06
73,11,5,953.01,0.6206,2.15,0.0,1.27,591.41,0.0,49284.33
73,12,4,984.63,0.5171,1.88,0.0,1.11,509.15,0.0,42428.97
73,12,5,1007.86,0.5386,2.09,0.0,1.09,542.81,0.0,45234.3
73,13,0,940.23,0.5266,1.92,0.0,1.1,495.12,0.0,41259.74
73,13,4,1099.03,0.6223,2.06,0.0,1.23,683.88,0.0,56990.35
73,14,0,987.62,0.482,2.01,0.0,0.93,476.07,0.0,39672.52
73,14,8,924.2,0.5098,1.89,0.0,1.11,471.14,0.0,39261.89
74,0,1,953.4,0.6137,2.17,0.0,1.31,585.06,0.0,48755.34
74,0,2,1029.61,0.4795,2.04,0.0,0.98,493.68,0.0,41139.87
74,0,3,934.23,0.5825,2.09,0.0,1.22,544.15,0.0,45345.74
74,0,5,932.68,0.5124,1.95,0.0,0.92,477.89,0.0,39824.33
74,0,7,1097.9,0.5051,2.06,0.0,1.04,554.5,0.0,46208.74
74,0,9,1011.39,0.6388,2.07,0.0,1.34,646.12,0.0,53843.3
74,0,10,1068.57,0.5919,2.11,0.0,1.18,632.53,0.0,52710.46
74,0,11,945.81,0.5799,1.81,0.0,1.16,548.49,0.0,45707.75
74,0,13,963.09,0.6451,1.91,0.0,1.22,621.25,0.0,51770.44
74,0,14,942.2,0.6164,2.18,0.0,1.21,580.81,0.0,48400.69
74,1,0,1075.27,0.5952,1.93,0.0,1.21,639.96,0.0,53329.88
74,1,3,1031.09,0.5653,1.96,0.0,1.21,582.89,0.0,48574.54
74,1,4,1082.91,0.5589,1.98,0.0,1.13,605.23,0.0,50435.42
74,1,6,952.98,0.455,1.9,0.0,0.9,433.6,0.0,36133.42
74,1,7,1012.27,0.5382,1.91,0.0,1.04,544.84,0.0,45403.48
74,1,8,1016.92,0.5025,2.16,0.0,1.06,511.05,0.0,42587.58
74,2,0,979.88,0.5369,1.89,0.0,1.04,526.09,0.0,43840.78
74,2,4,1099.51,0.5913,2.0,0.0,1.08,650.12,0.0,54176.68
74,3,0,918.18,0.581,1.82,0.0,1.17,533.48,0.0,44456.44
74,3,1,921.93,0.635,2.05,0.0,1.27,585.4,0.0,48783.55
74,3,8,1058.42,0.4582,1.97,0.0,0.98,484.94,0.0,40411.68
74,4,1,912.71,0.654,1.95,0.0,1.29,596.89,0.0,49740.82
74,4,2,1099.22,0.6232,2.01,0.0,1.29,685.08,0.0,57090.17
74,4,5,1094.22,0.4946,2.14,0.0,0.96,541.15,0.0,45095.83
74,4,6,902.3,0.6519,2.09,0.0,1.3,588.17,0.0,49014.3
74,4,12,1036.34,0.5742,2.01,0.0,1.05,595.03,0.0,49585.67
74,4,13,953.37,0.4768,2.06,0.0,0.95,454.53,0.0,37877.71
74,5,0,922.31,0.5315,1.97,0.0,1.0,490.18,0.0,40848.13
74,5,4,990.74,0.5834,2.18,0.0,1.14,577.96,0.0,48163.5
74,5,11,1075.17,0.6515,1.91,0.0,1.24,700.5,0.0,58374.71
74,5,12,1000.12,0.5198,1.87,0.0,1.08,519.82,0.0,43318.69
74,6,1,1082.53,0.5984,2.15,0.0,1.17,647.77,0.0,53981.14
74,6,4,959.69,0.5751,2.06,0.0,1.13,551.92,0.0,45993.49
74,6,9,1021.79,0.5216,1.86,0.0,1.03,532.95,0.0,44412.21
74,7,0,1052.5,0.4858,2.02,0.0,1.0,511.29,0.0,42607.11
74,7,1,1055.73,0.6469,2.01,0.0,1.27,682.99,0.0,56915.49
74,8,1,900.11,0.6476,1.93,0.0,1.36,582.92,0.0,48576.71
74,8,3,903.9,0.5922,2.17,0.0,1.23,535.27,0.0,44605.65
74,8,10,1075.74,0.6702,2.13,0.0,1.3,720.94,0.0,60078.73
74,8,14,961.5,0.6381,1.82,0.0,1.29,613.49,0.0,51123.88
74,9,0,1075.6,0.5681,2.18,0.0,1.17,611.06,0.0,50921.67
74,9,6,917.13,0.6504,1.99,0.0,1.18,596.47,0.0,49705.78
74,10,0,913.84,0.5605,2.1,0.0,1.1,512.24,0.0,42686.81
74,10,8,1053.17,0.5405,1.85,0.0,1.03,569.23,0.0,47436.1
74,11,0,995.06,0.6067,2.02,0.0,1.18,603.66,0.0,50305.0
74,11,5,953.01,0.5771,2.15,0.0,1.13,549.94,0.0,45827.98
74,12,4,984.63,0.6161,1.88,0.0,1.35,606.61,0.0,50550.79
74,12,5,1007.86,0.5227,2.09,0.0,1.1,526.77,0.0,43897.64
74,13,0,940.23,0.4795,1.92,0.0,0.92,450.88,0.0,37573.17
74,13,4,1099.03,0.5647,2.06,0.0,1.03,620.6,0.0,51716.29
74,14,0,987.62,0.5033,2.01,0.0,1.06,497.04,0.0,41419.64
74,14,8,924.2,0.5404,1.89,0.0,1.06,499.41,0.0,41617.7
75,0,1,953.4,0.3772,2.17,0.0,0.72,359.62,0.0,29968.26
75,0,2,1029.61,0.5092,2.04,0.0,0.95,524.25,0.0,43687.71
75,0,3,934.23,0.4233,2.09,0.0,0.83,395.46,0.0,32954.92
75,0,5,932.68,0.4455,1.95,0.0,0.83,415.51,0.0,34625.67
75,0,7,1097.9,0.3953,2.06,0.0,0.78,434.05,0.0,36171.22
75,0,9,1011.39,0.5134,2.07,0.0,0.95,519.29,0.0,43274.06
75,0,10,1068.57,0.3827,2.11,0.0,0.77,408.89,0.0,34074.22
75,0,11,945.81,0.4479,1.81,0.0,0.91,423.64,0.0,35303.71
75,0,13,963.09,0.426,1.91,0.0,0.83,410.23,0.0,34186.09
75,0,14,942.2,0.5112,2.18,0.0,1.09,481.64,0.0,40137.07
75,1,0,1075.27,0.5248,1.93,0.0,0.95,564.26,0.0,47021.88
75,1,3,1031.09,0.5257,1.96,0.0,1.15,542.09,0.0,45174.08
75,1,4,1082.91,0.526,1.98,0.0,1.04,569.61,0.0,47467.33
75,1,6,952.98,0.4975,1.9,0.0,0.93,474.14,0.0,39511.58
75,1,7,1012.27,0.3649,1.91,0.0,0.71,369.39,0.0,30782.68
75,1,8,1016.92,0.3981,2.16,0.0,0.78,404.8,0.0,33733.21
75,2,0,979.88,0.3904,1.89,0.0,0.7,382.59,0.0,31882.22
75,2,4,1099.51,0.4162,2.0,0.0,0.87,457.57,0.0,38130.78
75,3,0,918.18,0.4284,1.82,0.0,0.88,393.38,0.0,32781.88
75,3,1,921.93,0.4017,2.05,0.0,0.82,370.38,0.0,30865.33
75,3,8,1058.42,0.4751,1.97,0.0,0.98,502.85,0.0,41904.36
75,4,1,912.71,0.5269,1.95,0.0,1.14,480.93,0.0,40077.77
75,4,2,1099.22,0.385,2.01,0.0,0.77,423.24,0.0,35270.4
75,4,5,1094.22,0.5187,2.14,0.0,1.05,567.57,0.0,47297.84
75,4,6,902.3,0.4742,2.09,0.0,1.03,427.83,0.0,35652.77
75,4,12,1036.34,0.4109,2.01,0.0,0.89,425.8,0.0,35483.18
75,4,13,953.37,0.4235,2.06,0.0,0.79,403.73,0.0,33644.41
75,5,0,922.31,0.4213,1.97,0.0,0.78,388.58,0.0,32381.78
75,5,4,990.74,0.4497,2.18,0.0,0.97,445.5,0.0,37125.35
75,5,11,1075.17,0.382,1.91,0.0,0.78,410.75,0.0,34228.92
75,5,12,1000.12,0.4689,1.87,0.0,0.85,468.97,0.0,39080.91
75,6,1,1082.53,0.5063,2.15,0.0,0.95,548.03,0.0,45669.55
75,6,4,959.69,0.3922,2.06,0.0,0.76,376.39,0.0,31366.08
75,6,9,1021.79,0.4589,1.86,0.0,0.9,468.87,0.0,39072.62
75,7,0,1052.5,0.4304,2.02,0.0,0.82,453.04,0.0,37753.49
75,7,1,1055.73,0.3966,2.01,0.0,0.76,418.68,0.0,34890.17
75,8,1,900.11,0.4755,1.93,0.0,0.96,427.99,0.0,35665.58
75,8,3,903.9,0.3601,2.17,0.0,0.78,325.51,0.0,27125.49
75,8,10,1075.74,0.3881,2.13,0.0,0.81,417.51,0.0,34792.22
75,8,14,961.5,0.4593,1.82,0.0,1.0,441.63,0.0,36802.66
75,9,0,1075.6,0.3919,2.18,0.0,0.71,421.57,0.0,35130.44
75,9,6,917.13,0.5095,1.99,0.0,0.98,467.3,0.0,38941.3
75,10,0,913.84,0.4187,2.1,0.0,0.9,382.62,0.0,31885.12
75,10,8,1053.17,0.3726,1.85,0.0,0.76,392.37,0.0,32697.21
75,11,0,995.06,0.4992,2.02,0.0,0.96,496.77,0.0,41397.54
75,11,5,953.01,0.4108,2.15,0.0,0.78,391.48,0.0,32623.05
75,12,4,984.63,0.4216,1.88,0.0,0.9,415.13,0.0,34594.29
75,12,5,1007.86,0.5174,2.09,0.0,1.14,521.42,0.0,43451.72
75,13,0,940.23,0.5262,1.92,0.0,1.08,494.75,0.0,41229.22
75,13,4,1099.03,0.4295,2.06,0.0,0.9,472.07,0.0,39339.29
75,14,0,987.62,0.4332,2.01,0.0,0.91,427.84,0.0,35652.94
75,14,8,924.2,0.4237,1.89,0.0,0.89,391.58,0.0,32631.88
76,0,1,953.4,0.6201,2.17,0.0,1.29,591.25,0.0,49270.44
76,0,2,1029.61,0.4741,2.04,0.0,0.89,488.14,0.0,40678.58
76,0,3,934.23,0.4894,2.09,0.0,0.9,457.24,0.0,38103.31
76,0,5,932.68,0.4994,1.95,0.0,0.97,465.79,0.0,38815.61
76,0,7,1097.9,0.4736,2.06,0.0,1.0,519.96,0.0,43330.34
76,0,9,1011.39,0.529,2.07,0.0,1.02,535.02,0.0,44585.22
76,0,10,1068.57,0.5409,2.11,0.0,1.17,577.99,0.0,48165.46
76,0,11,945.81,0.6281,1.81,0.0,1.28,594.08,0.0,49507.0
76,0,13,963.09,0.5858,1.91,0.0,1.17,564.22,0.0,47018.45
76,0,14,942.2,0.4703,2.18,0.0,0.96,443.16,0.0,36930.03
76,1,0,1075.27,0.5774,1.93,0.0,1.17,620.84,0.0,51736.54
76,1,3,1031.09,0.5356,1.96,0.0,1.07,552.24,0.0,46019.58
76,1,4,1082.91,0.5547,1.98,0.0,1.18,600.73,0.0,50060.71
76,1,6,952.98,0.5697,1.9,0.0,1.18,542.87,0.0,45239.28
76,1,7,1012.27,0.5245,1.91,0.0,1.05,530.91,0.0,44242.52
76,1,8,1016.92,0.4736,2.16,0.0,0.85,481.58,0.0,40131.58
76,2,0,979.88,0.6017,1.89,0.0,1.13,589.57,0.0,49130.94
76,2,4,1099.51,0.544,2.0,0.0,1.01,598.15,0.0,49846.12
76,3,0,918.18,0.4538,1.82,0.0,0.98,416.7,0.0,34725.02
76,3,1,921.93,0.5499,2.05,0.0,1.2,506.92,0.0,42243.68
76,3,8,1058.42,0.5514,1.97,0.0,1.08,583.65,0.0,48637.73
76,4,1,912.71,0.5764,1.95,0.0,1.21,526.11,0.0,43842.46
76,4,2,1099.22,0.5697,2.01,0.0,1.04,626.24,0.0,52187.02
76,4,5,1094.22,0.5748,2.14,0.0,1.23,628.94,0.0,52411.6
76,4,6,902.3,0.641,2.09,0.0,1.17,578.37,0.0,48197.83
76,4,12,1036.34,0.5692,2.01,0.0,1.21,589.83,0.0,49152.75
76,4,13,953.37,0.4759,2.06,0.0,0.98,453.68,0.0,37806.87
76,5,0,922.31,0.5026,1.97,0.0,1.08,463.58,0.0,38632.02
76,5,4,990.74,0.5516,2.18,0.0,1.16,546.47,0.0,45538.81
76,5,11,1075.17,0.4569,1.91,0.0,0.91,491.29,0.0,40940.71
76,5,12,1000.12,0.5805,1.87,0.0,1.06,580.61,0.0,48383.95
76,6,1,1082.53,0.5268,2.15,0.0,0.99,570.33,0.0,47527.31
76,6,4,959.69,0.5806,2.06,0.0,1.24,557.15,0.0,46429.25
76,6,9,1021.79,0.5968,1.86,0.0,1.23,609.76,0.0,50812.92
76,7,0,1052.5,0.5546,2.02,0.0,1.0,583.72,0.0,48643.64
76,7,1,1055.73,0.5416,2.01,0.0,1.14,571.77,0.0,47647.65
76,8,1,900.11,0.5711,1.93,0.0,1.05,514.01,0.0,42834.51
76,8,3,903.9,0.4559,2.17,0.0,0.82,412.12,0.0,34343.0
76,8,10,1075.74,0.642,2.13,0.0,1.39,690.63,0.0,57552.45
76,8,14,961.5,0.4456,1.82,0.0,0.97,428.4,0.0,35699.85
76,9,0,1075.6,0.4371,2.18,0.0,0.85,470.14,0.0,39178.4
76,9,6,917.13,0.5304,1.99,0.0,1.12,486.44,0.0,40536.61
76,10,0,913.84,0.6385,2.1,0.0,1.21,583.46,0.0,48621.39
76,10,8,1053.17,0.542,1.85,0.0,1.01,570.84,0.0,47569.74
76,11,0,995.06,0.5707,2.02,0.0,1.21,567.84,0.0,47320.15
76,11,5,953.01,0.4725,2.15,0.0,0.9,450.33,0.0,37527.16
76,12,4,984.63,0.5278,1.88,0.0,0.97,519.69,0.0,43307.63
76,12,5,1007.86,0.615,2.09,0.0,1.32,619.86,0.0,51655.27
76,13,0,940.23,0.5682,1.92,0.0,1.14,534.21,0.0,44517.87
76,13,4,1099.03,0.4404,2.06,0.0,0.93,484.0,0.0,40333.19
76,14,0,987.62,0.5012,2.01,0.0,1.08,494.97,0.0,41247.64
76,14,8,924.2,0.4736,1.89,0.0,0.98,437.71,0.0,36476.25
77,0,1,953.4,0.5699,2.17,0.0,1.24,543.32,0.0,45276.86
77,0,2,1029.61,0.7014,2.04,0.0,1.31,722.12,0.0,60176.55
77,0,3,934.23,0.5198,2.09,0.0,1.1,485.62,0.0,40467.97
77,0,5,932.68,0.6455,1.95,0.0,1.3,602.07,0.0,50172.76
77,0,7,1097.9,0.5728,2.06,0.0,1.26,628.92,0.0,52410.03
77,0,9,1011.39,0.5303,2.07,0.0,1.07,536.37,0.0,44697.15
77,0,10,1068.57,0.5734,2.11,0.0,1.13,612.75,0.0,51062.74
77,0,11,945.81,0.4776,1.81,0.0,0.87,451.69,0.0,37640.98
77,0,13,963.09,0.4991,1.91,0.0,0.98,480.7,0.0,40058.3
77,0,14,942.2,0.4878,2.18,0.0,1.07,459.56,0.0,38296.59
77,1,0,1075.27,0.6689,1.93,0.0,1.47,719.28,0.0,59939.81
77,1,3,1031.09,0.5132,1.96,0.0,0.98,529.16,0.0,44096.57
77,1,4,1082.91,0.5712,1.98,0.0,1.21,618.51,0.0,51542.37
77,1,6,952.98,0.5299,1.9,0.0,1.0,504.99,0.0,42082.43
77,1,7,1012.27,0.5642,1.91,0.0,1.15,571.14,0.0,47594.7
77,1,8,1016.92,0.4953,2.16,0.0,0.97,503.71,0.0,41975.67
77,2,0,979.88,0.5286,1.89,0.0,1.01,517.99,0.0,43165.94
77,2,4,1099.51,0.6053,2.0,0.0,1.19,665.54,0.0,55461.49
77,3,0,918.18,0.5641,1.82,0.0,1.18,517.94,0.0,43161.45
77,3,1,921.93,0.6255,2.05,0.0,1.3,576.71,0.0,48059.13
77,3,8,1058.42,0.4833,1.97,0.0,0.94,511.55,0.0,42628.92
77,4,1,912.71,0.5494,1.95,0.0,1.02,501.49,0.0,41790.44
77,4,2,1099.22,0.5016,2.01,0.0,0.91,551.36,0.0,45946.37
77,4,5,1094.22,0.571,2.14,0.0,1.24,624.79,0.0,52066.22
77,4,6,902.3,0.5396,2.09,0.0,1.08,486.84,0.0,40570.2
77,4,12,1036.34,0.531,2.01,0.0,1.06,550.32,0.0,45860.4
77,4,13,953.37,0.5734,2.06,0.0,1.13,546.65,0.0,45554.21
77,5,0,922.31,0.6548,1.97,0.0,1.21,603.9,0.0,50324.94
77,5,4,990.74,0.5015,2.18,0.0,0.95,496.85,0.0,41404.32
77,5,11,1075.17,0.5892,1.91,0.0,1.29,633.54,0.0,52794.87
77,5,12,1000.12,0.4896,1.87,0.0,0.96,489.64,0.0,40803.0
77,6,1,1082.53,0.5757,2.15,0.0,1.16,623.19,0.0,51932.78
77,6,4,959.69,0.6053,2.06,0.0,1.32,580.93,0.0,48410.64
77,6,9,1021.79,0.5113,1.86,0.0,1.04,522.49,0.0,43540.71
77,7,0,1052.5,0.6812,2.02,0.0,1.28,716.97,0.0,59747.16
77,7,1,1055.73,0.535,2.01,0.0,0.98,564.8,0.0,47066.26
77,8,1,900.11,0.5975,1.93,0.0,1.12,537.8,0.0,44816.26
77,8,3,903.9,0.6375,2.17,0.0,1.18,576.25,0.0,48020.64
77,8,10,1075.74,0.518,2.13,0.0,0.97,557.28,0.0,46439.74
77,8,14,961.5,0.4782,1.82,0.0,0.89,459.77,0.0,38314.11
77,9,0,1075.6,0.667,2.18,0.0,1.29,717.47,0.0,59789.01
77,9,6,917.13,0.6779,1.99,0.0,1.35,621.76,0.0,51813.7
77,10,0,913.84,0.6328,2.1,0.0,1.24,578.26,0.0,48188.4
77,10,8,1053.17,0.4722,1.85,0.0,0.92,497.3,0.0,41441.6
77,11,0,995.06,0.4848,2.02,0.0,0.97,482.43,0.0,40202.63
77,11,5,953.01,0.4809,2.15,0.0,0.91,458.34,0.0,38194.64
77,12,4,984.63,0.6469,1.88,0.0,1.41,636.99,0.0,53082.25
77,12,5,1007.86,0.6021,2.09,0.0,1.14,606.88,0.0,50573.17
77,13,0,940.23,0.5757,1.92,0.0,1.18,541.32,0.0,45109.6
77,13,4,1099.03,0.5248,2.06,0.0,1.03,576.83,0.0,48068.81
77,14,0,987.62,0.4797,2.01,0.0,0.97,473.72,0.0,39476.85
77,14,8,924.2,0.487,1.89,0.0,0.88,450.06,0.0,37505.07
78,0,1,953.4,0.5253,2.17,0.0,1.05,500.83,0.0,41735.6
78,0,2,1029.61,0.5647,2.04,0.0,1.06,581.4,0.0,48449.7
78,0,3,934.23,0.5824,2.09,0.0,1.27,544.11,0.0,45342.8
78,0,5,932.68,0.5619,1.95,0.0,1.15,524.03,0.0,43669.39
78,0,7,1097.9,0.5692,2.06,0.0,1.16,624.94,0.0,52077.95
78,0,9,1011.39,0.4152,2.07,0.0,0.9,419.92,0.0,34993.48
78,0,10,1068.57,0.5033,2.11,0.0,0.92,537.86,0.0,44821.53
78,0,11,945.81,0.4971,1.81,0.0,1.05,470.12,0.0,39176.3
78,0,13,963.09,0.4426,1.91,0.0,0.84,426.22,0.0,35518.56
78,0,14,942.2,0.4267,2.18,0.0,0.81,402.05,0.0,33503.99
78,1,0,1075.27,0.4577,1.93,0.0,0.88,492.19,0.0,41015.55
78,1,3,1031.09,0.5716,1.96,0.0,1.2,589.36,0.0,49113.45
78,1,4,1082.91,0.5244,1.98,0.0,1.14,567.9,0.0,47325.2
78,1,6,952.98,0.4975,1.9,0.0,1.04,474.08,0.0,39507.05
78,1,7,1012.27,0.5905,1.91,0.0,1.14,597.79,0.0,49815.64
78,1,8,1016.92,0.561,2.16,0.0,1.04,570.49,0.0,47540.61
78,2,0,979.88,0.4261,1.89,0.0,0.82,417.54,0.0,34794.65
78,2,4,1099.51,0.5515,2.0,0.0,1.04,606.36,0.0,50529.68
78,3,0,918.18,0.5756,1.82,0.0,1.15,528.48,0.0,44039.83
78,3,1,921.93,0.5706,2.05,0.0,1.14,526.08,0.0,43840.32
78,3,8,1058.42,0.4901,1.97,0.0,0.9,518.77,0.0,43230.49
78,4,1,912.71,0.4734,1.95,0.0,0.89,432.1,0.0,36008.57
78,4,2,1099.22,0.474,2.01,0.0,1.02,521.07,0.0,43422.18
78,4,5,1094.22,0.4698,2.14,0.0,0.98,514.09,0.0,42840.57
78,4,6,902.3,0.4926,2.09,0.0,0.91,444.45,0.0,37037.77
78,4,12,1036.34,0.4481,2.01,0.0,0.96,464.41,0.0,38700.68
78,4,13,953.37,0.5463,2.06,0.0,1.08,520.82,0.0,43401.72
78,5,0,922.31,0.5575,1.97,0.0,1.09,514.21,0.0,42850.55
78,5,4,990.74,0.5632,2.18,0.0,1.2,558.03,0.0,46502.62
78,5,11,1075.17,0.4594,1.91,0.0,0.95,493.92,0.0,41160.32
78,5,12,1000.12,0.4038,1.87,0.0,0.8,403.87,0.0,33656.06
78,6,1,1082.53,0.4773,2.15,0.0,0.93,516.65,0.0,43053.8
78,6,4,959.69,0.5358,2.06,0.0,1.08,514.2,0.0,42849.7
78,6,9,1021.79,0.5681,1.86,0.0,1.21,580.45,0.0,48371.1
78,7,0,1052.5,0.495,2.02,0.0,1.03,521.0,0.0,43416.71
78,7,1,1055.73,0.5788,2.01,0.0,1.06,611.06,0.0,50921.41
78,8,1,900.11,0.5401,1.93,0.0,0.98,486.14,0.0,40511.35
78,8,3,903.9,0.5157,2.17,0.0,1.0,466.1,0.0,38841.54
78,8,10,1075.74,0.5105,2.13,0.0,0.98,549.17,0.0,45763.77
78,8,14,961.5,0.4457,1.82,0.0,0.94,428.53,0.0,35710.83
78,9,0,1075.6,0.5859,2.18,0.0,1.2,630.18,0.0,52514.93
78,9,6,917.13,0.5865,1.99,0.0,1.09,537.86,0.0,44821.56
78,10,0,913.84,0.4608,2.1,0.0,0.91,421.07,0.0,35089.03
78,10,8,1053.17,0.5325,1.85,0.0,1.08,560.84,0.0,46736.43
78,11,0,995.06,0.4991,2.02,0.0,0.99,496.63,0.0,41385.74
78,11,5,953.01,0.5457,2.15,0.0,1.04,520.09,0.0,43340.95
78,12,4,984.63,0.4898,1.88,0.0,1.02,482.31,0.0,40192.79
78,12,5,1007.86,0.5025,2.09,0.0,0.96,506.44,0.0,42203.34
78,13,0,940.23,0.4076,1.92,0.0,0.9,383.25,0.0,31937.14
78,13,4,1099.03,0.4215,2.06,0.0,0.82,463.2,0.0,38600.38
78,14,0,987.62,0.5271,2.01,0.0,1.05,520.6,0.0,43383.27
78,14,8,924.2,0.5406,1.89,0.0,1.15,499.64,0.0,41637.02
79,0,1,953.4,0.4414,2.17,0.0,0.81,420.85,0.0,35070.55
79,0,2,1029.61,0.3546,2.04,0.0,0.72,365.07,0.0,30422.54
79,0,3,934.23,0.4307,2.09,0.0,0.84,402.33,0.0,33527.24
79,0,5,932.68,0.3554,1.95,0.0,0.77,331.52,0.0,27626.48
79,0,7,1097.9,0.3885,2.06,0.0,0.79,426.53,0.0,35544.3
79,0,9,1011.39,0.3531,2.07,0.0,0.71,357.11,0.0,29759.36
79,0,10,1068.57,0.44,2.11,0.0,0.96,470.16,0.0,39180.07
79,0,11,945.81,0.4873,1.81,0.0,0.93,460.85,0.0,38404.01
79,0,13,963.09,0.3664,1.91,0.0,0.78,352.92,0.0,29409.88
79,0,14,942.2,0.3406,2.18,0.0,0.67,320.89,0.0,26740.8
79,1,0,1075.27,0.3457,1.93,0.0,0.72,371.69,0.0,30974.24
79,1,3,1031.09,0.384,1.96,0.0,0.84,395.92,0.0,32993.05
79,1,4,1082.91,0.4165,1.98,0.0,0.88,451.01,0.0,37584.26
79,1,6,952.98,0.3489,1.9,0.0,0.71,332.48,0.0,27706.64
79,1,7,1012.27,0.4865,1.91,0.0,1.03,492.43,0.0,41035.48
79,1,8,1016.92,0.4992,2.16,0.0,0.9,507.64,0.0,42303.06
79,2,0,979.88,0.3517,1.89,0.0,0.69,344.61,0.0,28717.46
79,2,4,1099.51,0.4872,2.0,0.0,1.04,535.71,0.0,44642.75
79,3,0,918.18,0.3633,1.82,0.0,0.76,333.56,0.0,27796.39
79,3,1,921.93,0.4574,2.05,0.0,0.91,421.73,0.0,35143.81
79,3,8,1058.42,0.3392,1.97,0.0,0.64,358.97,0.0,29914.11
79,4,1,912.71,0.4962,1.95,0.0,0.96,452.85,0.0,37737.45
79,4,2,1099.22,0.4543,2.01,0.0,0.9,499.35,0.0,41612.46
79,4,5,1094.22,0.479,2.14,0.0,0.88,524.1,0.0,43674.62
79,4,6,902.3,0.4933,2.09,0.0,1.07,445.07,0.0,37089.08
79,4,12,1036.34,0.4312,2.01,0.0,0.89,446.87,0.0,37239.54
79,4,13,953.37,0.4287,2.06,0.0,0.86,408.74,0.0,34061.6
79,5,0,922.31,0.438,1.97,0.0,0.82,403.97,0.0,33664.09
79,5,4,990.74,0.3753,2.18,0.0,0.72,371.86,0.0,30988.33
79,5,11,1075.17,0.4154,1.91,0.0,0.82,446.61,0.0,37217.18
79,5,12,1000.12,0.3668,1.87,0.0,0.68,366.86,0.0,30571.91
79,6,1,1082.53,0.3752,2.15,0.0,0.73,406.18,0.0,33848.05
79,6,4,959.69,0.3917,2.06,0.0,0.76,375.93,0.0,31327.43
79,6,9,1021.79,0.4951,1.86,0.0,1.04,505.86,0.0,42155.06
79,7,0,1052.5,0.4143,2.02,0.0,0.9,436.05,0.0,36337.77
79,7,1,1055.73,0.3822,2.01,0.0,0.69,403.55,0.0,33628.78
79,8,1,900.11,0.4869,1.93,0.0,0.9,438.26,0.0,36521.79
79,8,3,903.9,0.4133,2.17,0.0,0.89,373.56,0.0,31129.88
79,8,10,1075.74,0.4216,2.13,0.0,0.76,453.56,0.0,37796.37
79,8,14,961.5,0.4842,1.82,0.0,0.92,465.56,0.0,38796.75
79,9,0,1075.6,0.5004,2.18,0.0,1.01,538.27,0.0,44855.61
79,9,6,917.13,0.4864,1.99,0.0,0.98,446.08,0.0,37173.68
79,10,0,913.84,0.4901,2.1,0.0,0.92,447.86,0.0,37321.52
79,10,8,1053.17,0.3599,1.85,0.0,0.76,379.05,0.0,31587.71
79,11,0,995.06,0.4,2.02,0.0,0.83,398.02,0.0,33168.68
79,11,5,953.01,0.4487,2.15,0.0,0.81,427.66,0.0,35638.47
79,12,4,984.63,0.4653,1.88,0.0,0.97,458.15,0.0,38179.28
79,12,5,1007.86,0.3353,2.09,0.0,0.65,337.91,0.0,28159.26
79,13,0,940.23,0.3673,1.92,0.0,0.73,345.39,0.0,28782.09
79,13,4,1099.03,0.455,2.06,0.0,0.92,500.08,0.0,41673.46
79,14,0,987.62,0.445,2.01,0.0,0.92,439.48,0.0,36623.31
79,14,8,924.2,0.4111,1.89,0.0,0.87,379.92,0.0,31659.93
80,0,1,953.4,0.4088,2.17,0.0,0.82,389.73,0.0,32477.39
80,0,2,1029.61,0.4999,2.04,0.0,1.02,514.65,0.0,42887.63
80,0,3,934.23,0.4125,2.09,0.0,0.79,385.33,0.0,32111.22
80,0,5,932.68,0.5664,1.95,0.0,1.23,528.3,0.0,44024.77
80,0,7,1097.9,0.5274,2.06,0.0,1.1,579.07,0.0,48256.16
80,0,9,1011.39,0.4906,2.07,0.0,1.03,496.21,0.0,41350.43
80,0,10,1068.57,0.5279,2.11,0.0,1.05,564.12,0.0,47010.31
80,0,11,945.81,0.5435,1.81,0.0,1.16,514.04,0.0,42836.55
80,0,13,963.09,0.5224,1.91,0.0,1.09,503.08,0.0,41922.99
80,0,14,942.2,0.4555,2.18,0.0,0.93,429.14,0.0,35762.01
80,1,0,1075.27,0.4434,1.93,0.0,0.82,476.76,0.0,39730.12
80,1,3,1031.09,0.5705,1.96,0.0,1.13,588.23,0.0,49019.04
80,1,4,1082.91,0.5585,1.98,0.0,1.22,604.82,0.0,50401.9
80,1,6,952.98,0.4298,1.9,0.0,0.87,409.59,0.0,34132.37
80,1,7,1012.27,0.5218,1.91,0.0,1.02,528.25,0.0,44020.64
80,1,8,1016.92,0.4843,2.16,0.0,0.99,492.46,0.0,41038.57
80,2,0,979.88,0.5659,1.89,0.0,1.05,554.49,0.0,46207.54
80,2,4,1099.51,0.4194,2.0,0.0,0.81,461.18,0.0,38431.67
80,3,0,918.18,0.5007,1.82,0.0,1.06,459.74,0.0,38311.55
80,3,1,921.93,0.4999,2.05,0.0,0.99,460.87,0.0,38406.19
80,3,8,1058.42,0.4303,1.97,0.0,0.84,455.39,0.0,37949.1
80,4,1,912.71,0.415,1.95,0.0,0.91,378.76,0.0,31562.98
80,4,2,1099.22,0.4963,2.01,0.0,1.0,545.5,0.0,45458.42
80,4,5,1094.22,0.5419,2.14,0.0,1.07,592.95,0.0,49412.78
80,4,6,902.3,0.4989,2.09,0.0,0.91,450.16,0.0,37512.98
80,4,12,1036.34,0.5078,2.01,0.0,1.04,526.25,0.0,43854.31
80,4,13,953.37,0.554,2.06,0.0,1.11,528.12,0.0,44010.12
80,5,0,922.31,0.5067,1.97,0.0,0.97,467.37,0.0,38947.45
80,5,4,990.74,0.4767,2.18,0.0,1.04,472.24,0.0,39353.62
80,5,11,1075.17,0.4353,1.91,0.0,0.89,467.98,0.0,38998.34
80,5,12,1000.12,0.5895,1.87,0.0,1.19,589.54,0.0,49128.58
80,6,1,1082.53,0.5976,2.15,0.0,1.28,646.87,0.0,53906.19
80,6,4,959.69,0.5304,2.06,0.0,1.04,509.0,0.0,42416.33
80,6,9,1021.79,0.5859,1.86,0.0,1.28,598.7,0.0,49891.8
80,7,0,1052.5,0.4304,2.02,0.0,0.89,452.95,0.0,37746.24
80,7,1,1055.73,0.4442,2.01,0.0,0.87,469.01,0.0,39083.79
80,8,1,900.11,0.5991,1.93,0.0,1.19,539.29,0.0,44941.25
80,8,3,903.9,0.4281,2.17,0.0,0.94,386.94,0.0,32244.71
80,8,10,1075.74,0.5934,2.13,0.0,1.21,638.36,0.0,53196.47
80,8,14,961.5,0.4788,1.82,0.0,0.86,460.39,0.0,38365.96
80,9,0,1075.6,0.6015,2.18,0.0,1.29,646.93,0.0,53911.02
80,9,6,917.13,0.5329,1.99,0.0,1.05,488.75,0.0,40729.52
80,10,0,913.84,0.5477,2.1,0.0,1.05,500.49,0.0,41707.45
80,10,8,1053.17,0.5834,1.85,0.0,1.16,614.45,0.0,51203.8
80,11,0,995.06,0.4474,2.02,0.0,0.84,445.14,0.0,37095.33
80,11,5,953.01,0.4081,2.15,0.0,0.84,388.91,0.0,32408.76
80,12,4,984.63,0.4521,1.88,0.0,0.93,445.18,0.0,37098.45
80,12,5,1007.86,0.4504,2.09,0.0,0.89,453.91,0.0,37825.5
80,13,0,940.23,0.4044,1.92,0.0,0.81,380.19,0.0,31682.3
80,13,4,1099.03,0.4195,2.06,0.0,0.81,461.08,0.0,38423.54
80,14,0,987.62,0.4562,2.01,0.0,0.95,450.54,0.0,37545.35
80,14,8,924.2,0.4256,1.89,0.0,0.91,393.3,0.0,32775.41
81,0,1,953.4,0.4375,2.17,0.0,0.8,417.13,0.0,34761.1
81,0,2,1029.61,0.4673,2.04,0.0,0.86,481.11,0.0,40092.66
81,0,3,934.23,0.4796,2.09,0.0,0.94,448.04,0.0,37336.68
81,0,5,932.68,0.3498,1.95,0.0,0.64,326.29,0.0,27191.17
81,0,7,1097.9,0.3783,2.06,0.0,0.82,415.31,0.0,34608.91
81,0,9,1011.39,0.4158,2.07,0.0,0.75,420.52,0.0,35043.17
81,0,10,1068.57,0.3845,2.11,0.0,0.77,410.87,0.0,34238.79
81,0,11,945.81,0.3855,1.81,0.0,0.75,364.64,0.0,30386.7
81,0,13,963.09,0.3355,1.91,0.0,0.72,323.08,0.0,26923.46
81,0,14,942.2,0.4199,2.18,0.0,0.78,395.64,0.0,32970.27
81,1,0,1075.27,0.3324,1.93,0.0,0.64,357.47,0.0,29789.15
81,1,3,1031.09,0.4439,1.96,0.0,0.86,457.67,0.0,38139.01
81,1,4,1082.91,0.3599,1.98,0.0,0.68,389.69,0.0,32473.93
81,1,6,952.98,0.4803,1.9,0.0,0.86,457.72,0.0,38143.07
81,1,7,1012.27,0.3712,1.91,0.0,0.73,375.8,0.0,31316.72
81,1,8,1016.92,0.4173,2.16,0.0,0.77,424.31,0.0,35359.4
81,2,0,979.88,0.332,1.89,0.0,0.68,325.32,0.0,27109.9
81,2,4,1099.51,0.4232,2.0,0.0,0.77,465.34,0.0,38778.27
81,3,0,918.18,0.4264,1.82,0.0,0.82,391.53,0.0,32627.74
81,3,1,921.93,0.4178,2.05,0.0,0.83,385.19,0.0,32098.78
81,3,8,1058.42,0.3466,1.97,0.0,0.75,366.88,0.0,30573.14
81,4,1,912.71,0.4582,1.95,0.0,0.84,418.23,0.0,34852.46
81,4,2,1099.22,0.3467,2.01,0.0,0.64,381.13,0.0,31760.59
81,4,5,1094.22,0.4463,2.14,0.0,0.94,488.33,0.0,40693.9
81,4,6,902.3,0.4534,2.09,0.0,0.82,409.06,0.0,34088.61
81,4,12,1036.34,0.3898,2.01,0.0,0.84,404.0,0.0,33666.73
81,4,13,953.37,0.3668,2.06,0.0,0.74,349.7,0.0,29141.6
81,5,0,922.31,0.3426,1.97,0.0,0.65,315.95,0.0,26329.55
81,5,4,990.74,0.3374,2.18,0.0,0.72,334.29,0.0,27857.65
81,5,11,1075.17,0.4201,1.91,0.0,0.89,451.63,0.0,37635.57
81,5,12,1000.12,0.3503,1.87,0.0,0.68,350.34,0.0,29194.98
81,6,1,1082.53,0.4204,2.15,0.0,0.89,455.12,0.0,37926.51
81,6,4,959.69,0.4806,2.06,0.0,0.9,461.26,0.0,38437.97
81,6,9,1021.79,0.429,1.86,0.0,0.88,438.37,0.0,36531.02
81,7,0,1052.5,0.3531,2.02,0.0,0.71,371.59,0.0,30965.85
81,7,1,1055.73,0.3614,2.01,0.0,0.77,381.57,0.0,31797.31
81,8,1,900.11,0.3939,1.93,0.0,0.76,354.57,0.0,29547.18
81,8,3,903.9,0.4466,2.17,0.0,0.88,403.68,0.0,33640.26
81,8,10,1075.74,0.3479,2.13,0.0,0.73,374.29,0.0,31190.45
81,8,14,961.5,0.3604,1.82,0.0,0.72,346.55,0.0,28878.77
81,9,0,1075.6,0.3307,2.18,0.0,0.69,355.65,0.0,29637.87
81,9,6,917.13,0.4182,1.99,0.0,0.86,383.51,0.0,31958.91
81,10,0,913.84,0.3706,2.1,0.0,0.77,338.69,0.0,28224.2
81,10,8,1053.17,0.4751,1.85,0.0,1.02,500.33,0.0,41694.49
81,11,0,995.06,0.4501,2.02,0.0,0.9,447.87,0.0,37322.24
81,11,5,953.01,0.4277,2.15,0.0,0.88,407.58,0.0,33964.92
81,12,4,984.63,0.4231,1.88,0.0,0.83,416.62,0.0,34717.95
81,12,5,1007.86,0.3843,2.09,0.0,0.7,387.35,0.0,32278.92
81,13,0,940.23,0.3531,1.92,0.0,0.74,331.98,0.0,27665.33
81,13,4,1099.03,0.3846,2.06,0.0,0.72,422.67,0.0,35222.3
81,14,0,987.62,0.3405,2.01,0.0,0.72,336.3,0.0,28024.85
81,14,8,924.2,0.4303,1.89,0.0,0.93,397.7,0.0,33141.38
82,0,1,953.4,0.5445,2.17,0.0,1.19,519.12,0.0,43259.89
82,0,2,1029.61,0.4846,2.04,0.0,0.98,498.96,0.0,41579.94
82,0,3,934.23,0.577,2.09,0.0,1.08,539.09,0.0,44923.81
82,0,5,932.68,0.5181,1.95,0.0,1.13,483.25,0.0,40271.02
82,0,7,1097.9,0.6133,2.06,0.0,1.21,673.38,0.0,56115.4
82,0,9,1011.39,0.5028,2.07,0.0,1.06,508.56,0.0,42380.17
82,0,10,1068.57,0.6142,2.11,0.0,1.11,656.32,0.0,54693.51
82,0,11,945.81,0.654,1.81,0.0,1.22,618.53,0.0,51544.47
82,0,13,963.09,0.707,1.91,0.0,1.55,680.92,0.0,56743.07
82,0,14,942.2,0.5001,2.18,0.0,1.06,471.24,0.0,39269.8
82,1,0,1075.27,0.5515,1.93,0.0,1.0,592.96,0.0,49413.72
82,1,3,1031.09,0.4959,1.96,0.0,0.99,511.32,0.0,42610.25
82,1,4,1082.91,0.5969,1.98,0.0,1.18,646.41,0.0,53867.14
82,1,6,952.98,0.5753,1.9,0.0,1.09,548.26,0.0,45688.25
82,1,7,1012.27,0.691,1.91,0.0,1.27,699.52,0.0,58293.58
82,1,8,1016.92,0.4826,2.16,0.0,0.93,490.74,0.0,40895.33
82,2,0,979.88,0.5168,1.89,0.0,0.96,506.41,0.0,42201.19
82,2,4,1099.51,0.6072,2.0,0.0,1.14,667.65,0.0,55637.24
82,3,0,918.18,0.6039,1.82,0.0,1.3,554.5,0.0,46208.05
82,3,1,921.93,0.6026,2.05,0.0,1.17,555.54,0.0,46294.58
82,3,8,1058.42,0.4886,1.97,0.0,0.94,517.15,0.0,43095.64
82,4,1,912.71,0.5854,1.95,0.0,1.15,534.26,0.0,44521.62
82,4,2,1099.22,0.6874,2.01,0.0,1.27,755.65,0.0,62970.8
82,4,5,1094.22,0.6822,2.14,0.0,1.47,746.49,0.0,62207.29
82,4,6,902.3,0.5602,2.09,0.0,1.12,505.48,0.0,42123.59
82,4,12,1036.34,0.5064,2.01,0.0,1.05,524.82,0.0,43735.11
82,4,13,953.37,0.572,2.06,0.0,1.26,545.37,0.0,45447.17
82,5,0,922.31,0.5949,1.97,0.0,1.1,548.67,0.0,45722.49
82,5,4,990.74,0.6889,2.18,0.0,1.4,682.53,0.0,56877.54
82,5,11,1075.17,0.6384,1.91,0.0,1.27,686.39,0.0,57198.75
82,5,12,1000.12,0.5889,1.87,0.0,1.24,588.99,0.0,49082.91
82,6,1,1082.53,0.474,2.15,0.0,0.97,513.08,0.0,42756.31
82,6,4,959.69,0.522,2.06,0.0,1.03,500.93,0.0,41743.85
82,6,9,1021.79,0.6497,1.86,0.0,1.2,663.89,0.0,55324.05
82,7,0,1052.5,0.6425,2.02,0.0,1.29,676.24,0.0,56353.64
82,7,1,1055.73,0.5738,2.01,0.0,1.21,605.75,0.0,50479.38
82,8,1,900.11,0.5433,1.93,0.0,1.18,488.99,0.0,40749.0
82,8,3,903.9,0.6601,2.17,0.0,1.31,596.63,0.0,49718.82
82,8,10,1075.74,0.6463,2.13,0.0,1.3,695.29,0.0,57940.64
82,8,14,961.5,0.6756,1.82,0.0,1.43,649.55,0.0,54129.22
82,9,0,1075.6,0.617,2.18,0.0,1.22,663.61,0.0,55300.92
82,9,6,917.13,0.4767,1.99,0.0,0.94,437.2,0.0,36433.07
82,10,0,913.84,0.6648,2.1,0.0,1.39,607.56,0.0,50629.76
82,10,8,1053.17,0.4915,1.85,0.0,1.06,517.68,0.0,43139.93
82,11,0,995.06,0.6461,2.02,0.0,1.36,642.9,0.0,53575.1
82,11,5,953.01,0.6776,2.15,0.0,1.47,645.8,0.0,53817.05
82,12,4,984.63,0.598,1.88,0.0,1.12,588.8,0.0,49066.77
82,12,5,1007.86,0.6262,2.09,0.0,1.26,631.15,0.0,52595.48
82,13,0,940.23,0.6257,1.92,0.0,1.14,588.27,0.0,49022.5
82,13,4,1099.03,0.5841,2.06,0.0,1.27,641.94,0.0,53495.18
82,14,0,987.62,0.535,2.01,0.0,1.01,528.33,0.0,44027.91
82,14,8,924.2,0.5446,1.89,0.0,1.09,503.33,0.0,41944.23
83,0,1,953.4,0.636,2.17,0.0,1.37,606.35,0.0,50529.56
83,0,2,1029.61,0.5072,2.04,0.0,0.96,522.21,0.0,43517.59
83,0,3,934.23,0.6154,2.09,0.0,1.31,574.93,0.0,47910.94
83,0,5,932.68,0.6101,1.95,0.0,1.17,569.0,0.0,47416.89
83,0,7,1097.9,0.6177,2.06,0.0,1.29,678.15,0.0,56512.87
83,0,9,1011.39,0.5522,2.07,0.0,1.07,558.51,0.0,46542.39
83,0,10,1068.57,0.5706,2.11,0.0,1.17,609.73,0.0,50810.84
83,0,11,945.81,0.4793,1.81,0.0,0.98,453.32,0.0,37776.43
83,0,13,963.09,0.6445,1.91,0.0,1.16,620.71,0.0,51725.5
83,0,14,942.2,0.6591,2.18,0.0,1.37,620.97,0.0,51747.65
83,1,0,1075.27,0.4872,1.93,0.0,0.91,523.9,0.0,43658.61
83,1,3,1031.09,0.4656,1.96,0.0,0.93,480.03,0.0,40002.64
83,1,4,1082.91,0.6724,1.98,0.0,1.43,728.2,0.0,60683.05
83,1,6,952.98,0.5209,1.9,0.0,1.07,496.4,0.0,41366.39
83,1,7,1012.27,0.5699,1.91,0.0,1.2,576.9,0.0,48074.9
83,1,8,1016.92,0.6505,2.16,0.0,1.25,661.52,0.0,55127.08
83,2,0,979.88,0.5555,1.89,0.0,1.11,544.34,0.0,45361.76
83,2,4,1099.51,0.6604,2.0,0.0,1.24,726.09,0.0,60507.86
83,3,0,918.18,0.5773,1.82,0.0,1.15,530.09,0.0,44173.94
83,3,1,921.93,0.6133,2.05,0.0,1.14,565.37,0.0,47114.53
83,3,8,1058.42,0.5453,1.97,0.0,1.18,577.17,0.0,48097.82
83,4,1,912.71,0.5224,1.95,0.0,1.0,476.77,0.0,39731.0
83,4,2,1099.22,0.653,2.01,0.0,1.33,717.8,0.0,59816.92
83,4,5,1094.22,0.4748,2.14,0.0,0.96,519.53,0.0,43294.3
83,4,6,902.3,0.6949,2.09,0.0,1.37,627.01,0.0,52251.15
83,4,12,1036.34,0.5866,2.01,0.0,1.27,607.92,0.0,50660.36
83,4,13,953.37,0.5924,2.06,0.0,1.22,564.82,0.0,47068.24
83,5,0,922.31,0.5704,1.97,0.0,1.2,526.13,0.0,43844.15
83,5,4,990.74,0.5822,2.18,0.0,1.09,576.81,0.0,48067.61
83,5,11,1075.17,0.5736,1.91,0.0,1.07,616.69,0.0,51391.06
83,5,12,1000.12,0.4748,1.87,0.0,0.87,474.83,0.0,39569.45
83,6,1,1082.53,0.6031,2.15,0.0,1.27,652.84,0.0,54403.5
83,6,4,959.69,0.6925,2.06,0.0,1.41,664.54,0.0,55378.74
83,6,9,1021.79,0.5667,1.86,0.0,1.04,579.06,0.0,48254.82
83,7,0,1052.5,0.5436,2.02,0.0,1.08,572.09,0.0,47674.4
83,7,1,1055.73,0.5023,2.01,0.0,1.01,530.29,0.0,44191.23
83,8,1,900.11,0.5851,1.93,0.0,1.17,526.68,0.0,43889.75
83,8,3,903.9,0.4925,2.17,0.0,1.01,445.21,0.0,37100.69
83,8,10,1075.74,0.6889,2.13,0.0,1.51,741.13,0.0,61760.9
83,8,14,961.5,0.6337,1.82,0.0,1.24,609.33,0.0,50777.42
83,9,0,1075.6,0.5715,2.18,0.0,1.18,614.7,0.0,51224.61
83,9,6,917.13,0.6439,1.99,0.0,1.36,590.52,0.0,49210.07
83,10,0,913.84,0.6441,2.1,0.0,1.37,588.62,0.0,49052.0
83,10,8,1053.17,0.6043,1.85,0.0,1.19,636.47,0.0,53039.14
83,11,0,995.06,0.5306,2.02,0.0,1.07,528.01,0.0,44000.58
83,11,5,953.01,0.6931,2.15,0.0,1.45,660.52,0.0,55043.51
83,12,4,984.63,0.5685,1.88,0.0,1.17,559.72,0.0,46643.53
83,12,5,1007.86,0.6621,2.09,0.0,1.4,667.33,0.0,55610.72
83,13,0,940.23,0.5133,1.92,0.0,1.04,482.66,0.0,40221.94
83,13,4,1099.03,0.5139,2.06,0.0,0.97,564.83,0.0,47069.11
83,14,0,987.62,0.6472,2.01,0.0,1.32,639.22,0.0,53268.16
83,14,8,924.2,0.5779,1.89,0.0,1.16,534.11,0.0,44509.02
84,0,1,953.4,0.5162,2.17,0.0,1.05,492.1,0.0,41008.49
84,0,2,1029.61,0.5335,2.04,0.0,1.08,549.27,0.0,45772.58
84,0,3,934.23,0.4363,2.09,0.0,0.87,407.64,0.0,33970.37
84,0,5,932.68,0.5861,1.95,0.0,1.21,546.62,0.0,45551.58
84,0,7,1097.9,0.4173,2.06,0.0,0.83,458.2,0.0,38183.3
84,0,9,1011.39,0.5418,2.07,0.0,1.08,547.98,0.0,45664.84
84,0,10,1068.57,0.4544,2.11,0.0,0.85,485.59,0.0,40466.03
84,0,11,945.81,0.5072,1.81,0.0,0.94,479.67,0.0,39972.55
84,0,13,963.09,0.5255,1.91,0.0,1.08,506.08,0.0,42173.32
84,0,14,942.2,0.5881,2.18,0.0,1.08,554.08,0.0,46173.28
84,1,0,1075.27,0.438,1.93,0.0,0.91,470.94,0.0,39245.38
84,1,3,1031.09,0.6103,1.96,0.0,1.23,629.23,0.0,52435.57
84,1,4,1082.91,0.5988,1.98,0.0,1.16,648.43,0.0,54035.99
84,1,6,952.98,0.4894,1.9,0.0,1.03,466.36,0.0,38863.14
84,1,7,1012.27,0.5255,1.91,0.0,1.03,531.95,0.0,44329.44
84,1,8,1016.92,0.4466,2.16,0.0,0.88,454.19,0.0,37849.56
84,2,0,979.88,0.4994,1.89,0.0,1.06,489.3,0.0,40775.26
84,2,4,1099.51,0.5362,2.0,0.0,1.07,589.56,0.0,49130.33
84,3,0,918.18,0.4902,1.82,0.0,0.98,450.12,0.0,37509.88
84,3,1,921.93,0.4783,2.05,0.0,0.86,440.99,0.0,36749.29
84,3,8,1058.42,0.4302,1.97,0.0,0.88,455.36,0.0,37946.78
84,4,1,912.71,0.582,1.95,0.0,1.12,531.24,0.0,44269.81
84,4,2,1099.22,0.5819,2.01,0.0,1.09,639.66,0.0,53304.84
84,4,5,1094.22,0.4328,2.14,0.0,0.89,473.59,0.0,39466.06
84,4,6,902.3,0.5419,2.09,0.0,1.06,488.92,0.0,40743.36
84,4,12,1036.34,0.5983,2.01,0.0,1.14,620.06,0.0,51672.03
84,4,13,953.37,0.5085,2.06,0.0,1.0,484.79,0.0,40398.89
84,5,0,922.31,0.565,1.97,0.0,1.07,521.15,0.0,43429.09
84,5,4,990.74,0.5149,2.18,0.0,1.01,510.09,0.0,42507.34
84,5,11,1075.17,0.5454,1.91,0.0,1.14,586.38,0.0,48864.62
84,5,12,1000.12,0.5768,1.87,0.0,1.04,576.84,0.0,48069.89
84,6,1,1082.53,0.5607,2.15,0.0,1.21,606.94,0.0,50578.16
84,6,4,959.69,0.5419,2.06,0.0,1.12,520.03,0.0,43336.02
84,6,9,1021.79,0.4495,1.86,0.0,0.92,459.3,0.0,38275.19
84,7,0,1052.5,0.4211,2.02,0.0,0.78,443.2,0.0,36933.39
84,7,1,1055.73,0.4451,2.01,0.0,0.91,469.93,0.0,39160.56
84,8,1,900.11,0.4297,1.93,0.0,0.77,386.77,0.0,32230.52
84,8,3,903.9,0.501,2.17,0.0,1.02,452.9,0.0,37741.37
84,8,10,1075.74,0.4387,2.13,0.0,0.85,471.95,0.0,39329.43
84,8,14,961.5,0.5495,1.82,0.0,1.19,528.34,0.0,44028.05
84,9,0,1075.6,0.6107,2.18,0.0,1.12,656.86,0.0,54738.01
84,9,6,917.13,0.5562,1.99,0.0,1.11,510.06,0.0,42505.18
84,10,0,913.84,0.5028,2.1,0.0,1.02,459.49,0.0,38290.59
84,10,8,1053.17,0.4597,1.85,0.0,1.0,484.1,0.0,40341.85
84,11,0,995.06,0.4483,2.02,0.0,0.89,446.11,0.0,37175.77
84,11,5,953.01,0.5842,2.15,0.0,1.15,556.78,0.0,46397.92
84,12,4,984.63,0.4922,1.88,0.0,0.99,484.62,0.0,40385.27
84,12,5,1007.86,0.4176,2.09,0.0,0.88,420.86,0.0,35071.7
84,13,0,940.23,0.5397,1.92,0.0,1.13,507.42,0.0,42285.08
84,13,4,1099.03,0.5232,2.06,0.0,1.02,574.99,0.0,47916.05
84,14,0,987.62,0.5322,2.01,0.0,1.11,525.59,0.0,43799.3
84,14,8,924.2,0.4603,1.89,0.0,0.92,425.39,0.0,35449.1
85,0,1,953.4,0.4163,2.17,0.0,0.76,396.89,0.0,33074.33
85,0,2,1029.61,0.3431,2.04,0.0,0.7,353.22,0.0,29435.35
85,0,3,934.23,0.3579,2.09,0.0,0.73,334.39,0.0,27866.19
85,0,5,932.68,0.4623,1.95,0.0,0.85,431.14,0.0,35928.2
85,0,7,1097.9,0.4127,2.06,0.0,0.75,453.15,0.0,37762.61
85,0,9,1011.39,0.4841,2.07,0.0,1.05,489.6,0.0,40800.18
85,0,10,1068.57,0.4586,2.11,0.0,0.9,490.03,0.0,40835.8
85,0,11,945.81,0.4247,1.81,0.0,0.82,401.68,0.0,33473.27
85,0,13,963.09,0.4518,1.91,0.0,0.93,435.08,0.0,36256.96
85,0,14,942.2,0.3924,2.18,0.0,0.85,369.68,0.0,30806.56
85,1,0,1075.27,0.418,1.93,0.0,0.8,449.41,0.0,37451.21
85,1,3,1031.09,0.3893,1.96,0.0,0.85,401.42,0.0,33451.31
85,1,4,1082.91,0.3754,1.98,0.0,0.72,406.48,0.0,33873.66
85,1,6,952.98,0.4519,1.9,0.0,0.99,430.67,0.0,35889.27
85,1,7,1012.27,0.468,1.91,0.0,0.97,473.74,0.0,39477.96
85,1,8,1016.92,0.4307,2.16,0.0,0.8,437.97,0.0,36497.31
85,2,0,979.88,0.4017,1.89,0.0,0.87,393.65,0.0,32804.22
85,2,4,1099.51,0.4569,2.0,0.0,0.84,502.36,0.0,41863.33
85,3,0,918.18,0.3403,1.82,0.0,0.62,312.43,0.0,26036.2
85,3,1,921.93,0.3277,2.05,0.0,0.67,302.1,0.0,25175.34
85,3,8,1058.42,0.465,1.97,0.0,1.02,492.21,0.0,41017.82
85,4,1,912.71,0.3792,1.95,0.0,0.69,346.12,0.0,28843.39
85,4,2,1099.22,0.377,2.01,0.0,0.82,414.45,0.0,34537.39
85,4,5,1094.22,0.4094,2.14,0.0,0.86,447.95,0.0,37328.83
85,4,6,902.3,0.4608,2.09,0.0,0.96,415.77,0.0,34647.82
85,4,12,1036.34,0.4701,2.01,0.0,0.92,487.18,0.0,40598.38
85,4,13,953.37,0.3647,2.06,0.0,0.71,347.72,0.0,28976.74
85,5,0,922.31,0.3398,1.97,0.0,0.65,313.4,0.0,26117.01
85,5,4,990.74,0.3439,2.18,0.0,0.69,340.67,0.0,28389.15
85,5,11,1075.17,0.3307,1.91,0.0,0.63,355.61,0.0,29634.24
85,5,12,1000.12,0.4453,1.87,0.0,0.82,445.35,0.0,37112.9
85,6,1,1082.53,0.3327,2.15,0.0,0.65,360.16,0.0,30013.66
85,6,4,959.69,0.3982,2.06,0.0,0.73,382.18,0.0,31848.65
85,6,9,1021.79,0.4631,1.86,0.0,0.97,473.18,0.0,39431.56
85,7,0,1052.5,0.4152,2.02,0.0,0.78,437.03,0.0,36419.48
85,7,1,1055.73,0.4583,2.01,0.0,0.88,483.81,0.0,40317.77
85,8,1,900.11,0.4799,1.93,0.0,0.95,432.01,0.0,36000.56
85,8,3,903.9,0.4313,2.17,0.0,0.9,389.82,0.0,32484.9
85,8,10,1075.74,0.4221,2.13,0.0,0.9,454.02,0.0,37835.25
85,8,14,961.5,0.4552,1.82,0.0,0.97,437.68,0.0,36473.73
85,9,0,1075.6,0.4702,2.18,0.0,0.89,505.76,0.0,42146.91
85,9,6,917.13,0.4712,1.99,0.0,1.0,432.15,0.0,36012.24
85,10,0,913.84,0.4823,2.1,0.0,1.05,440.74,0.0,36728.24
85,10,8,1053.17,0.39,1.85,0.0,0.79,410.78,0.0,34231.8
85,11,0,995.06,0.4126,2.02,0.0,0.9,410.61,0.0,34217.1
85,11,5,953.01,0.3738,2.15,0.0,0.77,356.26,0.0,29688.27
85,12,4,984.63,0.3535,1.88,0.0,0.67,348.08,0.0,29006.81
85,12,5,1007.86,0.4508,2.09,0.0,0.85,454.34,0.0,37861.86
85,13,0,940.23,0.4723,1.92,0.0,1.0,444.12,0.0,37009.71
85,13,4,1099.03,0.4508,2.06,0.0,0.85,495.41,0.0,41284.47
85,14,0,987.62,0.3289,2.01,0.0,0.72,324.86,0.0,27071.53
85,14,8,924.2,0.4664,1.89,0.0,1.02,431.05,0.0,35920.74
86,0,1,953.4,0.5998,2.17,0.0,1.31,571.87,0.0,47656.22
86,0,2,1029.61,0.6568,2.04,0.0,1.24,676.21,0.0,56351.0
86,0,3,934.23,0.6204,2.09,0.0,1.24,579.6,0.0,48299.59
86,0,5,932.68,0.6397,1.95,0.0,1.19,596.61,0.0,49717.43
86,0,7,1097.9,0.6841,2.06,0.0,1.24,751.09,0.0,62591.07
86,0,9,1011.39,0.5723,2.07,0.0,1.07,578.85,0.0,48237.35
86,0,10,1068.57,0.4847,2.11,0.0,1.0,517.97,0.0,43164.23
86,0,11,945.81,0.6587,1.81,0.0,1.25,622.98,0.0,51915.19
86,0,13,963.09,0.5432,1.91,0.0,1.12,523.14,0.0,43595.03
86,0,14,942.2,0.6497,2.18,0.0,1.35,612.19,0.0,51016.03
86,1,0,1075.27,0.5065,1.93,0.0,1.02,544.58,0.0,45381.42
86,1,3,1031.09,0.5803,1.96,0.0,1.06,598.37,0.0,49864.31
86,1,4,1082.91,0.559,1.98,0.0,1.03,605.31,0.0,50442.22
86,1,6,952.98,0.5776,1.9,0.0,1.11,550.48,0.0,45873.59
86,1,7,1012.27,0.4975,1.91,0.0,0.97,503.62,0.0,41968.35
86,1,8,1016.92,0.6772,2.16,0.0,1.47,688.62,0.0,57384.9
86,2,0,979.88,0.6863,1.89,0.0,1.43,672.46,0.0,56037.93
86,2,4,1099.51,0.5688,2.0,0.0,1.12,625.44,0.0,52119.76
86,3,0,918.18,0.6879,1.82,0.0,1.28,631.65,0.0,52637.14
86,3,1,921.93,0.5451,2.05,0.0,1.07,502.58,0.0,41881.53
86,3,8,1058.42,0.5082,1.97,0.0,1.1,537.85,0.0,44820.94
86,4,1,912.71,0.6078,1.95,0.0,1.3,554.77,0.0,46230.42
86,4,2,1099.22,0.4969,2.01,0.0,0.96,546.22,0.0,45518.73
86,4,5,1094.22,0.5081,2.14,0.0,0.98,555.97,0.0,46331.09
86,4,6,902.3,0.5844,2.09,0.0,1.13,527.29,0.0,43941.0
86,4,12,1036.34,0.5704,2.01,0.0,1.18,591.15,0.0,49262.7
86,4,13,953.37,0.5796,2.06,0.0,1.24,552.55,0.0,46045.49
86,5,0,922.31,0.5759,1.97,0.0,1.08,531.2,0.0,44266.54
86,5,4,990.74,0.7003,2.18,0.0,1.42,693.84,0.0,57820.1
86,5,11,1075.17,0.6337,1.91,0.0,1.14,681.32,0.0,56776.92
86,5,12,1000.12,0.5291,1.87,0.0,1.07,529.15,0.0,44095.75
86,6,1,1082.53,0.4877,2.15,0.0,0.89,527.93,0.0,43994.1
86,6,4,959.69,0.6442,2.06,0.0,1.31,618.25,0.0,51520.78
86,6,9,1021.79,0.4887,1.86,0.0,0.93,499.32,0.0,41609.75
86,7,0,1052.5,0.5826,2.02,0.0,1.23,613.22,0.0,51102.06
86,7,1,1055.73,0.6461,2.01,0.0,1.26,682.07,0.0,56839.44
86,8,1,900.11,0.6888,1.93,0.0,1.44,619.95,0.0,51662.81
86,8,3,903.9,0.6292,2.17,0.0,1.28,568.74,0.0,47395.18
86,8,10,1075.74,0.4896,2.13,0.0,0.95,526.67,0.0,43888.93
86,8,14,961.5,0.5991,1.82,0.0,1.27,576.03,0.0,48002.18
86,9,0,1075.6,0.5102,2.18,0.0,1.0,548.82,0.0,45734.83
86,9,6,917.13,0.5309,1.99,0.0,0.99,486.89,0.0,40574.49
86,10,0,913.84,0.4768,2.1,0.0,0.86,435.75,0.0,36312.35
86,10,8,1053.17,0.4972,1.85,0.0,0.98,523.66,0.0,43638.47
86,11,0,995.06,0.4923,2.02,0.0,0.94,489.86,0.0,40821.58
86,11,5,953.01,0.5132,2.15,0.0,0.99,489.11,0.0,40759.05
86,12,4,984.63,0.6824,1.88,0.0,1.45,671.9,0.0,55991.76
86,12,5,1007.86,0.6619,2.09,0.0,1.39,667.13,0.0,55594.37
86,13,0,940.23,0.671,1.92,0.0,1.46,630.91,0.0,52575.51
86,13,4,1099.03,0.64,2.06,0.0,1.26,703.42,0.0,58618.73
86,14,0,987.62,0.4761,2.01,0.0,1.01,470.2,0.0,39183.27
86,14,8,924.2,0.4883,1.89,0.0,0.96,451.25,0.0,37604.09
87,0,1,953.4,0.538,2.17,0.0,1.09,512.97,0.0,42747.61
87,0,2,1029.61,0.4147,2.04,0.0,0.88,427.0,0.0,35583.66
87,0,3,934.23,0.4873,2.09,0.0,0.93,455.26,0.0,37938.38
87,0,5,932.68,0.5528,1.95,0.0,1.19,515.56,0.0,42963.4
87,0,7,1097.9,0.4816,2.06,0.0,1.04,528.78,0.0,44064.77
87,0,9,1011.39,0.5969,2.07,0.0,1.3,603.7,0.0,50308.43
87,0,10,1068.57,0.5652,2.11,0.0,1.16,603.93,0.0,50327.18
87,0,11,945.81,0.612,1.81,0.0,1.18,578.82,0.0,48235.13
87,0,13,963.09,0.5728,1.91,0.0,1.22,551.71,0.0,45975.43
87,0,14,942.2,0.5784,2.18,0.0,1.07,544.95,0.0,45412.78
87,1,0,1075.27,0.5567,1.93,0.0,1.12,598.58,0.0,49881.59
87,1,3,1031.09,0.4473,1.96,0.0,0.83,461.16,0.0,38429.6
87,1,4,1082.91,0.5564,1.98,0.0,1.18,602.51,0.0,50208.88
87,1,6,952.98,0.4355,1.9,0.0,0.88,415.04,0.0,34586.5
87,1,7,1012.27,0.5488,1.91,0.0,1.16,555.56,0.0,46296.42
87,1,8,1016.92,0.4555,2.16,0.0,0.85,463.2,0.0,38599.81
87,2,0,979.88,0.4553,1.89,0.0,0.95,446.13,0.0,37177.38
87,2,4,1099.51,0.5904,2.0,0.0,1.25,649.18,0.0,54098.72
87,3,0,918.18,0.5762,1.82,0.0,1.07,529.04,0.0,44086.67
87,3,1,921.93,0.527,2.05,0.0,0.97,485.85,0.0,40487.18
87,3,8,1058.42,0.4474,1.97,0.0,0.82,473.58,0.0,39464.59
87,4,1,912.71,0.6036,1.95,0.0,1.15,550.94,0.0,45911.56
87,4,2,1099.22,0.4484,2.01,0.0,0.94,492.9,0.0,41074.78
87,4,5,1094.22,0.4678,2.14,0.0,0.86,511.85,0.0,42653.83
87,4,6,902.3,0.4718,2.09,0.0,1.03,425.67,0.0,35472.83
87,4,12,1036.34,0.5523,2.01,0.0,1.09,572.39,0.0,47699.46
87,4,13,953.37,0.4931,2.06,0.0,0.93,470.06,0.0,39171.99
87,5,0,922.31,0.5694,1.97,0.0,1.06,525.16,0.0,43763.72
87,5,4,990.74,0.4383,2.18,0.0,0.81,434.26,0.0,36188.5
87,5,11,1075.17,0.4789,1.91,0.0,0.95,514.94,0.0,42912.04
87,5,12,1000.12,0.4515,1.87,0.0,0.82,451.52,0.0,37626.36
87,6,1,1082.53,0.4557,2.15,0.0,0.93,493.32,0.0,41109.91
87,6,4,959.69,0.5703,2.06,0.0,1.1,547.32,0.0,45609.98
87,6,9,1021.79,0.4283,1.86,0.0,0.8,437.6,0.0,36466.89
87,7,0,1052.5,0.4261,2.02,0.0,0.85,448.49,0.0,37374.56
87,7,1,1055.73,0.4462,2.01,0.0,0.91,471.1,0.0,39258.65
87,8,1,900.11,0.4266,1.93,0.0,0.91,383.97,0.0,31997.9
87,8,3,903.9,0.4612,2.17,0.0,0.85,416.86,0.0,34737.93
87,8,10,1075.74,0.6037,2.13,0.0,1.21,649.43,0.0,54118.81
87,8,14,961.5,0.5303,1.82,0.0,0.99,509.9,0.0,42491.92
87,9,0,1075.6,0.5433,2.18,0.0,1.18,584.33,0.0,48694.36
87,9,6,917.13,0.5768,1.99,0.0,1.07,528.97,0.0,44080.43
87,10,0,913.84,0.4437,2.1,0.0,0.88,405.46,0.0,33788.3
87,10,8,1053.17,0.5577,1.85,0.0,1.15,587.37,0.0,48947.29
87,11,0,995.06,0.451,2.02,0.0,0.95,448.74,0.0,37394.88
87,11,5,953.01,0.5983,2.15,0.0,1.16,570.17,0.0,47513.91
87,12,4,984.63,0.619,1.88,0.0,1.34,609.45,0.0,50787.22
87,12,5,1007.86,0.491,2.09,0.0,0.96,494.86,0.0,41238.35
87,13,0,940.23,0.6139,1.92,0.0,1.33,577.24,0.0,48103.23
87,13,4,1099.03,0.5442,2.06,0.0,1.05,598.07,0.0,49839.06
87,14,0,987.62,0.5138,2.01,0.0,1.0,507.43,0.0,42285.43
87,14,8,924.2,0.5019,1.89,0.0,1.04,463.84,0.0,38653.1
88,0,1,953.4,0.5667,2.17,0.0,1.14,540.28,0.0,45023.02
88,0,2,1029.61,0.4855,2.04,0.0,0.93,499.86,0.0,41654.89
88,0,3,934.23,0.5632,2.09,0.0,1.18,526.12,0.0,43843.7
88,0,5,932.68,0.4182,1.95,0.0,0.89,390.06,0.0,32505.07
88,0,7,1097.9,0.4994,2.06,0.0,1.03,548.33,0.0,45694.11
88,0,9,1011.39,0.4165,2.07,0.0,0.75,421.25,0.0,35104.43
88,0,10,1068.57,0.4987,2.11,0.0,0.95,532.85,0.0,44404.45
88,0,11,945.81,0.5032,1.81,0.0,0.97,475.9,0.0,39658.37
88,0,13,963.09,0.4323,1.91,0.0,0.95,416.37,0.0,34697.55
88,0,14,942.2,0.5196,2.18,0.0,1.07,489.56,0.0,40796.36
88,1,0,1075.27,0.595,1.93,0.0,1.2,639.81,0.0,53317.56
88,1,3,1031.09,0.588,1.96,0.0,1.22,606.3,0.0,50524.65
88,1,4,1082.91,0.4915,1.98,0.0,0.91,532.27,0.0,44355.59
88,1,6,952.98,0.4375,1.9,0.0,0.91,416.94,0.0,34745.05
88,1,7,1012.27,0.4469,1.91,0.0,0.92,452.38,0.0,37698.72
88,1,8,1016.92,0.5961,2.16,0.0,1.12,606.17,0.0,50513.98
88,2,0,979.88,0.5343,1.89,0.0,1.04,523.5,0.0,43625.25
88,2,4,1099.51,0.407,2.0,0.0,0.8,447.47,0.0,37289.26
88,3,0,918.18,0.542,1.82,0.0,1.18,497.66,0.0,41471.93
88,3,1,921.93,0.4999,2.05,0.0,0.97,460.87,0.0,38406.1
88,3,8,1058.42,0.4938,1.97,0.0,0.89,522.67,0.0,43555.58
88,4,1,912.71,0.4946,1.95,0.0,1.05,451.47,0.0,37622.36
88,4,2,1099.22,0.5305,2.01,0.0,1.14,583.1,0.0,48591.3
88,4,5,1094.22,0.4829,2.14,0.0,0.93,528.4,0.0,44033.22
88,4,6,902.3,0.4524,2.09,0.0,0.95,408.21,0.0,34017.44
88,4,12,1036.34,0.5705,2.01,0.0,1.25,591.24,0.0,49270.29
88,4,13,953.37,0.4075,2.06,0.0,0.8,388.47,0.0,32372.67
88,5,0,922.31,0.518,1.97,0.0,1.07,477.76,0.0,39813.28
88,5,4,990.74,0.432,2.18,0.0,0.87,428.03,0.0,35669.06
88,5,11,1075.17,0.508,1.91,0.0,1.03,546.15,0.0,45512.9
88,5,12,1000.12,0.5079,1.87,0.0,1.02,507.99,0.0,42332.87
88,6,1,1082.53,0.4211,2.15,0.0,0.9,455.89,0.0,37991.23
88,6,4,959.69,0.5274,2.06,0.0,1.14,506.14,0.0,42178.38
88,6,9,1021.79,0.5111,1.86,0.0,1.11,522.27,0.0,43522.86
88,7,0,1052.5,0.5772,2.02,0.0,1.07,607.49,0.0,50624.16
88,7,1,1055.73,0.4314,2.01,0.0,0.92,455.44,0.0,37953.33
88,8,1,900.11,0.4852,1.93,0.0,0.9,436.69,0.0,36390.86
88,8,3,903.9,0.5285,2.17,0.0,0.98,477.74,0.0,39811.88
88,8,10,1075.74,0.4992,2.13,0.0,0.93,537.03,0.0,44752.9
88,8,14,961.5,0.5208,1.82,0.0,0.96,500.72,0.0,41726.45
88,9,0,1075.6,0.4454,2.18,0.0,0.88,479.02,0.0,39918.27
88,9,6,917.13,0.553,1.99,0.0,1.02,507.19,0.0,42266.19
88,10,0,913.84,0.4206,2.1,0.0,0.83,384.33,0.0,32027.54
88,10,8,1053.17,0.4903,1.85,0.0,1.06,516.35,0.0,43029.15
88,11,0,995.06,0.4572,2.02,0.0,0.9,454.99,0.0,37915.85
88,11,5,953.01,0.4951,2.15,0.0,0.91,471.85,0.0,39320.84
88,12,4,984.63,0.595,1.88,0.0,1.25,585.9,0.0,48824.72
88,12,5,1007.86,0.5475,2.09,0.0,1.1,551.78,0.0,45981.74
88,13,0,940.23,0.5664,1.92,0.0,1.06,532.57,0.0,44380.68
88,13,4,1099.03,0.5407,2.06,0.0,1.05,594.28,0.0,49523.68
88,14,0,987.62,0.6005,2.01,0.0,1.14,593.07,0.0,49422.54
88,14,8,924.2,0.4224,1.89,0.0,0.86,390.39,0.0,32532.26
89,0,1,953.4,0.374,2.17,0.0,0.72,356.58,0.0,29715.19
89,0,2,1029.61,0.4798,2.04,0.0,1.01,494.02,0.0,41168.72
89,0,3,934.23,0.5399,2.09,0.0,0.99,504.41,0.0,42034.23
89,0,5,932.68,0.4195,1.95,0.0,0.8,391.22,0.0,32601.5
89,0,7,1097.9,0.4481,2.06,0.0,0.88,491.97,0.0,40997.75
89,0,9,1011.39,0.3988,2.07,0.0,0.86,403.34,0.0,33611.97
89,0,10,1068.57,0.4399,2.11,0.0,0.85,470.02,0.0,39168.06
89,0,11,945.81,0.475,1.81,0.0,0.97,449.26,0.0,37438.2
89,0,13,963.09,0.5136,1.91,0.0,0.95,494.61,0.0,41217.21
89,0,14,942.2,0.4666,2.18,0.0,0.87,439.64,0.0,36636.51
89,1,0,1075.27,0.4707,1.93,0.0,0.98,506.16,0.0,42180.24
89,1,3,1031.09,0.517,1.96,0.0,1.05,533.1,0.0,44424.7
89,1,4,1082.91,0.5142,1.98,0.0,1.07,556.8,0.0,46399.88
89,1,6,952.98,0.4529,1.9,0.0,0.9,431.59,0.0,35966.18
89,1,7,1012.27,0.3875,1.91,0.0,0.77,392.3,0.0,32691.84
89,1,8,1016.92,0.4185,2.16,0.0,0.79,425.59,0.0,35465.61
89,2,0,979.88,0.4042,1.89,0.0,0.76,396.04,0.0,33003.08
89,2,4,1099.51,0.4931,2.0,0.0,0.9,542.14,0.0,45178.51
89,3,0,918.18,0.4984,1.82,0.0,0.93,457.58,0.0,38132.06
89,3,1,921.93,0.4635,2.05,0.0,0.92,427.34,0.0,35611.63
89,3,8,1058.42,0.3729,1.97,0.0,0.76,394.67,0.0,32889.53
89,4,1,912.71,0.4099,1.95,0.0,0.86,374.1,0.0,31174.73
89,4,2,1099.22,0.5185,2.01,0.0,1.07,569.91,0.0,47492.36
89,4,5,1094.22,0.4393,2.14,0.0,0.93,480.65,0.0,40054.06
89,4,6,902.3,0.4532,2.09,0.0,0.95,408.89,0.0,34074.5
89,4,12,1036.34,0.5309,2.01,0.0,0.96,550.16,0.0,45847.03
89,4,13,953.37,0.4179,2.06,0.0,0.9,398.42,0.0,33201.92
89,5,0,922.31,0.4285,1.97,0.0,0.86,395.16,0.0,32930.33
89,5,4,990.74,0.4498,2.18,0.0,0.89,445.65,0.0,37137.23
89,5,11,1075.17,0.5495,1.91,0.0,1.01,590.76,0.0,49230.28
89,5,12,1000.12,0.4572,1.87,0.0,0.85,457.22,0.0,38101.43
89,6,1,1082.53,0.5467,2.15,0.0,1.0,591.82,0.0,49317.92
89,6,4,959.69,0.4609,2.06,0.0,0.85,442.35,0.0,36862.53
89,6,9,1021.79,0.4877,1.86,0.0,1.03,498.31,0.0,41525.78
89,7,0,1052.5,0.4834,2.02,0.0,0.94,508.73,0.0,42394.14
89,7,1,1055.73,0.504,2.01,0.0,1.06,532.12,0.0,44343.23
89,8,1,900.11,0.5367,1.93,0.0,1.18,483.06,0.0,40255.2
89,8,3,903.9,0.5019,2.17,0.0,1.03,453.66,0.0,37804.71
89,8,10,1075.74,0.5384,2.13,0.0,1.01,579.21,0.0,48267.25
89,8,14,961.5,0.5093,1.82,0.0,0.95,489.68,0.0,40806.38
89,9,0,1075.6,0.4768,2.18,0.0,1.04,512.83,0.0,42735.44
89,9,6,917.13,0.3724,1.99,0.0,0.74,341.54,0.0,28461.33
89,10,0,913.84,0.4371,2.1,0.0,0.85,399.43,0.0,33285.54
89,10,8,1053.17,0.3857,1.85,0.0,0.84,406.17,0.0,33847.58
89,11,0,995.06,0.4757,2.02,0.0,0.89,473.31,0.0,39442.19
89,11,5,953.01,0.4463,2.15,0.0,0.96,425.29,0.0,35441.2
89,12,4,984.63,0.4732,1.88,0.0,0.85,465.95,0.0,38828.79
89,12,5,1007.86,0.4735,2.09,0.0,0.94,477.22,0.0,39768.73
89,13,0,940.23,0.3928,1.92,0.0,0.76,369.31,0.0,30775.74
89,13,4,1099.03,0.5106,2.06,0.0,1.12,561.15,0.0,46762.26
89,14,0,987.62,0.4474,2.01,0.0,0.89,441.9,0.0,36824.62
89,14,8,924.2,0.4144,1.89,0.0,0.84,383.0,0.0,31916.92
90,0,1,953.4,0.4382,2.17,0.0,0.86,417.8,0.0,34816.92
90,0,2,1029.61,0.4331,2.04,0.0,0.85,445.92,0.0,37159.6
90,0,3,934.23,0.5436,2.09,0.0,1.17,507.88,0.0,42323.52
90,0,5,932.68,0.5432,1.95,0.0,1.17,506.65,0.0,42220.88
90,0,7,1097.9,0.541,2.06,0.0,1.04,593.96,0.0,49496.5
90,0,9,1011.39,0.4479,2.07,0.0,0.96,453.04,0.0,37753.26
90,0,10,1068.57,0.4259,2.11,0.0,0.93,455.15,0.0,37929.51
90,0,11,945.81,0.4029,1.81,0.0,0.86,381.09,0.0,31757.62
90,0,13,963.09,0.4192,1.91,0.0,0.76,403.73,0.0,33644.32
90,0,14,942.2,0.4262,2.18,0.0,0.93,401.54,0.0,33461.88
90,1,0,1075.27,0.5135,1.93,0.0,0.98,552.14,0.0,46011.43
90,1,3,1031.09,0.4834,1.96,0.0,1.02,498.41,0.0,41534.03
90,1,4,1082.91,0.5608,1.98,0.0,1.05,607.31,0.0,50609.41
90,1,6,952.98,0.4565,1.9,0.0,0.93,435.01,0.0,36250.78
90,1,7,1012.27,0.4618,1.91,0.0,0.91,467.48,0.0,38956.53
90,1,8,1016.92,0.5055,2.16,0.0,1.05,514.09,0.0,42840.75
90,2,0,979.88,0.5709,1.89,0.0,1.2,559.42,0.0,46618.31
90,2,4,1099.51,0.4062,2.0,0.0,0.87,446.58,0.0,37215.3
90,3,0,918.18,0.4985,1.82,0.0,1.06,457.74,0.0,38145.02
90,3,1,921.93,0.5772,2.05,0.0,1.24,532.1,0.0,44342.07
90,3,8,1058.42,0.5337,1.97,0.0,1.09,564.86,0.0,47071.9
90,4,1,912.71,0.5011,1.95,0.0,1.01,457.37,0.0,38113.81
90,4,2,1099.22,0.4592,2.01,0.0,0.97,504.75,0.0,42062.35
90,4,5,1094.22,0.5259,2.14,0.0,1.08,575.45,0.0,47954.4
90,4,6,902.3,0.4848,2.09,0.0,1.03,437.4,0.0,36450.21
90,4,12,1036.34,0.4284,2.01,0.0,0.84,443.94,0.0,36994.99
90,4,13,953.37,0.5774,2.06,0.0,1.26,550.47,0.0,45872.83
90,5,0,922.31,0.5401,1.97,0.0,1.16,498.17,0.0,41514.41
90,5,4,990.74,0.4139,2.18,0.0,0.78,410.07,0.0,34172.56
90,5,11,1075.17,0.391,1.91,0.0,0.83,420.35,0.0,35029.44
90,5,12,1000.12,0.5525,1.87,0.0,1.12,552.54,0.0,46045.03
90,6,1,1082.53,0.4009,2.15,0.0,0.82,433.96,0.0,36163.56
90,6,4,959.69,0.4102,2.06,0.0,0.87,393.71,0.0,32809.32
90,6,9,1021.79,0.4677,1.86,0.0,0.97,477.91,0.0,39826.15
90,7,0,1052.5,0.4083,2.02,0.0,0.84,429.68,0.0,35806.95
90,7,1,1055.73,0.497,2.01,0.0,1.07,524.65,0.0,43721.14
90,8,1,900.11,0.5164,1.93,0.0,0.96,464.84,0.0,38736.49
90,8,3,903.9,0.5097,2.17,0.0,0.93,460.68,0.0,38389.64
90,8,10,1075.74,0.5219,2.13,0.0,1.0,561.44,0.0,46786.9
90,8,14,961.5,0.407,1.82,0.0,0.79,391.35,0.0,32612.46
90,9,0,1075.6,0.3974,2.18,0.0,0.74,427.43,0.0,35618.95
90,9,6,917.13,0.484,1.99,0.0,0.88,443.88,0.0,36989.81
90,10,0,913.84,0.5418,2.1,0.0,1.08,495.11,0.0,41259.12
90,10,8,1053.17,0.39,1.85,0.0,0.84,410.71,0.0,34225.56
90,11,0,995.06,0.5522,2.02,0.0,1.17,549.47,0.0,45788.77
90,11,5,953.01,0.5285,2.15,0.0,1.05,503.63,0.0,41969.2
90,12,4,984.63,0.5417,1.88,0.0,1.16,533.34,0.0,44445.03
90,12,5,1007.86,0.5549,2.09,0.0,1.13,559.23,0.0,46602.86
90,13,0,940.23,0.4182,1.92,0.0,0.85,393.19,0.0,32765.96
90,13,4,1099.03,0.4213,2.06,0.0,0.77,463.04,0.0,38586.47
90,14,0,987.62,0.4694,2.01,0.0,0.9,463.55,0.0,38628.87
90,14,8,924.2,0.5355,1.89,0.0,1.05,494.89,0.0,41240.55
91,0,1,953.4,0.4093,2.17,0.0,0.82,390.24,0.0,32520.23
91,0,2,1029.61,0.575,2.04,0.0,1.15,592.05,0.0,49337.74
91,0,3,934.23,0.4015,2.09,0.0,0.85,375.06,0.0,31255.36
91,0,5,932.68,0.4926,1.95,0.0,1.05,459.39,0.0,38282.75
91,0,7,1097.9,0.4578,2.06,0.0,0.89,502.59,0.0,41882.5
91,0,9,1011.39,0.5546,2.07,0.0,1.12,560.94,0.0,46744.91
91,0,10,1068.57,0.4153,2.11,0.0,0.85,443.76,0.0,36980.26
91,0,11,945.81,0.5355,1.81,0.0,1.12,506.52,0.0,42210.11
91,0,13,963.09,0.5294,1.91,0.0,1.15,509.86,0.0,42488.03
91,0,14,942.2,0.4819,2.18,0.0,1.01,454.06,0.0,37838.07
91,1,0,1075.27,0.5271,1.93,0.0,1.13,566.73,0.0,47227.75
91,1,3,1031.09,0.5687,1.96,0.0,1.17,586.34,0.0,48861.6
91,1,4,1082.91,0.5702,1.98,0.0,1.09,617.45,0.0,51453.85
91,1,6,952.98,0.5183,1.9,0.0,0.99,493.95,0.0,41162.24
91,1,7,1012.27,0.5878,1.91,0.0,1.06,595.03,0.0,49585.45
91,1,8,1016.92,0.4234,2.16,0.0,0.85,430.56,0.0,35879.82
91,2,0,979.88,0.5684,1.89,0.0,1.06,556.92,0.0,46410.25
91,2,4,1099.51,0.4839,2.0,0.0,0.93,532.01,0.0,44334.21
91,3,0,918.18,0.5544,1.82,0.0,1.03,509.0,0.0,42416.77
91,3,1,921.93,0.5953,2.05,0.0,1.07,548.79,0.0,45732.62
91,3,8,1058.42,0.4666,1.97,0.0,0.98,493.9,0.0,41158.29
91,4,1,912.71,0.5124,1.95,0.0,0.99,467.65,0.0,38971.15
91,4,2,1099.22,0.5098,2.01,0.0,1.05,560.33,0.0,46694.06
91,4,5,1094.22,0.5795,2.14,0.0,1.25,634.09,0.0,52841.2
91,4,6,902.3,0.5417,2.09,0.0,1.04,488.73,0.0,40727.61
91,4,12,1036.34,0.5293,2.01,0.0,1.08,548.55,0.0,45712.57
91,4,13,953.37,0.472,2.06,0.0,0.87,449.99,0.0,37498.83
91,5,0,922.31,0.3996,1.97,0.0,0.74,368.53,0.0,30710.91
91,5,4,990.74,0.5247,2.18,0.0,1.09,519.85,0.0,43320.95
91,5,11,1075.17,0.4769,1.91,0.0,0.87,512.79,0.0,42732.61
91,5,12,1000.12,0.5699,1.87,0.0,1.25,569.96,0.0,47496.51
91,6,1,1082.53,0.4214,2.15,0.0,0.8,456.22,0.0,38018.37
91,6,4,959.69,0.4022,2.06,0.0,0.87,386.02,0.0,32168.4
91,6,9,1021.79,0.4309,1.86,0.0,0.94,440.32,0.0,36693.2
91,7,0,1052.5,0.4887,2.02,0.0,0.89,514.36,0.0,42863.61
91,7,1,1055.73,0.5007,2.01,0.0,0.98,528.56,0.0,44046.82
91,8,1,900.11,0.4436,1.93,0.0,0.89,399.29,0.0,33273.9
91,8,3,903.9,0.4551,2.17,0.0,0.86,411.33,0.0,34277.33
91,8,10,1075.74,0.5961,2.13,0.0,1.13,641.23,0.0,53435.43
91,8,14,961.5,0.4884,1.82,0.0,0.96,469.59,0.0,39132.1
91,9,0,1075.6,0.5667,2.18,0.0,1.13,609.52,0.0,50793.21
91,9,6,917.13,0.5524,1.99,0.0,1.05,506.65,0.0,42221.09
91,10,0,913.84,0.5051,2.1,0.0,1.03,461.54,0.0,38461.46
91,10,8,1053.17,0.4816,1.85,0.0,0.97,507.22,0.0,42268.49
91,11,0,995.06,0.4932,2.02,0.0,1.0,490.72,0.0,40893.39
91,11,5,953.01,0.5859,2.15,0.0,1.06,558.35,0.0,46529.42
91,12,4,984.63,0.482,1.88,0.0,1.04,474.58,0.0,39548.59
91,12,5,1007.86,0.4282,2.09,0.0,0.84,431.54,0.0,35961.87
91,13,0,940.23,0.5715,1.92,0.0,1.12,537.33,0.0,44777.52
91,13,4,1099.03,0.41,2.06,0.0,0.77,450.56,0.0,37546.59
91,14,0,987.62,0.5388,2.01,0.0,1.03,532.11,0.0,44342.52
91,14,8,924.2,0.5442,1.89,0.0,1.11,502.95,0.0,41912.83
92,0,1,953.4,0.539,2.17,0.0,1.07,513.85,0.0,42820.65
92,0,2,1029.61,0.4258,2.04,0.0,0.8,438.38,0.0,36531.93
92,0,3,934.23,0.4007,2.09,0.0,0.88,374.34,0.0,31194.61
92,0,5,932.68,0.5937,1.95,0.0,1.29,553.77,0.0,46147.64
92,0,7,1097.9,0.5178,2.06,0.0,1.09,568.46,0.0,47371.57
92,0,9,1011.39,0.5175,2.07,0.0,1.1,523.43,0.0,43619.27
92,0,10,1068.57,0.4887,2.11,0.0,0.88,522.24,0.0,43519.59
92,0,11,945.81,0.5483,1.81,0.0,1.15,518.57,0.0,43214.06
92,0,13,963.09,0.5861,1.91,0.0,1.08,564.43,0.0,47035.85
92,0,14,942.2,0.5655,2.18,0.0,1.11,532.77,0.0,44397.32
92,1,0,1075.27,0.5073,1.93,0.0,1.01,545.46,0.0,45455.08
92,1,3,1031.09,0.4542,1.96,0.0,0.86,468.37,0.0,39030.81
92,1,4,1082.91,0.4746,1.98,0.0,0.96,513.95,0.0,42828.99
92,1,6,952.98,0.4261,1.9,0.0,0.84,406.1,0.0,33841.41
92,1,7,1012.27,0.4502,1.91,0.0,0.82,455.75,0.0,37978.84
92,1,8,1016.92,0.4827,2.16,0.0,0.92,490.88,0.0,40906.95
92,2,0,979.88,0.4267,1.89,0.0,0.86,418.16,0.0,34846.77
92,2,4,1099.51,0.4972,2.0,0.0,1.05,546.7,0.0,45557.96
92,3,0,918.18,0.4182,1.82,0.0,0.87,383.95,0.0,31996.09
92,3,1,921.93,0.5783,2.05,0.0,1.1,533.18,0.0,44431.63
92,3,8,1058.42,0.5486,1.97,0.0,1.19,580.68,0.0,48389.59
92,4,1,912.71,0.5142,1.95,0.0,1.08,469.29,0.0,39107.24
92,4,2,1099.22,0.3976,2.01,0.0,0.83,437.01,0.0,36417.47
92,4,5,1094.22,0.5102,2.14,0.0,0.97,558.32,0.0,46526.88
92,4,6,902.3,0.483,2.09,0.0,1.04,435.84,0.0,36319.77
92,4,12,1036.34,0.4907,2.01,0.0,1.06,508.57,0.0,42381.07
92,4,13,953.37,0.5109,2.06,0.0,1.0,487.11,0.0,40592.09
92,5,0,922.31,0.4503,1.97,0.0,0.94,415.3,0.0,34608.36
92,5,4,990.74,0.5669,2.18,0.0,1.23,561.68,0.0,46806.82
92,5,11,1075.17,0.5804,1.91,0.0,1.26,624.02,0.0,52001.29
92,5,12,1000.12,0.4226,1.87,0.0,0.87,422.64,0.0,35219.83
92,6,1,1082.53,0.4147,2.15,0.0,0.86,448.92,0.0,37409.81
92,6,4,959.69,0.5431,2.06,0.0,1.01,521.18,0.0,43431.33
92,6,9,1021.79,0.5899,1.86,0.0,1.26,602.77,0.0,50230.81
92,7,0,1052.5,0.4948,2.02,0.0,1.03,520.73,0.0,43394.48
92,7,1,1055.73,0.5481,2.01,0.0,1.1,578.66,0.0,48221.52
92,8,1,900.11,0.41,1.93,0.0,0.88,369.03,0.0,30752.58
92,8,3,903.9,0.5285,2.17,0.0,1.12,477.71,0.0,39809.46
92,8,10,1075.74,0.5611,2.13,0.0,1.22,603.65,0.0,50304.06
92,8,14,961.5,0.4527,1.82,0.0,0.95,435.31,0.0,36276.0
92,9,0,1075.6,0.5469,2.18,0.0,1.09,588.3,0.0,49024.92
92,9,6,917.13,0.5713,1.99,0.0,1.16,524.0,0.0,43666.59
92,10,0,913.84,0.44,2.1,0.0,0.8,402.08,0.0,33506.74
92,10,8,1053.17,0.568,1.85,0.0,1.11,598.19,0.0,49848.86
92,11,0,995.06,0.4044,2.02,0.0,0.77,402.44,0.0,33537.06
92,11,5,953.01,0.4058,2.15,0.0,0.75,386.75,0.0,32229.28
92,12,4,984.63,0.4097,1.88,0.0,0.75,403.36,0.0,33613.0
92,12,5,1007.86,0.4791,2.09,0.0,1.02,482.84,0.0,40236.67
92,13,0,940.23,0.5098,1.92,0.0,0.94,479.32,0.0,39943.23
92,13,4,1099.03,0.5879,2.06,0.0,1.14,646.16,0.0,53846.93
92,14,0,987.62,0.5008,2.01,0.0,1.03,494.62,0.0,41218.05
92,14,8,924.2,0.5366,1.89,0.0,1.03,495.95,0.0,41329.46
93,0,1,953.4,0.4722,2.17,0.0,0.98,450.19,0.0,37515.6
93,0,2,1029.61,0.4538,2.04,0.0,0.93,467.28,0.0,38940.11
93,0,3,934.23,0.6156,2.09,0.0,1.25,575.13,0.0,47927.13
93,0,5,932.68,0.4352,1.95,0.0,0.87,405.88,0.0,33823.41
93,0,7,1097.9,0.4928,2.06,0.0,1.05,541.07,0.0,45089.14
93,0,9,1011.39,0.5104,2.07,0.0,0.94,516.18,0.0,43014.87
93,0,10,1068.57,0.5899,2.11,0.0,1.13,630.39,0.0,52532.34
93,0,11,945.81,0.4811,1.81,0.0,0.98,455.03,0.0,37919.33
93,0,13,963.09,0.5652,1.91,0.0,1.05,544.29,0.0,45357.79
93,0,14,942.2,0.5414,2.18,0.0,1.11,510.08,0.0,42506.4
93,1,0,1075.27,0.4659,1.93,0.0,0.91,500.97,0.0,41747.7
93,1,3,1031.09,0.4905,1.96,0.0,1.05,505.71,0.0,42142.26
93,1,4,1082.91,0.6129,1.98,0.0,1.17,663.73,0.0,55310.87
93,1,6,952.98,0.6134,1.9,0.0,1.31,584.6,0.0,48716.43
93,1,7,1012.27,0.4941,1.91,0.0,1.07,500.2,0.0,41683.72
93,1,8,1016.92,0.4453,2.16,0.0,0.85,452.85,0.0,37737.24
93,2,0,979.88,0.5654,1.89,0.0,1.08,554.0,0.0,46166.62
93,2,4,1099.51,0.6092,2.0,0.0,1.1,669.8,0.0,55816.73
93,3,0,918.18,0.5876,1.82,0.0,1.12,539.52,0.0,44959.92
93,3,1,921.93,0.447,2.05,0.0,0.85,412.14,0.0,34345.11
93,3,8,1058.42,0.5883,1.97,0.0,1.18,622.71,0.0,51892.42
93,4,1,912.71,0.4453,1.95,0.0,0.98,406.47,0.0,33872.33
93,4,2,1099.22,0.5107,2.01,0.0,0.98,561.4,0.0,46782.94
93,4,5,1094.22,0.5398,2.14,0.0,1.13,590.65,0.0,49220.76
93,4,6,902.3,0.4721,2.09,0.0,0.92,426.0,0.0,35499.66
93,4,12,1036.34,0.5904,2.01,0.0,1.14,611.81,0.0,50984.33
93,4,13,953.37,0.5537,2.06,0.0,1.05,527.89,0.0,43990.5
93,5,0,922.31,0.5661,1.97,0.0,1.21,522.09,0.0,43507.78
93,5,4,990.74,0.5885,2.18,0.0,1.29,583.01,0.0,48583.79
93,5,11,1075.17,0.5607,1.91,0.0,1.06,602.8,0.0,50233.7
93,5,12,1000.12,0.5678,1.87,0.0,1.19,567.9,0.0,47325.26
93,6,1,1082.53,0.5125,2.15,0.0,1.07,554.75,0.0,46228.94
93,6,4,959.69,0.5213,2.06,0.0,1.08,500.33,0.0,41693.76
93,6,9,1021.79,0.5736,1.86,0.0,1.12,586.1,0.0,48841.53
93,7,0,1052.5,0.6372,2.02,0.0,1.18,670.68,0.0,55889.96
93,7,1,1055.73,0.4338,2.01,0.0,0.91,457.98,0.0,38165.02
93,8,1,900.11,0.5573,1.93,0.0,1.11,501.61,0.0,41800.59
93,8,3,903.9,0.5036,2.17,0.0,0.99,455.19,0.0,37932.62
93,8,10,1075.74,0.4551,2.13,0.0,0.96,489.59,0.0,40798.96
93,8,14,961.5,0.5624,1.82,0.0,1.05,540.7,0.0,45058.55
93,9,0,1075.6,0.6313,2.18,0.0,1.2,679.02,0.0,56584.78
93,9,6,917.13,0.5725,1.99,0.0,1.1,525.02,0.0,43751.86
93,10,0,913.84,0.4321,2.1,0.0,0.95,394.89,0.0,32907.82
93,10,8,1053.17,0.5148,1.85,0.0,1.03,542.16,0.0,45179.83
93,11,0,995.06,0.5729,2.02,0.0,1.15,570.08,0.0,47507.04
93,11,5,953.01,0.5497,2.15,0.0,1.16,523.83,0.0,43652.58
93,12,4,984.63,0.6212,1.88,0.0,1.2,611.68,0.0,50973.07
93,12,5,1007.86,0.5754,2.09,0.0,1.05,579.97,0.0,48330.47
93,13,0,940.23,0.5014,1.92,0.0,0.96,471.46,0.0,39288.13
93,13,4,1099.03,0.6241,2.06,0.0,1.14,685.94,0.0,57161.81
93,14,0,987.62,0.59,2.01,0.0,1.24,582.66,0.0,48554.65
93,14,8,924.2,0.6004,1.89,0.0,1.28,554.87,0.0,46239.42
94,0,1,953.4,0.5905,2.17,0.0,1.2,562.97,0.0,46914.1
94,0,2,1029.61,0.5681,2.04,0.0,1.14,584.96,0.0,48746.58
94,0,3,934.23,0.5597,2.09,0.0,1.1,522.84,0.0,43570.27
94,0,5,932.68,0.518,1.95,0.0,1.09,483.14,0.0,40261.81
94,0,7,1097.9,0.4794,2.06,0.0,0.94,526.38,0.0,43864.67
94,0,9,1011.39,0.6166,2.07,0.0,1.14,623.67,0.0,51972.67
94,0,10,1068.57,0.5314,2.11,0.0,1.09,567.87,0.0,47322.6
94,0,11,945.81,0.4249,1.81,0.0,0.77,401.88,0.0,33490.39
94,0,13,963.09,0.425,1.91,0.0,0.93,409.34,0.0,34111.94
94,0,14,942.2,0.4709,2.18,0.0,0.98,443.67,0.0,36972.82
94,1,0,1075.27,0.5065,1.93,0.0,0.92,544.62,0.0,45385.15
94,1,3,1031.09,0.5179,1.96,0.0,0.97,533.96,0.0,44496.46
94,1,4,1082.91,0.4276,1.98,0.0,0.94,463.0,0.0,38583.69
94,1,6,952.98,0.4249,1.9,0.0,0.9,404.95,0.0,33746.03
94,1,7,1012.27,0.5194,1.91,0.0,1.06,525.79,0.0,43816.04
94,1,8,1016.92,0.6008,2.16,0.0,1.18,610.94,0.0,50911.95
94,2,0,979.88,0.4926,1.89,0.0,1.05,482.67,0.0,40222.64
94,2,4,1099.51,0.5426,2.0,0.0,1.15,596.6,0.0,49717.05
94,3,0,918.18,0.4653,1.82,0.0,0.85,427.23,0.0,35602.3
94,3,1,921.93,0.585,2.05,0.0,1.23,539.32,0.0,44943.2
94,3,8,1058.42,0.6101,1.97,0.0,1.16,645.7,0.0,53808.54
94,4,1,912.71,0.5938,1.95,0.0,1.25,541.95,0.0,45162.84
94,4,2,1099.22,0.4753,2.01,0.0,0.86,522.43,0.0,43535.68
94,4,5,1094.22,0.5009,2.14,0.0,1.06,548.08,0.0,45673.73
94,4,6,902.3,0.6181,2.09,0.0,1.16,557.68,0.0,46473.57
94,4,12,1036.34,0.4357,2.01,0.0,0.94,451.51,0.0,37625.77
94,4,13,953.37,0.5918,2.06,0.0,1.29,564.25,0.0,47020.7
94,5,0,922.31,0.5594,1.97,0.0,1.12,515.95,0.0,42996.02
94,5,4,990.74,0.5101,2.18,0.0,0.96,505.34,0.0,42111.41
94,5,11,1075.17,0.4835,1.91,0.0,0.92,519.84,0.0,43319.95
94,5,12,1000.12,0.5815,1.87,0.0,1.25,581.59,0.0,48466.05
94,6,1,1082.53,0.5304,2.15,0.0,1.1,574.22,0.0,47851.78
94,6,4,959.69,0.4637,2.06,0.0,0.97,445.05,0.0,37087.75
94,6,9,1021.79,0.5309,1.86,0.0,1.13,542.5,0.0,45208.2
94,7,0,1052.5,0.6147,2.02,0.0,1.17,646.96,0.0,53913.69
94,7,1,1055.73,0.4382,2.01,0.0,0.9,462.61,0.0,38550.47
94,8,1,900.11,0.4454,1.93,0.0,0.81,400.92,0.0,33409.83
94,8,3,903.9,0.5749,2.17,0.0,1.16,519.63,0.0,43302.14
94,8,10,1075.74,0.5287,2.13,0.0,1.07,568.76,0.0,47396.31
94,8,14,961.5,0.6027,1.82,0.0,1.09,579.48,0.0,48289.65
94,9,0,1075.6,0.4986,2.18,0.0,1.0,536.29,0.0,44690.43
94,9,6,917.13,0.4673,1.99,0.0,0.96,428.58,0.0,35714.66
94,10,0,913.84,0.4919,2.1,0.0,0.93,449.53,0.0,37461.1
94,10,8,1053.17,0.4275,1.85,0.0,0.83,450.19,0.0,37515.81
94,11,0,995.06,0.5807,2.02,0.0,1.22,577.8,0.0,48149.69
94,11,5,953.01,0.4173,2.15,0.0,0.9,397.65,0.0,33137.38
94,12,4,984.63,0.5648,1.88,0.0,1.05,556.16,0.0,46346.91
94,12,5,1007.86,0.4236,2.09,0.0,0.76,426.93,0.0,35577.49
94,13,0,940.23,0.615,1.92,0.0,1.27,578.28,0.0,48190.05
94,13,4,1099.03,0.4438,2.06,0.0,0.88,487.75,0.0,40646.08
94,14,0,987.62,0.5597,2.01,0.0,1.03,552.8,0.0,46066.94
94,14,8,924.2,0.5013,1.89,0.0,1.1,463.31,0.0,38609.02
95,0,1,953.4,0.4618,2.17,0.0,0.84,440.25,0.0,36687.13
95,0,2,1029.61,0.3955,2.04,0.0,0.78,407.22,0.0,33934.66
95,0,3,934.23,0.411,2.09,0.0,0.9,383.94,0.0,31994.7
95,0,5,932.68,0.3387,1.95,0.0,0.64,315.94,0.0,26328.07
95,0,7,1097.9,0.3858,2.06,0.0,0.75,423.52,0.0,35292.93
95,0,9,1011.39,0.4202,2.07,0.0,0.89,424.95,0.0,35412.69
95,0,10,1068.57,0.4686,2.11,0.0,1.01,500.79,0.0,41732.11
95,0,11,945.81,0.3888,1.81,0.0,0.78,367.76,0.0,30646.83
95,0,13,963.09,0.4943,1.91,0.0,1.08,476.01,0.0,39667.85
95,0,14,942.2,0.3756,2.18,0.0,0.8,353.87,0.0,29488.78
95,1,0,1075.27,0.49,1.93,0.0,0.99,526.91,0.0,43909.5
95,1,3,1031.09,0.3998,1.96,0.0,0.74,412.18,0.0,34348.6
95,1,4,1082.91,0.4724,1.98,0.0,0.93,511.61,0.0,42633.78
95,1,6,952.98,0.3714,1.9,0.0,0.75,353.92,0.0,29493.34
95,1,7,1012.27,0.4351,1.91,0.0,0.78,440.48,0.0,36706.49
95,1,8,1016.92,0.4326,2.16,0.0,0.78,439.93,0.0,36660.8
95,2,0,979.88,0.4085,1.89,0.0,0.89,400.28,0.0,33356.9
95,2,4,1099.51,0.4082,2.0,0.0,0.76,448.82,0.0,37401.86
95,3,0,918.18,0.3694,1.82,0.0,0.8,339.17,0.0,28264.01
95,3,1,921.93,0.4186,2.05,0.0,0.78,385.91,0.0,32158.95
95,3,8,1058.42,0.3537,1.97,0.0,0.75,374.39,0.0,31199.52
95,4,1,912.71,0.4467,1.95,0.0,0.96,407.74,0.0,33978.5
95,4,2,1099.22,0.4377,2.01,0.0,0.96,481.13,0.0,40093.82
95,4,5,1094.22,0.3731,2.14,0.0,0.79,408.25,0.0,34020.66
95,4,6,902.3,0.4875,2.09,0.0,0.94,439.88,0.0,36656.98
95,4,12,1036.34,0.4865,2.01,0.0,0.88,504.22,0.0,42018.09
95,4,13,953.37,0.4652,2.06,0.0,0.91,443.5,0.0,36958.04
95,5,0,922.31,0.451,1.97,0.0,0.82,415.94,0.0,34661.76
95,5,4,990.74,0.3963,2.18,0.0,0.77,392.61,0.0,32717.66
95,5,11,1075.17,0.4522,1.91,0.0,0.91,486.17,0.0,40514.02
95,5,12,1000.12,0.433,1.87,0.0,0.81,433.05,0.0,36087.28
95,6,1,1082.53,0.3725,2.15,0.0,0.76,403.23,0.0,33602.57
95,6,4,959.69,0.3912,2.06,0.0,0.85,375.47,0.0,31289.52
95,6,9,1021.79,0.3865,1.86,0.0,0.78,394.94,0.0,32912.05
95,7,0,1052.5,0.4009,2.02,0.0,0.81,421.97,0.0,35164.38
95,7,1,1055.73,0.4751,2.01,0.0,0.99,501.63,0.0,41802.12
95,8,1,900.11,0.4616,1.93,0.0,0.84,415.5,0.0,34625.11
95,8,3,903.9,0.4375,2.17,0.0,0.93,395.45,0.0,32953.8
95,8,10,1075.74,0.425,2.13,0.0,0.78,457.15,0.0,38095.76
95,8,14,961.5,0.4161,1.82,0.0,0.84,400.11,0.0,33342.49
95,9,0,1075.6,0.3833,2.18,0.0,0.81,412.25,0.0,34354.47
95,9,6,917.13,0.4304,1.99,0.0,0.78,394.73,0.0,32894.16
95,10,0,913.84,0.4414,2.1,0.0,0.92,403.36,0.0,33613.54
95,10,8,1053.17,0.3334,1.85,0.0,0.71,351.13,0.0,29261.1
95,11,0,995.06,0.4499,2.02,0.0,0.85,447.71,0.0,37308.88
95,11,5,953.01,0.3868,2.15,0.0,0.84,368.6,0.0,30716.33
95,12,4,984.63,0.4771,1.88,0.0,1.04,469.76,0.0,39147.02
95,12,5,1007.86,0.4262,2.09,0.0,0.79,429.54,0.0,35794.93
95,13,0,940.23,0.3683,1.92,0.0,0.77,346.31,0.0,28859.15
95,13,4,1099.03,0.4101,2.06,0.0,0.87,450.71,0.0,37559.45
95,14,0,987.62,0.377,2.01,0.0,0.71,372.33,0.0,31027.19
95,14,8,924.2,0.3727,1.89,0.0,0.79,344.4,0.0,28700.29
96,0,1,953.4,0.4682,2.17,0.0,0.88,446.42,0.0,37201.96
96,0,2,1029.61,0.4254,2.04,0.0,0.84,438.05,0.0,36503.86
96,0,3,934.23,0.4972,2.09,0.0,1.03,464.49,0.0,38707.56
96,0,5,932.68,0.4942,1.95,0.0,0.93,460.95,0.0,38412.21
96,0,7,1097.9,0.3527,2.06,0.0,0.76,387.28,0.0,32273.0
96,0,9,1011.39,0.4713,2.07,0.0,0.9,476.64,0.0,39720.16
96,0,10,1068.57,0.4768,2.11,0.0,0.89,509.46,0.0,42454.76
96,0,11,945.81,0.4308,1.81,0.0,0.85,407.44,0.0,33953.69
96,0,13,963.09,0.3909,1.91,0.0,0.76,376.46,0.0,31371.31
96,0,14,942.2,0.4456,2.18,0.0,0.93,419.87,0.0,34989.52
96,1,0,1075.27,0.3731,1.93,0.0,0.81,401.16,0.0,33429.8
96,1,3,1031.09,0.367,1.96,0.0,0.8,378.39,0.0,31532.77
96,1,4,1082.91,0.3891,1.98,0.0,0.81,421.33,0.0,35111.24
96,1,6,952.98,0.4233,1.9,0.0,0.84,403.41,0.0,33617.9
96,1,7,1012.27,0.4969,1.91,0.0,1.07,502.99,0.0,41916.03
96,1,8,1016.92,0.4579,2.16,0.0,0.92,465.65,0.0,38803.8
96,2,0,979.88,0.392,1.89,0.0,0.73,384.07,0.0,32005.76
96,2,4,1099.51,0.4004,2.0,0.0,0.76,440.2,0.0,36683.41
96,3,0,918.18,0.3694,1.82,0.0,0.79,339.14,0.0,28261.4
96,3,1,921.93,0.3538,2.05,0.0,0.64,326.17,0.0,27181.09
96,3,8,1058.42,0.3809,1.97,0.0,0.78,403.16,0.0,33596.54
96,4,1,912.71,0.3667,1.95,0.0,0.71,334.71,0.0,27892.25
96,4,2,1099.22,0.4267,2.01,0.0,0.81,469.08,0.0,39089.8
96,4,5,1094.22,0.4026,2.14,0.0,0.75,440.52,0.0,36710.13
96,4,6,902.3,0.4829,2.09,0.0,0.92,435.68,0.0,36306.85
96,4,12,1036.34,0.3552,2.01,0.0,0.7,368.1,0.0,30675.12
96,4,13,953.37,0.4417,2.06,0.0,0.82,421.06,0.0,35088.0
96,5,0,922.31,0.4432,1.97,0.0,0.97,408.79,0.0,34066.03
96,5,4,990.74,0.3842,2.18,0.0,0.75,380.69,0.0,31724.14
96,5,11,1075.17,0.4546,1.91,0.0,0.91,488.74,0.0,40728.72
96,5,12,1000.12,0.4422,1.87,0.0,0.92,442.28,0.0,36856.78
96,6,1,1082.53,0.5221,2.15,0.0,1.05,565.19,0.0,47099.39
96,6,4,959.69,0.3836,2.06,0.0,0.78,368.16,0.0,30680.18
96,6,9,1021.79,0.3601,1.86,0.0,0.77,367.99,0.0,30665.87
96,7,0,1052.5,0.4004,2.02,0.0,0.84,421.41,0.0,35117.7
96,7,1,1055.73,0.498,2.01,0.0,1.07,525.76,0.0,43812.92
96,8,1,900.11,0.398,1.93,0.0,0.84,358.23,0.0,29852.87
96,8,3,903.9,0.3581,2.17,0.0,0.74,323.68,0.0,26973.38
96,8,10,1075.74,0.3649,2.13,0.0,0.73,392.51,0.0,32709.29
96,8,14,961.5,0.3953,1.82,0.0,0.71,380.05,0.0,31671.02
96,9,0,1075.6,0.4118,2.18,0.0,0.85,442.91,0.0,36908.98
96,9,6,917.13,0.4655,1.99,0.0,0.93,426.93,0.0,35577.54
96,10,0,913.84,0.3698,2.1,0.0,0.7,337.97,0.0,28164.35
96,10,8,1053.17,0.4618,1.85,0.0,0.85,486.33,0.0,40527.18
96,11,0,995.06,0.3822,2.02,0.0,0.78,380.31,0.0,31692.67
96,11,5,953.01,0.3561,2.15,0.0,0.72,339.41,0.0,28284.07
96,12,4,984.63,0.3836,1.88,0.0,0.69,377.66,0.0,31471.43
96,12,5,1007.86,0.4831,2.09,0.0,0.97,486.94,0.0,40578.4
96,13,0,940.23,0.4165,1.92,0.0,0.78,391.59,0.0,32632.67
96,13,4,1099.03,0.5117,2.06,0.0,0.98,562.35,0.0,46862.87
96,14,0,987.62,0.4282,2.01,0.0,0.92,422.95,0.0,35245.64
96,14,8,924.2,0.4674,1.89,0.0,0.85,431.94,0.0,35994.72
97,0,1,953.4,0.4515,2.17,0.0,0.81,430.43,0.0,35868.8
97,0,2,1029.61,0.4415,2.04,0.0,0.92,454.57,0.0,37880.54
97,0,3,934.23,0.4026,2.09,0.0,0.81,376.12,0.0,31343.57
97,0,5,932.68,0.4517,1.95,0.0,0.97,421.32,0.0,35110.38
97,0,7,1097.9,0.4417,2.06,0.0,0.96,484.96,0.0,40413.1
97,0,9,1011.39,0.3965,2.07,0.0,0.82,401.03,0.0,33419.16
97,0,10,1068.57,0.4505,2.11,0.0,0.95,481.41,0.0,40117.43
97,0,11,945.81,0.4197,1.81,0.0,0.85,397.0,0.0,33083.27
97,0,13,963.09,0.4439,1.91,0.0,0.89,427.53,0.0,35627.63
97,0,14,942.2,0.4267,2.18,0.0,0.92,402.02,0.0,33501.92
97,1,0,1075.27,0.3892,1.93,0.0,0.82,418.52,0.0,34876.83
97,1,3,1031.09,0.3972,1.96,0.0,0.77,409.52,0.0,34126.64
97,1,4,1082.91,0.3439,1.98,0.0,0.75,372.41,0.0,31034.08
97,1,6,952.98,0.397,1.9,0.0,0.74,378.38,0.0,31531.36
97,1,7,1012.27,0.3359,1.91,0.0,0.72,339.98,0.0,28331.52
97,1,8,1016.92,0.3774,2.16,0.0,0.81,383.82,0.0,31985.25
97,2,0,979.88,0.431,1.89,0.0,0.82,422.28,0.0,35190.19
97,2,4,1099.51,0.3478,2.0,0.0,0.66,382.39,0.0,31866.24
97,3,0,918.18,0.3685,1.82,0.0,0.71,338.37,0.0,28197.6
97,3,1,921.93,0.4415,2.05,0.0,0.88,407.03,0.0,33919.0
97,3,8,1058.42,0.4159,1.97,0.0,0.8,440.23,0.0,36685.71
97,4,1,912.71,0.4015,1.95,0.0,0.72,366.42,0.0,30534.62
97,4,2,1099.22,0.3773,2.01,0.0,0.71,414.74,0.0,34561.96
97,4,5,1094.22,0.4759,2.14,0.0,1.02,520.71,0.0,43392.37
97,4,6,902.3,0.424,2.09,0.0,0.85,382.54,0.0,31878.23
97,4,12,1036.34,0.4382,2.01,0.0,0.8,454.16,0.0,37846.37
97,4,13,953.37,0.4293,2.06,0.0,0.79,409.3,0.0,34108.01
97,5,0,922.31,0.3841,1.97,0.0,0.73,354.26,0.0,29521.91
97,5,4,990.74,0.4212,2.18,0.0,0.92,417.26,0.0,34771.71
97,5,11,1075.17,0.3835,1.91,0.0,0.84,412.36,0.0,34363.01
97,5,12,1000.12,0.3661,1.87,0.0,0.66,366.09,0.0,30507.85
97,6,1,1082.53,0.4445,2.15,0.0,0.88,481.23,0.0,40102.6
97,6,4,959.69,0.3778,2.06,0.0,0.8,362.54,0.0,30211.65
97,6,9,1021.79,0.3507,1.86,0.0,0.64,358.31,0.0,29859.07
97,7,0,1052.5,0.4013,2.02,0.0,0.82,422.41,0.0,35200.69
97,7,1,1055.73,0.3741,2.01,0.0,0.68,394.98,0.0,32915.18
97,8,1,900.11,0.353,1.93,0.0,0.72,317.77,0.0,26480.5
97,8,3,903.9,0.4488,2.17,0.0,0.91,405.67,0.0,33806.21
97,8,10,1075.74,0.3627,2.13,0.0,0.76,390.17,0.0,32514.55
97,8,14,961.5,0.4358,1.82,0.0,0.86,419.02,0.0,34918.42
97,9,0,1075.6,0.3984,2.18,0.0,0.78,428.54,0.0,35711.69
97,9,6,917.13,0.3465,1.99,0.0,0.71,317.81,0.0,26483.82
97,10,0,913.84,0.3829,2.1,0.0,0.73,349.88,0.0,29156.29
97,10,8,1053.17,0.4454,1.85,0.0,0.89,469.1,0.0,39091.41
97,11,0,995.06,0.4694,2.02,0.0,0.97,467.11,0.0,38925.83
97,11,5,953.01,0.4051,2.15,0.0,0.77,386.08,0.0,32173.37
97,12,4,984.63,0.3388,1.88,0.0,0.71,333.56,0.0,27796.66
97,12,5,1007.86,0.4407,2.09,0.0,0.95,444.14,0.0,37012.01
97,13,0,940.23,0.346,1.92,0.0,0.66,325.29,0.0,27107.54
97,13,4,1099.03,0.4774,2.06,0.0,0.94,524.68,0.0,43723.1
97,14,0,987.62,0.4271,2.01,0.0,0.88,421.83,0.0,35152.23
97,14,8,924.2,0.3589,1.89,0.0,0.66,331.72,0.0,27643.62
98,0,1,953.4,0.6387,2.17,0.0,1.35,608.94,0.0,50745.14
98,0,2,1029.61,0.5365,2.04,0.0,0.99,552.34,0.0,46028.68
98,0,3,934.23,0.6414,2.09,0.0,1.22,599.19,0.0,49932.49
98,0,5,932.68,0.4907,1.95,0.0,0.99,457.71,0.0,38142.1
98,0,7,1097.9,0.5996,2.06,0.0,1.09,658.26,0.0,54855.14
98,0,9,1011.39,0.5531,2.07,0.0,1.16,559.39,0.0,46616.16
98,0,10,1068.57,0.6176,2.11,0.0,1.12,659.91,0.0,54992.53
98,0,11,945.81,0.5334,1.81,0.0,1.0,504.51,0.0,42042.21
98,0,13,963.09,0.4497,1.91,0.0,0.94,433.11,0.0,36092.91
98,0,14,942.2,0.5464,2.18,0.0,1.17,514.86,0.0,42904.97
98,1,0,1075.27,0.4584,1.93,0.0,0.9,492.89,0.0,41074.4
98,1,3,1031.09,0.626,1.96,0.0,1.37,645.5,0.0,53791.9
98,1,4,1082.91,0.5189,1.98,0.0,1.12,561.98,0.0,46831.29
98,1,6,952.98,0.6631,1.9,0.0,1.25,631.9,0.0,52658.03
98,1,7,1012.27,0.4532,1.91,0.0,0.85,458.71,0.0,38226.07
98,1,8,1016.92,0.6516,2.16,0.0,1.39,662.65,0.0,55220.65
98,2,0,979.88,0.4715,1.89,0.0,0.98,462.06,0.0,38504.63
98,2,4,1099.51,0.6627,2.0,0.0,1.44,728.62,0.0,60718.58
98,3,0,918.18,0.5116,1.82,0.0,0.93,469.78,0.0,39148.31
98,3,1,921.93,0.5641,2.05,0.0,1.14,520.07,0.0,43339.51
98,3,8,1058.42,0.6623,1.97,0.0,1.3,701.01,0.0,58417.71
98,4,1,912.71,0.6345,1.95,0.0,1.27,579.07,0.0,48256.16
98,4,2,1099.22,0.595,2.01,0.0,1.24,654.06,0.0,54504.62
98,4,5,1094.22,0.6193,2.14,0.0,1.28,677.64,0.0,56469.93
98,4,6,902.3,0.6198,2.09,0.0,1.15,559.23,0.0,46602.58
98,4,12,1036.34,0.4919,2.01,0.0,1.06,509.82,0.0,42484.82
98,4,13,953.37,0.5545,2.06,0.0,1.14,528.61,0.0,44050.43
98,5,0,922.31,0.6309,1.97,0.0,1.32,581.91,0.0,48492.19
98,5,4,990.74,0.5896,2.18,0.0,1.2,584.14,0.0,48678.3
98,5,11,1075.17,0.5227,1.91,0.0,1.08,562.04,0.0,46836.34
98,5,12,1000.12,0.6046,1.87,0.0,1.32,604.66,0.0,50388.47
98,6,1,1082.53,0.6412,2.15,0.0,1.36,694.09,0.0,57841.18
98,6,4,959.69,0.5937,2.06,0.0,1.18,569.8,0.0,47483.2
98,6,9,1021.79,0.5312,1.86,0.0,1.0,542.76,0.0,45230.33
98,7,0,1052.5,0.4706,2.02,0.0,0.89,495.29,0.0,41274.48
98,7,1,1055.73,0.5757,2.01,0.0,1.07,607.81,0.0,50651.06
98,8,1,900.11,0.5566,1.93,0.0,1.12,501.04,0.0,41753.48
98,8,3,903.9,0.6008,2.17,0.0,1.1,543.05,0.0,45254.56
98,8,10,1075.74,0.5229,2.13,0.0,1.05,562.54,0.0,46878.2
98,8,14,961.5,0.639,1.82,0.0,1.19,614.37,0.0,51197.62
98,9,0,1075.6,0.504,2.18,0.0,1.08,542.11,0.0,45176.19
98,9,6,917.13,0.6076,1.99,0.0,1.19,557.22,0.0,46435.16
98,10,0,913.84,0.5919,2.1,0.0,1.26,540.95,0.0,45078.85
98,10,8,1053.17,0.6588,1.85,0.0,1.41,693.8,0.0,57816.75
98,11,0,995.06,0.5461,2.02,0.0,1.17,543.35,0.0,45279.4
98,11,5,953.01,0.4878,2.15,0.0,1.07,464.89,0.0,38740.73
98,12,4,984.63,0.4745,1.88,0.0,0.94,467.18,0.0,38931.99
98,12,5,1007.86,0.6396,2.09,0.0,1.33,644.66,0.0,53721.82
98,13,0,940.23,0.6007,1.92,0.0,1.23,564.75,0.0,47062.55
98,13,4,1099.03,0.5589,2.06,0.0,1.21,614.26,0.0,51187.98
98,14,0,987.62,0.4852,2.01,0.0,0.95,479.2,0.0,39933.66
98,14,8,924.2,0.5753,1.89,0.0,1.18,531.67,0.0,44305.99
99,0,1,953.4,0.4824,2.17,0.0,0.97,459.9,0.0,38325.1
99,0,2,1029.61,0.537,2.04,0.0,0.97,552.88,0.0,46073.69
99,0,3,934.23,0.4388,2.09,0.0,0.93,409.99,0.0,34165.49
99,0,5,932.68,0.4757,1.95,0.0,0.89,443.68,0.0,36973.67
99,0,7,1097.9,0.4658,2.06,0.0,0.97,511.4,0.0,42616.93
99,0,9,1011.39,0.5059,2.07,0.0,0.91,511.62,0.0,42634.67
99,0,10,1068.57,0.5601,2.11,0.0,1.07,598.53,0.0,49877.67
99,0,11,945.81,0.4243,1.81,0.0,0.86,401.3,0.0,33441.94
99,0,13,963.09,0.5766,1.91,0.0,1.2,555.33,0.0,46277.46
99,0,14,942.2,0.5379,2.18,0.0,1.16,506.78,0.0,42232.07
99,1,0,1075.27,0.6007,1.93,0.0,1.18,645.96,0.0,53830.1
99,1,3,1031.09,0.5105,1.96,0.0,0.97,526.42,0.0,43868.34
99,1,4,1082.91,0.4242,1.98,0.0,0.82,459.32,0.0,38276.83
99,1,6,952.98,0.5368,1.9,0.0,1.13,511.52,0.0,42626.56
99,1,7,1012.27,0.5629,1.91,0.0,1.2,569.83,0.0,47486.04
99,1,8,1016.92,0.5901,2.16,0.0,1.11,600.05,0.0,50003.84
99,2,0,979.88,0.4179,1.89,0.0,0.87,409.47,0.0,34122.15
99,2,4,1099.51,0.6008,2.0,0.0,1.17,660.54,0.0,55044.65
99,3,0,918.18,0.4074,1.82,0.0,0.77,374.09,0.0,31174.46
99,3,1,921.93,0.5971,2.05,0.0,1.25,550.51,0.0,45876.03
99,3,8,1058.42,0.4998,1.97,0.0,0.95,529.04,0.0,44086.86
99,4,1,912.71,0.5205,1.95,0.0,1.05,475.1,0.0,39592.04
99,4,2,1099.22,0.417,2.01,0.0,0.79,458.37,0.0,38197.77
99,4,5,1094.22,0.6009,2.14,0.0,1.15,657.53,0.0,54794.2
99,4,6,902.3,0.5103,2.09,0.0,0.95,460.48,0.0,38373.52
99,4,12,1036.34,0.4912,2.01,0.0,1.05,509.08,0.0,42423.44
99,4,13,953.37,0.4137,2.06,0.0,0.88,394.39,0.0,32865.79
99,5,0,922.31,0.505,1.97,0.0,1.06,465.76,0.0,38813.28
99,5,4,990.74,0.5311,2.18,0.0,1.1,526.23,0.0,43852.39
99,5,11,1075.17,0.5661,1.91,0.0,1.14,608.68,0.0,50723.45
99,5,12,1000.12,0.5955,1.87,0.0,1.2,595.55,0.0,49629.23
99,6,1,1082.53,0.4349,2.15,0.0,0.89,470.77,0.0,39231.11
99,6,4,959.69,0.5688,2.06,0.0,1.12,545.91,0.0,45492.33
99,6,9,1021.79,0.4184,1.86,0.0,0.77,427.48,0.0,35623.01
99,7,0,1052.5,0.5142,2.02,0.0,0.98,541.18,0.0,45098.59
99,7,1,1055.73,0.4474,2.01,0.0,0.86,472.36,0.0,39363.43
99,8,1,900.11,0.531,1.93,0.0,1.09,477.97,0.0,39830.58
99,8,3,903.9,0.5569,2.17,0.0,1.19,503.38,0.0,41948.34
99,8,10,1075.74,0.4377,2.13,0.0,0.87,470.84,0.0,39236.87
99,8,14,961.5,0.5812,1.82,0.0,1.14,558.8,0.0,46566.51
99,9,0,1075.6,0.5077,2.18,0.0,0.99,546.08,0.0,45506.72
99,9,6,917.13,0.5127,1.99,0.0,1.04,470.2,0.0,39183.05
99,10,0,913.84,0.4685,2.1,0.0,0.97,428.16,0.0,35680.23
99,10,8,1053.17,0.5387,1.85,0.0,1.08,567.35,0.0,47279.39
99,11,0,995.06,0.5865,2.02,0.0,1.12,583.57,0.0,48631.22
99,11,5,953.01,0.5023,2.15,0.0,1.07,478.68,0.0,39889.7
99,12,4,984.63,0.4887,1.88,0.0,0.89,481.23,0.0,40102.22
99,12,5,1007.86,0.4235,2.09,0.0,0.82,426.79,0.0,35566.18
99,13,0,940.23,0.5597,1.92,0.0,1.01,526.27,0.0,43855.72
99,13,4,1099.03,0.5357,2.06,0.0,1.02,588.74,0.0,49061.54
99,14,0,987.62,0.4428,2.01,0.0,0.91,437.36,0.0,36446.59
99,14,8,924.2,0.4467,1.89,0.0,0.92,412.83,0.0,34402.88
